Zone,1,Total
CO2_Price_1,-436.9555870886652,0.0
AnnualSum,6.065747531056881e6,6.065747531056881e6
t1,0.0,0.0
t2,0.0,0.0
t3,0.0,0.0
t4,0.0,0.0
t5,0.0,0.0
t6,0.0,0.0
t7,0.0,0.0
t8,0.0,0.0
t9,0.0,0.0
t10,0.0,0.0
t11,0.0,0.0
t12,0.0,0.0
t13,0.0,0.0
t14,0.0,0.0
t15,0.0,0.0
t16,0.0,0.0
t17,0.0,0.0
t18,0.0,0.0
t19,0.0,0.0
t20,0.0,0.0
t21,0.0,0.0
t22,0.0,0.0
t23,0.0,0.0
t24,0.0,0.0
t25,0.0,0.0
t26,0.0,0.0
t27,0.0,0.0
t28,0.0,0.0
t29,0.0,0.0
t30,0.0,0.0
t31,0.0,0.0
t32,0.0,0.0
t33,0.0,0.0
t34,0.0,0.0
t35,0.0,0.0
t36,0.0,0.0
t37,0.0,0.0
t38,0.0,0.0
t39,0.0,0.0
t40,0.0,0.0
t41,0.0,0.0
t42,0.0,0.0
t43,0.0,0.0
t44,0.0,0.0
t45,0.0,0.0
t46,0.0,0.0
t47,0.0,0.0
t48,0.0,0.0
t49,0.0,0.0
t50,0.0,0.0
t51,0.0,0.0
t52,0.0,0.0
t53,0.0,0.0
t54,0.0,0.0
t55,0.0,0.0
t56,0.0,0.0
t57,0.0,0.0
t58,0.0,0.0
t59,0.0,0.0
t60,0.0,0.0
t61,0.0,0.0
t62,0.0,0.0
t63,0.0,0.0
t64,0.0,0.0
t65,0.0,0.0
t66,0.0,0.0
t67,0.0,0.0
t68,0.0,0.0
t69,0.0,0.0
t70,0.0,0.0
t71,0.0,0.0
t72,0.0,0.0
t73,0.0,0.0
t74,0.0,0.0
t75,0.0,0.0
t76,0.0,0.0
t77,0.0,0.0
t78,0.0,0.0
t79,0.0,0.0
t80,0.0,0.0
t81,0.0,0.0
t82,0.0,0.0
t83,0.0,0.0
t84,0.0,0.0
t85,0.0,0.0
t86,0.0,0.0
t87,0.0,0.0
t88,2957.0550240000002,2957.0550240000002
t89,3252.4453500000004,3252.4453500000004
t90,3252.4453500000004,3252.4453500000004
t91,3252.4453500000004,3252.4453500000004
t92,3252.4453500000004,3252.4453500000004
t93,2274.709563117043,2274.709563117043
t94,1964.354300920002,1964.354300920002
t95,599.6326518000002,599.6326518000002
t96,556.5733072441265,556.5733072441265
t97,1182.7074,1182.7074
t98,507.38147460000005,507.38147460000005
t99,550.6483495414158,550.6483495414158
t100,507.38147460000005,507.38147460000005
t101,507.38147460000005,507.38147460000005
t102,1071.5851656751984,1071.5851656751984
t103,1084.1484500000001,1084.1484500000001
t104,1084.1484500000001,1084.1484500000001
t105,756.932736,756.932736
t106,63.077728,63.077728
t107,0.0,0.0
t108,0.0,0.0
t109,0.0,0.0
t110,0.0,0.0
t111,0.0,0.0
t112,0.0,0.0
t113,0.0,0.0
t114,0.0,0.0
t115,0.0,0.0
t116,1792.1545600000002,1792.1545600000002
t117,922.5117720000002,922.5117720000002
t118,1971.1790000000003,1971.1790000000003
t119,1362.0626443099259,1362.0626443099259
t120,1971.1790000000003,1971.1790000000003
t121,922.5117720000002,922.5117720000002
t122,1222.2910254366075,1222.2910254366075
t123,1971.1790000000003,1971.1790000000003
t124,1971.1790000000003,1971.1790000000003
t125,1971.1790000000003,1971.1790000000003
t126,1971.1790000000003,1971.1790000000003
t127,1971.1790000000003,1971.1790000000003
t128,1353.8057372,1353.8057372
t129,92.2511772,92.2511772
t130,0.0,0.0
t131,0.0,0.0
t132,0.0,0.0
t133,0.0,0.0
t134,0.0,0.0
t135,0.0,0.0
t136,1164.900464,1164.900464
t137,1281.26635,1281.26635
t138,1281.26635,1281.26635
t139,1281.26635,1281.26635
t140,1281.26635,1281.26635
t141,1281.26635,1281.26635
t142,1281.26635,1281.26635
t143,705.5807644532165,705.5807644532165
t144,599.6326518000002,599.6326518000002
t145,599.6326518000002,599.6326518000002
t146,599.6326518000002,599.6326518000002
t147,599.6326518000002,599.6326518000002
t148,599.6326518000002,599.6326518000002
t149,599.6326518000002,599.6326518000002
t150,1281.26635,1281.26635
t151,1281.26635,1281.26635
t152,1281.26635,1281.26635
t153,820.0104640000001,820.0104640000001
t154,0.0,0.0
t155,0.0,0.0
t156,0.0,0.0
t157,0.0,0.0
t158,0.0,0.0
t159,0.0,0.0
t160,0.0,0.0
t161,0.0,0.0
t162,0.0,0.0
t163,0.0,0.0
t164,0.0,0.0
t165,0.0,0.0
t166,0.0,0.0
t167,0.0,0.0
t168,0.0,0.0
t169,0.0,0.0
t170,0.0,0.0
t171,0.0,0.0
t172,0.0,0.0
t173,0.0,0.0
t174,0.0,0.0
t175,0.0,0.0
t176,0.0,0.0
t177,0.0,0.0
t178,0.0,0.0
t179,0.0,0.0
t180,0.0,0.0
t181,0.0,0.0
t182,0.0,0.0
t183,0.0,0.0
t184,0.0,0.0
t185,0.0,0.0
t186,0.0,0.0
t187,0.0,0.0
t188,0.0,0.0
t189,0.0,0.0
t190,0.0,0.0
t191,0.0,0.0
t192,0.0,0.0
t193,0.0,0.0
t194,0.0,0.0
t195,0.0,0.0
t196,0.0,0.0
t197,0.0,0.0
t198,0.0,0.0
t199,0.0,0.0
t200,0.0,0.0
t201,0.0,0.0
t202,0.0,0.0
t203,0.0,0.0
t204,0.0,0.0
t205,0.0,0.0
t206,0.0,0.0
t207,0.0,0.0
t208,0.0,0.0
t209,0.0,0.0
t210,0.0,0.0
t211,0.0,0.0
t212,0.0,0.0
t213,0.0,0.0
t214,0.0,0.0
t215,0.0,0.0
t216,0.0,0.0
t217,0.0,0.0
t218,0.0,0.0
t219,0.0,0.0
t220,0.0,0.0
t221,1380.4561834,1380.4561834
t222,876.3861834000002,876.3861834000002
t223,1595.5665777126935,1595.5665777126935
t224,1872.62005,1872.62005
t225,876.3861834000002,876.3861834000002
t226,876.3861834000002,876.3861834000002
t227,0.0,0.0
t228,0.0,0.0
t229,0.0,0.0
t230,0.0,0.0
t231,0.0,0.0
t232,0.0,0.0
t233,0.0,0.0
t234,0.0,0.0
t235,0.0,0.0
t236,0.0,0.0
t237,0.0,0.0
t238,0.0,0.0
t239,0.0,0.0
t240,0.0,0.0
t241,0.0,0.0
t242,0.0,0.0
t243,0.0,0.0
t244,0.0,0.0
t245,72.6555886,72.6555886
t246,46.1255886,46.1255886
t247,46.1255886,46.1255886
t248,94.28319203283175,94.28319203283175
t249,46.1255886,46.1255886
t250,46.1255886,46.1255886
t251,0.0,0.0
t252,0.0,0.0
t253,0.0,0.0
t254,0.0,0.0
t255,0.0,0.0
t256,0.0,0.0
t257,0.0,0.0
t258,0.0,0.0
t259,0.0,0.0
t260,0.0,0.0
t261,0.0,0.0
t262,0.0,0.0
t263,0.0,0.0
t264,0.0,0.0
t265,0.0,0.0
t266,0.0,0.0
t267,0.0,0.0
t268,0.0,0.0
t269,0.0,0.0
t270,0.0,0.0
t271,0.0,0.0
t272,0.0,0.0
t273,0.0,0.0
t274,0.0,0.0
t275,0.0,0.0
t276,0.0,0.0
t277,0.0,0.0
t278,0.0,0.0
t279,0.0,0.0
t280,0.0,0.0
t281,0.0,0.0
t282,0.0,0.0
t283,0.0,0.0
t284,0.0,0.0
t285,0.0,0.0
t286,0.0,0.0
t287,0.0,0.0
t288,2223.067322223276,2223.067322223276
t289,2089.770578690511,2089.770578690511
t290,2858.20955,2858.20955
t291,2858.20955,2858.20955
t292,2858.20955,2858.20955
t293,2858.20955,2858.20955
t294,2858.20955,2858.20955
t295,2858.20955,2858.20955
t296,2858.20955,2858.20955
t297,2858.20955,2858.20955
t298,2858.20955,2858.20955
t299,2392.838832063658,2392.838832063658
t300,563.5847200636582,563.5847200636582
t301,369.0047088,369.0047088
t302,369.0047088,369.0047088
t303,369.0047088,369.0047088
t304,369.0047088,369.0047088
t305,369.0047088,369.0047088
t306,788.4716000000001,788.4716000000001
t307,369.0047088,369.0047088
t308,369.0047088,369.0047088
t309,788.4716000000001,788.4716000000001
t310,788.4716000000001,788.4716000000001
t311,788.4716000000001,788.4716000000001
t312,504.621824,504.621824
t313,0.0,0.0
t314,0.0,0.0
t315,0.0,0.0
t316,0.0,0.0
t317,0.0,0.0
t318,0.0,0.0
t319,0.0,0.0
t320,0.0,0.0
t321,0.0,0.0
t322,0.0,0.0
t323,0.0,0.0
t324,0.0,0.0
t325,0.0,0.0
t326,0.0,0.0
t327,0.0,0.0
t328,0.0,0.0
t329,0.0,0.0
t330,0.0,0.0
t331,0.0,0.0
t332,0.0,0.0
t333,0.0,0.0
t334,0.0,0.0
t335,0.0,0.0
t336,0.0,0.0
t337,0.0,0.0
t338,0.0,0.0
t339,0.0,0.0
t340,0.0,0.0
t341,0.0,0.0
t342,0.0,0.0
t343,0.0,0.0
t344,0.0,0.0
t345,0.0,0.0
t346,0.0,0.0
t347,0.0,0.0
t348,0.0,0.0
t349,0.0,0.0
t350,0.0,0.0
t351,0.0,0.0
t352,0.0,0.0
t353,72.6555886,72.6555886
t354,136.65609017707274,136.65609017707274
t355,92.2511772,92.2511772
t356,92.2511772,92.2511772
t357,197.11790000000002,197.11790000000002
t358,92.2511772,92.2511772
t359,46.1255886,46.1255886
t360,0.0,0.0
t361,0.0,0.0
t362,0.0,0.0
t363,0.0,0.0
t364,0.0,0.0
t365,0.0,0.0
t366,0.0,0.0
t367,0.0,0.0
t368,0.0,0.0
t369,0.0,0.0
t370,0.0,0.0
t371,0.0,0.0
t372,0.0,0.0
t373,0.0,0.0
t374,0.0,0.0
t375,0.0,0.0
t376,0.0,0.0
t377,0.0,0.0
t378,0.0,0.0
t379,0.0,0.0
t380,0.0,0.0
t381,0.0,0.0
t382,0.0,0.0
t383,0.0,0.0
t384,0.0,0.0
t385,0.0,0.0
t386,0.0,0.0
t387,508.5891202,508.5891202
t388,513.8427346185755,513.8427346185755
t389,689.91265,689.91265
t390,689.91265,689.91265
t391,689.91265,689.91265
t392,689.91265,689.91265
t393,322.87912020000005,322.87912020000005
t394,0.0,0.0
t395,0.0,0.0
t396,0.0,0.0
t397,0.0,0.0
t398,0.0,0.0
t399,0.0,0.0
t400,0.0,0.0
t401,0.0,0.0
t402,1017.1782404,1017.1782404
t403,2167.930228711934,2167.930228711934
t404,2983.2985000000003,2983.2985000000003
t405,2956.7685,2956.7685
t406,2956.7685,2956.7685
t407,2956.7685,2956.7685
t408,2956.7685,2956.7685
t409,2956.7685,2956.7685
t410,2956.7685,2956.7685
t411,2956.7685,2956.7685
t412,2956.7685,2956.7685
t413,2956.7685,2956.7685
t414,2956.7685,2956.7685
t415,2956.7685,2956.7685
t416,2956.7685,2956.7685
t417,1337.6420694,1337.6420694
t418,968.6373606000002,968.6373606000002
t419,968.6373606000002,968.6373606000002
t420,968.6373606000002,968.6373606000002
t421,968.6373606000002,968.6373606000002
t422,968.6373606000002,968.6373606000002
t423,968.6373606000002,968.6373606000002
t424,968.6373606000002,968.6373606000002
t425,968.6373606000002,968.6373606000002
t426,2069.7379499999997,2069.7379499999997
t427,2069.7379499999997,2069.7379499999997
t428,2069.7379499999997,2069.7379499999997
t429,2069.7379499999997,2069.7379499999997
t430,968.6373606000002,968.6373606000002
t431,968.6373606000002,968.6373606000002
t432,968.6373606000002,968.6373606000002
t433,968.6373606000002,968.6373606000002
t434,968.6373606000002,968.6373606000002
t435,968.6373606000002,968.6373606000002
t436,1572.6314164617324,1572.6314164617324
t437,2069.7379499999997,2069.7379499999997
t438,2069.7379499999997,2069.7379499999997
t439,2069.7379499999997,2069.7379499999997
t440,968.6373606000002,968.6373606000002
t441,968.6373606000002,968.6373606000002
t442,968.6373606000002,968.6373606000002
t443,968.6373606000002,968.6373606000002
t444,968.6373606000002,968.6373606000002
t445,968.6373606000002,968.6373606000002
t446,968.6373606000002,968.6373606000002
t447,968.6373606000002,968.6373606000002
t448,1126.9852960748171,1126.9852960748171
t449,2069.7379499999997,2069.7379499999997
t450,2069.7379499999997,2069.7379499999997
t451,2069.7379499999997,2069.7379499999997
t452,2069.7379499999997,2069.7379499999997
t453,2069.7379499999997,2069.7379499999997
t454,1878.1393512000002,1878.1393512000002
t455,553.5070632000001,553.5070632000001
t456,46.1255886,46.1255886
t457,46.1255886,46.1255886
t458,46.1255886,46.1255886
t459,98.55895000000001,98.55895000000001
t460,98.55895000000001,98.55895000000001
t461,98.55895000000001,98.55895000000001
t462,98.55895000000001,98.55895000000001
t463,98.55895000000001,98.55895000000001
t464,98.55895000000001,98.55895000000001
t465,63.077728,63.077728
t466,0.0,0.0
t467,0.0,0.0
t468,0.0,0.0
t469,0.0,0.0
t470,0.0,0.0
t471,0.0,0.0
t472,0.0,0.0
t473,0.0,0.0
t474,0.0,0.0
t475,0.0,0.0
t476,0.0,0.0
t477,0.0,0.0
t478,0.0,0.0
t479,0.0,0.0
t480,0.0,0.0
t481,0.0,0.0
t482,0.0,0.0
t483,0.0,0.0
t484,0.0,0.0
t485,0.0,0.0
t486,0.0,0.0
t487,0.0,0.0
t488,0.0,0.0
t489,0.0,0.0
t490,0.0,0.0
t491,0.0,0.0
t492,0.0,0.0
t493,0.0,0.0
t494,0.0,0.0
t495,0.0,0.0
t496,0.0,0.0
t497,0.0,0.0
t498,0.0,0.0
t499,0.0,0.0
t500,0.0,0.0
t501,0.0,0.0
t502,0.0,0.0
t503,0.0,0.0
t504,0.0,0.0
t505,0.0,0.0
t506,0.0,0.0
t507,0.0,0.0
t508,0.0,0.0
t509,0.0,0.0
t510,0.0,0.0
t511,0.0,0.0
t512,0.0,0.0
t513,0.0,0.0
t514,0.0,0.0
t515,0.0,0.0
t516,0.0,0.0
t517,0.0,0.0
t518,0.0,0.0
t519,0.0,0.0
t520,0.0,0.0
t521,0.0,0.0
t522,0.0,0.0
t523,146.93641836692854,146.93641836692854
t524,1363.7779953596062,1363.7779953596062
t525,691.8838290000001,691.8838290000001
t526,1478.38425,1478.38425
t527,691.8838290000001,691.8838290000001
t528,691.8838290000001,691.8838290000001
t529,1478.38425,1478.38425
t530,1478.38425,1478.38425
t531,1478.38425,1478.38425
t532,1478.38425,1478.38425
t533,1478.38425,1478.38425
t534,1478.38425,1478.38425
t535,1453.5473946000002,1453.5473946000002
t536,507.38147460000005,507.38147460000005
t537,138.37676580000002,138.37676580000002
t538,0.0,0.0
t539,0.0,0.0
t540,0.0,0.0
t541,0.0,0.0
t542,0.0,0.0
t543,0.0,0.0
t544,0.0,0.0
t545,0.0,0.0
t546,0.0,0.0
t547,0.0,0.0
t548,0.0,0.0
t549,0.0,0.0
t550,0.0,0.0
t551,0.0,0.0
t552,0.0,0.0
t553,0.0,0.0
t554,0.0,0.0
t555,0.0,0.0
t556,0.0,0.0
t557,0.0,0.0
t558,0.0,0.0
t559,0.0,0.0
t560,0.0,0.0
t561,0.0,0.0
t562,0.0,0.0
t563,0.0,0.0
t564,0.0,0.0
t565,0.0,0.0
t566,0.0,0.0
t567,0.0,0.0
t568,0.0,0.0
t569,0.0,0.0
t570,0.0,0.0
t571,0.0,0.0
t572,0.0,0.0
t573,0.0,0.0
t574,0.0,0.0
t575,0.0,0.0
t576,0.0,0.0
t577,0.0,0.0
t578,0.0,0.0
t579,0.0,0.0
t580,0.0,0.0
t581,0.0,0.0
t582,0.0,0.0
t583,0.0,0.0
t584,0.0,0.0
t585,0.0,0.0
t586,0.0,0.0
t587,0.0,0.0
t588,0.0,0.0
t589,0.0,0.0
t590,0.0,0.0
t591,0.0,0.0
t592,0.0,0.0
t593,0.0,0.0
t594,0.0,0.0
t595,0.0,0.0
t596,0.0,0.0
t597,0.0,0.0
t598,0.0,0.0
t599,0.0,0.0
t600,0.0,0.0
t601,0.0,0.0
t602,0.0,0.0
t603,0.0,0.0
t604,0.0,0.0
t605,0.0,0.0
t606,0.0,0.0
t607,0.0,0.0
t608,0.0,0.0
t609,0.0,0.0
t610,0.0,0.0
t611,0.0,0.0
t612,0.0,0.0
t613,0.0,0.0
t614,0.0,0.0
t615,0.0,0.0
t616,0.0,0.0
t617,0.0,0.0
t618,0.0,0.0
t619,0.0,0.0
t620,0.0,0.0
t621,0.0,0.0
t622,0.0,0.0
t623,0.0,0.0
t624,0.0,0.0
t625,0.0,0.0
t626,0.0,0.0
t627,0.0,0.0
t628,0.0,0.0
t629,0.0,0.0
t630,0.0,0.0
t631,0.0,0.0
t632,0.0,0.0
t633,0.0,0.0
t634,0.0,0.0
t635,0.0,0.0
t636,0.0,0.0
t637,0.0,0.0
t638,0.0,0.0
t639,0.0,0.0
t640,0.0,0.0
t641,600.9328226121746,600.9328226121746
t642,2653.5829238291626,2653.5829238291626
t643,2956.7685,2956.7685
t644,2956.7685,2956.7685
t645,2956.7685,2956.7685
t646,2956.7685,2956.7685
t647,2956.7685,2956.7685
t648,2956.7685,2956.7685
t649,2765.94655814112,2765.94655814112
t650,1980.0234174505763,1980.0234174505763
t651,2845.7788685325118,2845.7788685325118
t652,2831.6559228424076,2831.6559228424076
t653,2945.893079219078,2945.893079219078
t654,2956.7685,2956.7685
t655,2956.7685,2956.7685
t656,2956.7685,2956.7685
t657,2406.6675628494722,2406.6675628494722
t658,1496.8525710024505,1496.8525710024505
t659,1383.7676580000002,1383.7676580000002
t660,1383.7676580000002,1383.7676580000002
t661,1383.7676580000002,1383.7676580000002
t662,1383.7676580000002,1383.7676580000002
t663,1383.7676580000002,1383.7676580000002
t664,1383.7676580000002,1383.7676580000002
t665,1892.8565967750867,1892.8565967750867
t666,2956.7685,2956.7685
t667,2956.7685,2956.7685
t668,2956.7685,2956.7685
t669,2956.7685,2956.7685
t670,2956.7685,2956.7685
t671,2956.7685,2956.7685
t672,1204.6212358506425,1204.6212358506425
t673,0.0,0.0
t674,0.0,0.0
t675,0.0,0.0
t676,0.0,0.0
t677,0.0,0.0
t678,0.0,0.0
t679,0.0,0.0
t680,0.0,0.0
t681,0.0,0.0
t682,0.0,0.0
t683,0.0,0.0
t684,0.0,0.0
t685,0.0,0.0
t686,0.0,0.0
t687,0.0,0.0
t688,0.0,0.0
t689,0.0,0.0
t690,0.0,0.0
t691,0.0,0.0
t692,0.0,0.0
t693,0.0,0.0
t694,0.0,0.0
t695,0.0,0.0
t696,0.0,0.0
t697,0.0,0.0
t698,0.0,0.0
t699,0.0,0.0
t700,0.0,0.0
t701,0.0,0.0
t702,0.0,0.0
t703,0.0,0.0
t704,0.0,0.0
t705,0.0,0.0
t706,0.0,0.0
t707,0.0,0.0
t708,0.0,0.0
t709,0.0,0.0
t710,0.0,0.0
t711,0.0,0.0
t712,0.0,0.0
t713,0.0,0.0
t714,0.0,0.0
t715,0.0,0.0
t716,0.0,0.0
t717,0.0,0.0
t718,0.0,0.0
t719,0.0,0.0
t720,0.0,0.0
t721,0.0,0.0
t722,0.0,0.0
t723,0.0,0.0
t724,0.0,0.0
t725,0.0,0.0
t726,0.0,0.0
t727,0.0,0.0
t728,0.0,0.0
t729,0.0,0.0
t730,0.0,0.0
t731,0.0,0.0
t732,0.0,0.0
t733,0.0,0.0
t734,0.0,0.0
t735,0.0,0.0
t736,0.0,0.0
t737,0.0,0.0
t738,0.0,0.0
t739,0.0,0.0
t740,0.0,0.0
t741,0.0,0.0
t742,0.0,0.0
t743,0.0,0.0
t744,0.0,0.0
t745,0.0,0.0
t746,0.0,0.0
t747,0.0,0.0
t748,0.0,0.0
t749,0.0,0.0
t750,0.0,0.0
t751,0.0,0.0
t752,0.0,0.0
t753,0.0,0.0
t754,0.0,0.0
t755,0.0,0.0
t756,0.0,0.0
t757,0.0,0.0
t758,0.0,0.0
t759,0.0,0.0
t760,0.0,0.0
t761,0.0,0.0
t762,0.0,0.0
t763,1254.508192,1254.508192
t764,1379.8253,1379.8253
t765,1379.8253,1379.8253
t766,1379.8253,1379.8253
t767,1379.8253,1379.8253
t768,883.088192,883.088192
t769,0.0,0.0
t770,0.0,0.0
t771,0.0,0.0
t772,0.0,0.0
t773,0.0,0.0
t774,0.0,0.0
t775,0.0,0.0
t776,0.0,0.0
t777,0.0,0.0
t778,0.0,0.0
t779,0.0,0.0
t780,0.0,0.0
t781,0.0,0.0
t782,0.0,0.0
t783,0.0,0.0
t784,0.0,0.0
t785,0.0,0.0
t786,0.0,0.0
t787,0.0,0.0
t788,0.0,0.0
t789,0.0,0.0
t790,0.0,0.0
t791,0.0,0.0
t792,0.0,0.0
t793,0.0,0.0
t794,0.0,0.0
t795,0.0,0.0
t796,0.0,0.0
t797,0.0,0.0
t798,0.0,0.0
t799,0.0,0.0
t800,0.0,0.0
t801,0.0,0.0
t802,0.0,0.0
t803,0.0,0.0
t804,0.0,0.0
t805,0.0,0.0
t806,0.0,0.0
t807,0.0,0.0
t808,0.0,0.0
t809,0.0,0.0
t810,0.0,0.0
t811,0.0,0.0
t812,0.0,0.0
t813,0.0,0.0
t814,0.0,0.0
t815,0.0,0.0
t816,0.0,0.0
t817,0.0,0.0
t818,0.0,0.0
t819,0.0,0.0
t820,0.0,0.0
t821,0.0,0.0
t822,0.0,0.0
t823,0.0,0.0
t824,0.0,0.0
t825,0.0,0.0
t826,0.0,0.0
t827,0.0,0.0
t828,0.0,0.0
t829,0.0,0.0
t830,0.0,0.0
t831,0.0,0.0
t832,0.0,0.0
t833,0.0,0.0
t834,0.0,0.0
t835,0.0,0.0
t836,0.0,0.0
t837,0.0,0.0
t838,0.0,0.0
t839,0.0,0.0
t840,0.0,0.0
t841,0.0,0.0
t842,0.0,0.0
t843,0.0,0.0
t844,0.0,0.0
t845,0.0,0.0
t846,0.0,0.0
t847,0.0,0.0
t848,0.0,0.0
t849,0.0,0.0
t850,0.0,0.0
t851,0.0,0.0
t852,0.0,0.0
t853,0.0,0.0
t854,0.0,0.0
t855,0.0,0.0
t856,0.0,0.0
t857,0.0,0.0
t858,0.0,0.0
t859,0.0,0.0
t860,0.0,0.0
t861,0.0,0.0
t862,0.0,0.0
t863,0.0,0.0
t864,0.0,0.0
t865,0.0,0.0
t866,0.0,0.0
t867,0.0,0.0
t868,0.0,0.0
t869,0.0,0.0
t870,0.0,0.0
t871,0.0,0.0
t872,0.0,0.0
t873,0.0,0.0
t874,0.0,0.0
t875,0.0,0.0
t876,0.0,0.0
t877,0.0,0.0
t878,0.0,0.0
t879,0.0,0.0
t880,0.0,0.0
t881,0.0,0.0
t882,0.0,0.0
t883,0.0,0.0
t884,232.44535747611644,232.44535747611644
t885,790.1271814761164,790.1271814761164
t886,960.8840291795365,960.8840291795365
t887,1281.26635,1281.26635
t888,1281.26635,1281.26635
t889,685.7303892735589,685.7303892735589
t890,599.6326518000002,599.6326518000002
t891,599.6326518000002,599.6326518000002
t892,1097.7932047102163,1097.7932047102163
t893,1281.26635,1281.26635
t894,1281.26635,1281.26635
t895,1281.26635,1281.26635
t896,883.1041379978384,883.1041379978384
t897,1281.26635,1281.26635
t898,1281.26635,1281.26635
t899,1281.26635,1281.26635
t900,1281.26635,1281.26635
t901,1281.26635,1281.26635
t902,1281.26635,1281.26635
t903,1281.26635,1281.26635
t904,1281.26635,1281.26635
t905,1281.26635,1281.26635
t906,1281.26635,1281.26635
t907,1281.26635,1281.26635
t908,820.0104640000001,820.0104640000001
t909,0.0,0.0
t910,0.0,0.0
t911,0.0,0.0
t912,0.0,0.0
t913,0.0,0.0
t914,0.0,0.0
t915,0.0,0.0
t916,0.0,0.0
t917,0.0,0.0
t918,0.0,0.0
t919,0.0,0.0
t920,0.0,0.0
t921,0.0,0.0
t922,0.0,0.0
t923,0.0,0.0
t924,0.0,0.0
t925,0.0,0.0
t926,0.0,0.0
t927,0.0,0.0
t928,0.0,0.0
t929,1164.900464,1164.900464
t930,1281.26635,1281.26635
t931,1281.26635,1281.26635
t932,599.6326518000002,599.6326518000002
t933,1043.3454028185927,1043.3454028185927
t934,1281.26635,1281.26635
t935,1281.26635,1281.26635
t936,862.9193214072095,862.9193214072095
t937,1281.26635,1281.26635
t938,1281.26635,1281.26635
t939,1281.26635,1281.26635
t940,1281.26635,1281.26635
t941,820.0104640000001,820.0104640000001
t942,0.0,0.0
t943,0.0,0.0
t944,0.0,0.0
t945,0.0,0.0
t946,0.0,0.0
t947,0.0,0.0
t948,0.0,0.0
t949,0.0,0.0
t950,0.0,0.0
t951,0.0,0.0
t952,0.0,0.0
t953,0.0,0.0
t954,0.0,0.0
t955,0.0,0.0
t956,0.0,0.0
t957,0.0,0.0
t958,0.0,0.0
t959,0.0,0.0
t960,0.0,0.0
t961,0.0,0.0
t962,0.0,0.0
t963,0.0,0.0
t964,0.0,0.0
t965,0.0,0.0
t966,0.0,0.0
t967,0.0,0.0
t968,0.0,0.0
t969,0.0,0.0
t970,0.0,0.0
t971,0.0,0.0
t972,0.0,0.0
t973,0.0,0.0
t974,0.0,0.0
t975,0.0,0.0
t976,0.0,0.0
t977,0.0,0.0
t978,0.0,0.0
t979,0.0,0.0
t980,0.0,0.0
t981,1235.1450062000001,1235.1450062000001
t982,1244.295341605497,1244.295341605497
t983,2050.7690000000002,2050.7690000000002
t984,1971.1790000000003,1971.1790000000003
t985,1971.1790000000003,1971.1790000000003
t986,1971.1790000000003,1971.1790000000003
t987,1971.1790000000003,1971.1790000000003
t988,1971.1790000000003,1971.1790000000003
t989,1971.1790000000003,1971.1790000000003
t990,1834.329087470319,1834.329087470319
t991,1971.1790000000003,1971.1790000000003
t992,922.5117720000002,922.5117720000002
t993,0.0,0.0
t994,0.0,0.0
t995,0.0,0.0
t996,0.0,0.0
t997,0.0,0.0
t998,0.0,0.0
t999,0.0,0.0
t1000,0.0,0.0
t1001,0.0,0.0
t1002,0.0,0.0
t1003,0.0,0.0
t1004,0.0,0.0
t1005,0.0,0.0
t1006,0.0,0.0
t1007,0.0,0.0
t1008,0.0,0.0
t1009,0.0,0.0
t1010,0.0,0.0
t1011,0.0,0.0
t1012,0.0,0.0
t1013,0.0,0.0
t1014,0.0,0.0
t1015,0.0,0.0
t1016,0.0,0.0
t1017,0.0,0.0
t1018,0.0,0.0
t1019,0.0,0.0
t1020,0.0,0.0
t1021,0.0,0.0
t1022,0.0,0.0
t1023,0.0,0.0
t1024,0.0,0.0
t1025,89.607728,89.607728
t1026,753.4095520000001,753.4095520000001
t1027,788.4716000000001,788.4716000000001
t1028,788.4716000000001,788.4716000000001
t1029,788.4716000000001,788.4716000000001
t1030,369.0047088,369.0047088
t1031,474.34659130632576,474.34659130632576
t1032,788.4716000000001,788.4716000000001
t1033,788.4716000000001,788.4716000000001
t1034,783.8201573601307,783.8201573601307
t1035,369.0047088,369.0047088
t1036,369.0047088,369.0047088
t1037,690.6197455353736,690.6197455353736
t1038,369.0047088,369.0047088
t1039,788.4716000000001,788.4716000000001
t1040,788.4716000000001,788.4716000000001
t1041,788.4716000000001,788.4716000000001
t1042,369.0047088,369.0047088
t1043,369.0047088,369.0047088
t1044,369.0047088,369.0047088
t1045,369.0047088,369.0047088
t1046,369.0047088,369.0047088
t1047,369.0047088,369.0047088
t1048,369.0047088,369.0047088
t1049,1499.1691608073093,1499.1691608073093
t1050,2642.1227000000003,2642.1227000000003
t1051,2562.5327,2562.5327
t1052,2562.5327,2562.5327
t1053,2562.5327,2562.5327
t1054,2562.5327,2562.5327
t1055,2562.5327,2562.5327
t1056,2562.5327,2562.5327
t1057,2562.5327,2562.5327
t1058,2562.5327,2562.5327
t1059,2562.5327,2562.5327
t1060,2327.428648968013,2327.428648968013
t1061,2510.3681695429655,2510.3681695429655
t1062,1904.6679269788476,1904.6679269788476
t1063,2562.5327,2562.5327
t1064,2562.5327,2562.5327
t1065,1788.327242443435,1788.327242443435
t1066,1199.2653036000004,1199.2653036000004
t1067,1199.2653036000004,1199.2653036000004
t1068,1199.2653036000004,1199.2653036000004
t1069,1199.2653036000004,1199.2653036000004
t1070,1199.2653036000004,1199.2653036000004
t1071,1199.2653036000004,1199.2653036000004
t1072,1291.8699208729845,1291.8699208729845
t1073,2562.5327,2562.5327
t1074,2562.5327,2562.5327
t1075,2562.5327,2562.5327
t1076,2562.5327,2562.5327
t1077,2562.5327,2562.5327
t1078,1199.2653036000004,1199.2653036000004
t1079,2193.5279912,2193.5279912
t1080,553.5070632000001,553.5070632000001
t1081,553.5070632000001,553.5070632000001
t1082,553.5070632000001,553.5070632000001
t1083,553.5070632000001,553.5070632000001
t1084,553.5070632000001,553.5070632000001
t1085,553.5070632000001,553.5070632000001
t1086,553.5070632000001,553.5070632000001
t1087,553.5070632000001,553.5070632000001
t1088,1182.7074,1182.7074
t1089,1124.5520033871787,1124.5520033871787
t1090,553.5070632000001,553.5070632000001
t1091,553.5070632000001,553.5070632000001
t1092,553.5070632000001,553.5070632000001
t1093,553.5070632000001,553.5070632000001
t1094,553.5070632000001,553.5070632000001
t1095,697.9936803343113,697.9936803343113
t1096,1717.9474299639455,1717.9474299639455
t1097,1971.1790000000003,1971.1790000000003
t1098,1971.1790000000003,1971.1790000000003
t1099,1971.1790000000003,1971.1790000000003
t1100,1971.1790000000003,1971.1790000000003
t1101,1971.1790000000003,1971.1790000000003
t1102,1971.1790000000003,1971.1790000000003
t1103,1971.1790000000003,1971.1790000000003
t1104,876.3861834000002,876.3861834000002
t1105,276.75353160000003,276.75353160000003
t1106,276.75353160000003,276.75353160000003
t1107,276.75353160000003,276.75353160000003
t1108,276.75353160000003,276.75353160000003
t1109,276.75353160000003,276.75353160000003
t1110,318.7879123749234,318.7879123749234
t1111,1593.3315603749236,1593.3315603749236
t1112,1576.9432000000002,1576.9432000000002
t1113,1576.9432000000002,1576.9432000000002
t1114,1576.9432000000002,1576.9432000000002
t1115,1345.7134771047185,1345.7134771047185
t1116,1576.9432000000002,1576.9432000000002
t1117,1576.9432000000002,1576.9432000000002
t1118,1449.3642796549038,1449.3642796549038
t1119,760.2479352650907,760.2479352650907
t1120,738.0094176,738.0094176
t1121,810.6650062000001,810.6650062000001
t1122,1800.5911,1800.5911
t1123,1774.0611000000001,1774.0611000000001
t1124,1774.0611000000001,1774.0611000000001
t1125,1774.0611000000001,1774.0611000000001
t1126,645.7582404000001,645.7582404000001
t1127,673.3925110419652,673.3925110419652
t1128,1379.8253,1379.8253
t1129,1379.8253,1379.8253
t1130,883.088192,883.088192
t1131,0.0,0.0
t1132,0.0,0.0
t1133,0.0,0.0
t1134,0.0,0.0
t1135,0.0,0.0
t1136,0.0,0.0
t1137,0.0,0.0
t1138,0.0,0.0
t1139,0.0,0.0
t1140,0.0,0.0
t1141,0.0,0.0
t1142,0.0,0.0
t1143,0.0,0.0
t1144,2523.2785795773984,2523.2785795773984
t1145,3218.7621562971217,3218.7621562971217
t1146,3351.0043,3351.0043
t1147,3351.0043,3351.0043
t1148,3351.0043,3351.0043
t1149,3351.0043,3351.0043
t1150,3351.0043,3351.0043
t1151,1974.2999175776515,1974.2999175776515
t1152,1724.5489865831214,1724.5489865831214
t1153,2048.102232652451,2048.102232652451
t1154,1568.2700124000003,1568.2700124000003
t1155,1568.2700124000003,1568.2700124000003
t1156,2821.1728641558375,2821.1728641558375
t1157,3179.9975771005707,3179.9975771005707
t1158,1568.2700124000003,1568.2700124000003
t1159,1568.2700124000003,1568.2700124000003
t1160,1818.5919259289233,1818.5919259289233
t1161,1568.2700124000003,1568.2700124000003
t1162,1568.2700124000003,1568.2700124000003
t1163,1568.2700124000003,1568.2700124000003
t1164,1568.2700124000003,1568.2700124000003
t1165,1568.2700124000003,1568.2700124000003
t1166,1568.2700124000003,1568.2700124000003
t1167,1568.2700124000003,1568.2700124000003
t1168,1568.2700124000003,1568.2700124000003
t1169,2732.6799913643495,2732.6799913643495
t1170,3548.1222000000002,3548.1222000000002
t1171,3548.1222000000002,3548.1222000000002
t1172,3548.1222000000002,3548.1222000000002
t1173,3548.1222000000002,3548.1222000000002
t1174,3548.1222000000002,3548.1222000000002
t1175,3548.1222000000002,3548.1222000000002
t1176,2270.798208,2270.798208
t1177,1713.929491926162,1713.929491926162
t1178,738.0094176,738.0094176
t1179,1576.9432000000002,1576.9432000000002
t1180,738.0094176,738.0094176
t1181,1349.3616688516745,1349.3616688516745
t1182,842.1705962320009,842.1705962320009
t1183,689.91265,689.91265
t1184,652.0289487250319,652.0289487250319
t1185,322.87912020000005,322.87912020000005
t1186,441.544096,441.544096
t1187,0.0,0.0
t1188,0.0,0.0
t1189,0.0,0.0
t1190,0.0,0.0
t1191,0.0,0.0
t1192,0.0,0.0
t1193,985.685008,985.685008
t1194,651.6893351376748,651.6893351376748
t1195,3048.091175137675,3048.091175137675
t1196,2956.7685,2956.7685
t1197,2956.7685,2956.7685
t1198,2956.7685,2956.7685
t1199,2956.7685,2956.7685
t1200,2956.7685,2956.7685
t1201,1892.33184,1892.33184
t1202,0.0,0.0
t1203,0.0,0.0
t1204,0.0,0.0
t1205,0.0,0.0
t1206,0.0,0.0
t1207,0.0,0.0
t1208,0.0,0.0
t1209,0.0,0.0
t1210,0.0,0.0
t1211,0.0,0.0
t1212,0.0,0.0
t1213,0.0,0.0
t1214,0.0,0.0
t1215,0.0,0.0
t1216,0.0,0.0
t1217,0.0,0.0
t1218,0.0,0.0
t1219,0.0,0.0
t1220,0.0,0.0
t1221,0.0,0.0
t1222,0.0,0.0
t1223,0.0,0.0
t1224,0.0,0.0
t1225,0.0,0.0
t1226,0.0,0.0
t1227,0.0,0.0
t1228,0.0,0.0
t1229,0.0,0.0
t1230,0.0,0.0
t1231,0.0,0.0
t1232,0.0,0.0
t1233,0.0,0.0
t1234,0.0,0.0
t1235,0.0,0.0
t1236,0.0,0.0
t1237,0.0,0.0
t1238,0.0,0.0
t1239,0.0,0.0
t1240,1534.7701514201033,1534.7701514201033
t1241,1872.62005,1872.62005
t1242,1872.62005,1872.62005
t1243,1872.62005,1872.62005
t1244,1872.62005,1872.62005
t1245,1356.8612739120058,1356.8612739120058
t1246,876.3861834000002,876.3861834000002
t1247,1056.337260729658,1056.337260729658
t1248,876.3861834000002,876.3861834000002
t1249,876.3861834000002,876.3861834000002
t1250,1872.62005,1872.62005
t1251,1872.62005,1872.62005
t1252,1872.62005,1872.62005
t1253,1872.62005,1872.62005
t1254,1872.62005,1872.62005
t1255,1872.62005,1872.62005
t1256,1872.62005,1872.62005
t1257,1872.62005,1872.62005
t1258,1536.0022507448728,1536.0022507448728
t1259,876.3861834000002,876.3861834000002
t1260,876.3861834000002,876.3861834000002
t1261,876.3861834000002,876.3861834000002
t1262,876.3861834000002,876.3861834000002
t1263,876.3861834000002,876.3861834000002
t1264,876.3861834000002,876.3861834000002
t1265,876.3861834000002,876.3861834000002
t1266,1848.8791740873874,1848.8791740873874
t1267,1029.566021545751,1029.566021545751
t1268,2570.0937500000005,2570.0937500000005
t1269,1153.1397150000003,1153.1397150000003
t1270,3339.5964,3339.5964
t1271,3153.8864000000003,3153.8864000000003
t1272,2940.8898893804326,2940.8898893804326
t1273,1245.3908922,1245.3908922
t1274,1245.3908922,1245.3908922
t1275,1245.3908922,1245.3908922
t1276,1245.3908922,1245.3908922
t1277,1245.3908922,1245.3908922
t1278,1245.3908922,1245.3908922
t1279,2661.0916500000003,2661.0916500000003
t1280,2661.0916500000003,2661.0916500000003
t1281,2661.0916500000003,2661.0916500000003
t1282,2289.5854239683053,2289.5854239683053
t1283,1713.561821741685,1713.561821741685
t1284,1245.3908922,1245.3908922
t1285,1245.3908922,1245.3908922
t1286,1245.3908922,1245.3908922
t1287,1306.8009180605527,1306.8009180605527
t1288,1560.2105094039327,1560.2105094039327
t1289,2347.8329575516846,2347.8329575516846
t1290,2661.0916500000003,2661.0916500000003
t1291,2661.0916500000003,2661.0916500000003
t1292,2661.0916500000003,2661.0916500000003
t1293,1245.3908922,1245.3908922
t1294,2653.409663693664,2653.409663693664
t1295,1932.639486920523,1932.639486920523
t1296,2661.0916500000003,2661.0916500000003
t1297,2661.0916500000003,2661.0916500000003
t1298,2661.0916500000003,2661.0916500000003
t1299,2661.0916500000003,2661.0916500000003
t1300,2661.0916500000003,2661.0916500000003
t1301,1353.276661938352,1353.276661938352
t1302,553.5070632000001,553.5070632000001
t1303,1182.7074,1182.7074
t1304,895.3095018,895.3095018
t1305,138.37676580000002,138.37676580000002
t1306,0.0,0.0
t1307,0.0,0.0
t1308,0.0,0.0
t1309,0.0,0.0
t1310,0.0,0.0
t1311,0.0,0.0
t1312,0.0,0.0
t1313,0.0,0.0
t1314,0.0,0.0
t1315,0.0,0.0
t1316,0.0,0.0
t1317,0.0,0.0
t1318,0.0,0.0
t1319,0.0,0.0
t1320,0.0,0.0
t1321,0.0,0.0
t1322,0.0,0.0
t1323,716.861824,716.861824
t1324,788.4716000000001,788.4716000000001
t1325,788.4716000000001,788.4716000000001
t1326,788.4716000000001,788.4716000000001
t1327,788.4716000000001,788.4716000000001
t1328,387.5788527340498,387.5788527340498
t1329,0.0,0.0
t1330,0.0,0.0
t1331,0.0,0.0
t1332,0.0,0.0
t1333,0.0,0.0
t1334,0.0,0.0
t1335,0.0,0.0
t1336,0.0,0.0
t1337,0.0,0.0
t1338,0.0,0.0
t1339,0.0,0.0
t1340,0.0,0.0
t1341,0.0,0.0
t1342,0.0,0.0
t1343,0.0,0.0
t1344,757.745843926162,757.745843926162
t1345,0.0,0.0
t1346,0.0,0.0
t1347,0.0,0.0
t1348,0.0,0.0
t1349,0.0,0.0
t1350,0.0,0.0
t1351,0.0,0.0
t1352,0.0,0.0
t1353,0.0,0.0
t1354,0.0,0.0
t1355,0.0,0.0
t1356,0.0,0.0
t1357,0.0,0.0
t1358,0.0,0.0
t1359,0.0,0.0
t1360,0.0,0.0
t1361,0.0,0.0
t1362,0.0,0.0
t1363,0.0,0.0
t1364,0.0,0.0
t1365,0.0,0.0
t1366,0.0,0.0
t1367,0.0,0.0
t1368,0.0,0.0
t1369,0.0,0.0
t1370,0.0,0.0
t1371,0.0,0.0
t1372,0.0,0.0
t1373,0.0,0.0
t1374,0.0,0.0
t1375,0.0,0.0
t1376,0.0,0.0
t1377,0.0,0.0
t1378,0.0,0.0
t1379,0.0,0.0
t1380,0.0,0.0
t1381,0.0,0.0
t1382,0.0,0.0
t1383,307.91513645803195,307.91513645803195
t1384,1081.3601444580318,1081.3601444580318
t1385,2835.39375,2835.39375
t1386,2463.97375,2463.97375
t1387,2463.97375,2463.97375
t1388,2463.97375,2463.97375
t1389,2361.8918698816174,2361.8918698816174
t1390,1868.7699319277842,1868.7699319277842
t1391,1754.8575010246102,1754.8575010246102
t1392,1153.1397150000003,1153.1397150000003
t1393,1397.0295204678298,1397.0295204678298
t1394,1739.3533903118469,1739.3533903118469
t1395,1153.1397150000003,1153.1397150000003
t1396,2463.97375,2463.97375
t1397,2057.9653971104835,2057.9653971104835
t1398,2463.97375,2463.97375
t1399,2463.97375,2463.97375
t1400,2463.97375,2463.97375
t1401,1849.412674617317,1849.412674617317
t1402,1153.1397150000003,1153.1397150000003
t1403,1153.1397150000003,1153.1397150000003
t1404,1153.1397150000003,1153.1397150000003
t1405,1153.1397150000003,1153.1397150000003
t1406,1153.1397150000003,1153.1397150000003
t1407,1153.1397150000003,1153.1397150000003
t1408,1554.6666645917192,1554.6666645917192
t1409,3206.9464000000003,3206.9464000000003
t1410,3153.8864000000003,3153.8864000000003
t1411,3153.8864000000003,3153.8864000000003
t1412,3153.8864000000003,3153.8864000000003
t1413,3153.8864000000003,3153.8864000000003
t1414,3153.8864000000003,3153.8864000000003
t1415,3153.8864000000003,3153.8864000000003
t1416,3153.8864000000003,3153.8864000000003
t1417,3153.8864000000003,3153.8864000000003
t1418,3153.8864000000003,3153.8864000000003
t1419,3153.8864000000003,3153.8864000000003
t1420,3153.8864000000003,3153.8864000000003
t1421,3153.8864000000003,3153.8864000000003
t1422,2982.0497035889257,2982.0497035889257
t1423,3153.8864000000003,3153.8864000000003
t1424,2243.8234353401444,2243.8234353401444
t1425,804.7016957135008,804.7016957135008
t1426,738.0094176,738.0094176
t1427,738.0094176,738.0094176
t1428,738.0094176,738.0094176
t1429,738.0094176,738.0094176
t1430,738.0094176,738.0094176
t1431,738.0094176,738.0094176
t1432,851.4918307435634,851.4918307435634
t1433,1576.9432000000002,1576.9432000000002
t1434,738.0094176,738.0094176
t1435,738.0094176,738.0094176
t1436,738.0094176,738.0094176
t1437,738.0094176,738.0094176
t1438,1576.9432000000002,1576.9432000000002
t1439,1576.9432000000002,1576.9432000000002
t1440,1576.9432000000002,1576.9432000000002
t1441,1576.9432000000002,1576.9432000000002
t1442,1576.9432000000002,1576.9432000000002
t1443,1576.9432000000002,1576.9432000000002
t1444,1576.9432000000002,1576.9432000000002
t1445,1320.1864049507951,1320.1864049507951
t1446,1576.9432000000002,1576.9432000000002
t1447,1576.9432000000002,1576.9432000000002
t1448,1576.9432000000002,1576.9432000000002
t1449,738.0094176,738.0094176
t1450,738.0094176,738.0094176
t1451,738.0094176,738.0094176
t1452,738.0094176,738.0094176
t1453,738.0094176,738.0094176
t1454,738.0094176,738.0094176
t1455,738.0094176,738.0094176
t1456,957.992994,957.992994
t1457,2952.92165,2952.92165
t1458,2661.0916500000003,2661.0916500000003
t1459,2661.0916500000003,2661.0916500000003
t1460,2661.0916500000003,2661.0916500000003
t1461,1308.5783198298448,1308.5783198298448
t1462,1245.3908922,1245.3908922
t1463,2661.0916500000003,2661.0916500000003
t1464,2661.0916500000003,2661.0916500000003
t1465,2661.0916500000003,2661.0916500000003
t1466,2661.0916500000003,2661.0916500000003
t1467,2661.0916500000003,2661.0916500000003
t1468,2400.5299850320785,2400.5299850320785
t1469,2147.8589774010516,2147.8589774010516
t1470,2192.7686087455286,2192.7686087455286
t1471,2471.9459457228622,2471.9459457228622
t1472,2661.0916500000003,2661.0916500000003
t1473,1014.7629492000001,1014.7629492000001
t1474,1014.7629492000001,1014.7629492000001
t1475,1014.7629492000001,1014.7629492000001
t1476,1014.7629492000001,1014.7629492000001
t1477,1014.7629492000001,1014.7629492000001
t1478,1014.7629492000001,1014.7629492000001
t1479,1014.7629492000001,1014.7629492000001
t1480,2168.2969000000003,2168.2969000000003
t1481,2168.2969000000003,2168.2969000000003
t1482,2168.2969000000003,2168.2969000000003
t1483,2168.2969000000003,2168.2969000000003
t1484,2168.2969000000003,2168.2969000000003
t1485,2168.2969000000003,2168.2969000000003
t1486,2168.2969000000003,2168.2969000000003
t1487,2079.5938450000003,2079.5938450000003
t1488,691.8838290000001,691.8838290000001
t1489,0.0,0.0
t1490,0.0,0.0
t1491,0.0,0.0
t1492,0.0,0.0
t1493,0.0,0.0
t1494,0.0,0.0
t1495,0.0,0.0
t1496,0.0,0.0
t1497,0.0,0.0
t1498,0.0,0.0
t1499,0.0,0.0
t1500,0.0,0.0
t1501,0.0,0.0
t1502,0.0,0.0
t1503,0.0,0.0
t1504,0.0,0.0
t1505,0.0,0.0
t1506,0.0,0.0
t1507,0.0,0.0
t1508,0.0,0.0
t1509,0.0,0.0
t1510,0.0,0.0
t1511,0.0,0.0
t1512,0.0,0.0
t1513,3942.3580000000006,3942.3580000000006
t1514,3542.263030626072,3542.263030626072
t1515,3605.197753052028,3605.197753052028
t1516,3465.4781403995044,3465.4781403995044
t1517,3698.9453543832883,3698.9453543832883
t1518,3942.3580000000006,3942.3580000000006
t1519,3942.3580000000006,3942.3580000000006
t1520,3942.3580000000006,3942.3580000000006
t1521,1734.15302836638,1734.15302836638
t1522,0.0,0.0
t1523,0.0,0.0
t1524,0.0,0.0
t1525,0.0,0.0
t1526,0.0,0.0
t1527,0.0,0.0
t1528,0.0,0.0
t1529,4480.3864,4480.3864
t1530,4363.784486261549,4363.784486261549
t1531,4411.156648861253,4411.156648861253
t1532,4481.791343940869,4481.791343940869
t1533,4536.8444446027415,4536.8444446027415
t1534,4628.390464778199,4628.390464778199
t1535,4750.169494275657,4750.169494275657
t1536,4858.387256920832,4858.387256920832
t1537,4925.066228685842,4925.066228685842
t1538,4857.326385128523,4857.326385128523
t1539,4927.9475,4927.9475
t1540,4927.9475,4927.9475
t1541,4927.9475,4927.9475
t1542,4861.050249575579,4861.050249575579
t1543,4697.704526999312,4697.704526999312
t1544,4611.0020864365515,4611.0020864365515
t1545,4398.243685833719,4398.243685833719
t1546,4129.151040976178,4129.151040976178
t1547,3936.17132656723,3936.17132656723
t1548,3874.273537858136,3874.273537858136
t1549,3970.8286097264076,3970.8286097264076
t1550,4048.6629723119345,4048.6629723119345
t1551,4038.8136282077476,4038.8136282077476
t1552,4239.219393418449,4239.219393418449
t1553,4466.596889108694,4466.596889108694
t1554,4405.595512703024,4405.595512703024
t1555,4415.73491441021,4415.73491441021
t1556,4451.482084531257,4451.482084531257
t1557,4512.284106645319,4512.284106645319
t1558,4607.658028467057,4607.658028467057
t1559,4730.710766533317,4730.710766533317
t1560,4672.7512130155455,4672.7512130155455
t1561,4305.8840516778655,4305.8840516778655
t1562,4730.8296,4730.8296
t1563,4014.136317091745,4014.136317091745
t1564,4730.8296,4730.8296
t1565,4332.259851529345,4332.259851529345
t1566,4730.8296,4730.8296
t1567,4659.8816242914545,4659.8816242914545
t1568,4586.00453789266,4586.00453789266
t1569,3407.7522663471186,3407.7522663471186
t1570,2214.0282528000002,2214.0282528000002
t1571,2214.0282528000002,2214.0282528000002
t1572,2214.0282528000002,2214.0282528000002
t1573,2214.0282528000002,2214.0282528000002
t1574,2214.0282528000002,2214.0282528000002
t1575,2214.0282528000002,2214.0282528000002
t1576,2580.7652153076583,2580.7652153076583
t1577,4492.32078723316,4492.32078723316
t1578,4418.378875101658,4418.378875101658
t1579,4416.4143465545085,4416.4143465545085
t1580,4462.256793847697,4462.256793847697
t1581,4498.2712174033795,4498.2712174033795
t1582,4586.430950987535,4586.430950987535
t1583,4718.263878014359,4718.263878014359
t1584,4474.581074377605,4474.581074377605
t1585,3785.7631988868434,3785.7631988868434
t1586,3563.230024347875,3563.230024347875
t1587,2480.6436843959664,2480.6436843959664
t1588,2121.7770756000004,2121.7770756000004
t1589,2789.0064647750305,2789.0064647750305
t1590,3928.98318013467,3928.98318013467
t1591,4088.5874182341677,4088.5874182341677
t1592,4533.711700000001,4533.711700000001
t1593,2649.264576,2649.264576
t1594,0.0,0.0
t1595,0.0,0.0
t1596,0.0,0.0
t1597,0.0,0.0
t1598,0.0,0.0
t1599,0.0,0.0
t1600,0.0,0.0
t1601,804.5876776173429,804.5876776173429
t1602,1873.6166049627814,1873.6166049627814
t1603,2266.8558500000004,2266.8558500000004
t1604,2266.8558500000004,2266.8558500000004
t1605,1060.8885378000002,1060.8885378000002
t1606,2146.626743382939,2146.626743382939
t1607,1995.5355722506672,1995.5355722506672
t1608,2266.8558500000004,2266.8558500000004
t1609,2266.8558500000004,2266.8558500000004
t1610,2266.8558500000004,2266.8558500000004
t1611,2123.143609781196,2123.143609781196
t1612,2266.8558500000004,2266.8558500000004
t1613,2266.8558500000004,2266.8558500000004
t1614,2266.8558500000004,2266.8558500000004
t1615,2266.8558500000004,2266.8558500000004
t1616,2266.8558500000004,2266.8558500000004
t1617,2266.8558500000004,2266.8558500000004
t1618,1060.8885378000002,1060.8885378000002
t1619,1060.8885378000002,1060.8885378000002
t1620,1060.8885378000002,1060.8885378000002
t1621,1060.8885378000002,1060.8885378000002
t1622,1060.8885378000002,1060.8885378000002
t1623,1060.8885378000002,1060.8885378000002
t1624,3552.0424241099786,3552.0424241099786
t1625,4482.899315300829,4482.899315300829
t1626,4437.24690757046,4437.24690757046
t1627,4463.759289626139,4463.759289626139
t1628,4499.867859238258,4499.867859238258
t1629,4531.253572022006,4531.253572022006
t1630,4632.427525873237,4632.427525873237
t1631,4632.27065,4632.27065
t1632,4632.27065,4632.27065
t1633,4419.551729371729,4419.551729371729
t1634,4057.2508746525477,4057.2508746525477
t1635,3966.2273361815346,3966.2273361815346
t1636,3994.139013138251,3994.139013138251
t1637,4022.378497195036,4022.378497195036
t1638,4169.015847895513,4169.015847895513
t1639,4300.897167380629,4300.897167380629
t1640,4632.27065,4632.27065
t1641,2824.8591948053786,2824.8591948053786
t1642,2167.9026642000003,2167.9026642000003
t1643,2167.9026642000003,2167.9026642000003
t1644,2940.8944038490044,2940.8944038490044
t1645,2167.9026642000003,2167.9026642000003
t1646,2167.9026642000003,2167.9026642000003
t1647,2167.9026642000003,2167.9026642000003
t1648,2497.499665768221,2497.499665768221
t1649,4519.939491571884,4519.939491571884
t1650,4481.420316522902,4481.420316522902
t1651,4509.876948022199,4509.876948022199
t1652,4556.828646927179,4556.828646927179
t1653,4604.174269417886,4604.174269417886
t1654,4632.27065,4632.27065
t1655,4632.27065,4632.27065
t1656,4632.27065,4632.27065
t1657,4387.992460691823,4387.992460691823
t1658,4180.006059185031,4180.006059185031
t1659,4051.7429400308665,4051.7429400308665
t1660,3996.399264621107,3996.399264621107
t1661,3994.255592514449,3994.255592514449
t1662,4082.554652921398,4082.554652921398
t1663,4296.92094562835,4296.92094562835
t1664,4533.711700000001,4533.711700000001
t1665,3521.843782314843,3521.843782314843
t1666,1854.1297453296236,1854.1297453296236
t1667,1845.0235440000004,1845.0235440000004
t1668,1845.0235440000004,1845.0235440000004
t1669,1845.0235440000004,1845.0235440000004
t1670,1845.0235440000004,1845.0235440000004
t1671,1845.0235440000004,1845.0235440000004
t1672,2543.4270572069518,2543.4270572069518
t1673,3942.3580000000006,3942.3580000000006
t1674,3942.3580000000006,3942.3580000000006
t1675,3942.3580000000006,3942.3580000000006
t1676,2981.801140816071,2981.801140816071
t1677,1845.0235440000004,1845.0235440000004
t1678,2612.7259544595368,2612.7259544595368
t1679,1845.0235440000004,1845.0235440000004
t1680,1845.0235440000004,1845.0235440000004
t1681,0.0,0.0
t1682,0.0,0.0
t1683,0.0,0.0
t1684,0.0,0.0
t1685,0.0,0.0
t1686,0.0,0.0
t1687,0.0,0.0
t1688,0.0,0.0
t1689,0.0,0.0
t1690,0.0,0.0
t1691,0.0,0.0
t1692,0.0,0.0
t1693,179.215456,179.215456
t1694,111.25891469229904,111.25891469229904
t1695,92.2511772,92.2511772
t1696,197.11790000000002,197.11790000000002
t1697,197.11790000000002,197.11790000000002
t1698,92.2511772,92.2511772
t1699,197.11790000000002,197.11790000000002
t1700,92.2511772,92.2511772
t1701,126.155456,126.155456
t1702,0.0,0.0
t1703,0.0,0.0
t1704,0.0,0.0
t1705,0.0,0.0
t1706,0.0,0.0
t1707,0.0,0.0
t1708,0.0,0.0
t1709,0.0,0.0
t1710,0.0,0.0
t1711,0.0,0.0
t1712,0.0,0.0
t1713,0.0,0.0
t1714,0.0,0.0
t1715,0.0,0.0
t1716,0.0,0.0
t1717,0.0,0.0
t1718,0.0,0.0
t1719,290.6223544,290.6223544
t1720,2945.8296504000004,2945.8296504000004
t1721,3153.8864000000003,3153.8864000000003
t1722,3153.8864000000003,3153.8864000000003
t1723,3153.8864000000003,3153.8864000000003
t1724,3153.8864000000003,3153.8864000000003
t1725,2842.210048741794,2842.210048741794
t1726,1261.5545600000003,1261.5545600000003
t1727,0.0,0.0
t1728,0.0,0.0
t1729,0.0,0.0
t1730,0.0,0.0
t1731,0.0,0.0
t1732,0.0,0.0
t1733,0.0,0.0
t1734,0.0,0.0
t1735,0.0,0.0
t1736,0.0,0.0
t1737,0.0,0.0
t1738,0.0,0.0
t1739,0.0,0.0
t1740,0.0,0.0
t1741,0.0,0.0
t1742,0.0,0.0
t1743,0.0,0.0
t1744,0.0,0.0
t1745,0.0,0.0
t1746,0.0,0.0
t1747,0.0,0.0
t1748,0.0,0.0
t1749,0.0,0.0
t1750,0.0,0.0
t1751,0.0,0.0
t1752,0.0,0.0
t1753,0.0,0.0
t1754,0.0,0.0
t1755,0.0,0.0
t1756,0.0,0.0
t1757,0.0,0.0
t1758,0.0,0.0
t1759,145.3111772,145.3111772
t1760,111.85032759574983,111.85032759574983
t1761,92.2511772,92.2511772
t1762,92.2511772,92.2511772
t1763,92.2511772,92.2511772
t1764,92.2511772,92.2511772
t1765,92.2511772,92.2511772
t1766,92.2511772,92.2511772
t1767,1506.2057806778355,1506.2057806778355
t1768,1219.1971086363678,1219.1971086363678
t1769,2069.7379499999997,2069.7379499999997
t1770,2069.7379499999997,2069.7379499999997
t1771,2069.7379499999997,2069.7379499999997
t1772,876.3861834000002,876.3861834000002
t1773,1717.5566073622815,1717.5566073622815
t1774,1872.62005,1872.62005
t1775,883.088192,883.088192
t1776,0.0,0.0
t1777,0.0,0.0
t1778,0.0,0.0
t1779,0.0,0.0
t1780,0.0,0.0
t1781,0.0,0.0
t1782,0.0,0.0
t1783,0.0,0.0
t1784,0.0,0.0
t1785,0.0,0.0
t1786,0.0,0.0
t1787,0.0,0.0
t1788,0.0,0.0
t1789,0.0,0.0
t1790,0.0,0.0
t1791,0.0,0.0
t1792,0.0,0.0
t1793,0.0,0.0
t1794,0.0,0.0
t1795,0.0,0.0
t1796,0.0,0.0
t1797,0.0,0.0
t1798,0.0,0.0
t1799,0.0,0.0
t1800,0.0,0.0
t1801,0.0,0.0
t1802,0.0,0.0
t1803,0.0,0.0
t1804,0.0,0.0
t1805,0.0,0.0
t1806,0.0,0.0
t1807,0.0,0.0
t1808,0.0,0.0
t1809,0.0,0.0
t1810,0.0,0.0
t1811,0.0,0.0
t1812,0.0,0.0
t1813,0.0,0.0
t1814,0.0,0.0
t1815,0.0,0.0
t1816,0.0,0.0
t1817,0.0,0.0
t1818,0.0,0.0
t1819,0.0,0.0
t1820,0.0,0.0
t1821,0.0,0.0
t1822,0.0,0.0
t1823,0.0,0.0
t1824,0.0,0.0
t1825,0.0,0.0
t1826,0.0,0.0
t1827,0.0,0.0
t1828,0.0,0.0
t1829,0.0,0.0
t1830,0.0,0.0
t1831,0.0,0.0
t1832,0.0,0.0
t1833,0.0,0.0
t1834,0.0,0.0
t1835,0.0,0.0
t1836,0.0,0.0
t1837,0.0,0.0
t1838,0.0,0.0
t1839,0.0,0.0
t1840,0.0,0.0
t1841,0.0,0.0
t1842,0.0,0.0
t1843,0.0,0.0
t1844,0.0,0.0
t1845,0.0,0.0
t1846,0.0,0.0
t1847,0.0,0.0
t1848,0.0,0.0
