Resource,natural_gas_combined_cycle,solar_pv,onshore_wind,battery,Total
Zone,1,1,1,1,0
AnnualSum,0.0,0.0,0.0,2.6931368512729526e7,2.6931368512729526e7
t1,0.0,0.0,0.0,199.194478933613,199.194478933613
t2,0.0,0.0,0.0,8442.962601285042,8442.962601285042
t3,0.0,0.0,0.0,1128.2408485879723,1128.2408485879723
t4,0.0,0.0,0.0,8442.962601285042,8442.962601285042
t5,0.0,0.0,0.0,394.75599647402504,394.75599647402504
t6,0.0,0.0,0.0,8055.9811307079235,8055.9811307079235
t7,0.0,0.0,0.0,1624.380172253856,1624.380172253856
t8,0.0,0.0,0.0,7369.092960268894,7369.092960268894
t9,0.0,0.0,0.0,3044.0611051072165,3044.0611051072165
t10,0.0,0.0,0.0,4727.164759749013,4727.164759749013
t11,0.0,0.0,0.0,6745.7271101866045,6745.7271101866045
t12,0.0,0.0,0.0,7787.258584755922,7787.258584755922
t13,0.0,0.0,0.0,7343.246781792429,7343.246781792429
t14,0.0,0.0,0.0,7026.7361762310275,7026.7361762310275
t15,0.0,0.0,0.0,5666.695678381646,5666.695678381646
t16,0.0,0.0,0.0,3078.6228934400965,3078.6228934400965
t17,0.0,0.0,0.0,468.82067341105136,468.82067341105136
t18,0.0,0.0,0.0,-0.0,0.0
t19,0.0,0.0,0.0,1606.1631356795976,1606.1631356795976
t20,0.0,0.0,0.0,7828.663671960828,7828.663671960828
t21,0.0,0.0,0.0,1071.6241206224008,1071.6241206224008
t22,0.0,0.0,0.0,8442.962601285042,8442.962601285042
t23,0.0,0.0,0.0,389.81639986258165,389.81639986258165
t24,0.0,0.0,0.0,8113.022000441354,8113.022000441354
t25,0.0,0.0,0.0,1576.1007801114797,1576.1007801114797
t26,0.0,0.0,0.0,8422.83010305661,8422.83010305661
t27,0.0,0.0,0.0,0.0,0.0
t28,0.0,0.0,0.0,8442.962601285042,8442.962601285042
t29,0.0,0.0,0.0,4284.4302104072285,4284.4302104072285
t30,0.0,0.0,0.0,1829.0297163465166,1829.0297163465166
t31,0.0,0.0,0.0,7095.552956958305,7095.552956958305
t32,0.0,0.0,0.0,2236.605470926579,2236.605470926579
t33,0.0,0.0,0.0,6549.899730692786,6549.899730692786
t34,0.0,0.0,0.0,2899.1274692266684,2899.1274692266684
t35,0.0,0.0,0.0,5989.141111331591,5989.141111331591
t36,0.0,0.0,0.0,5842.223090336718,5842.223090336718
t37,0.0,0.0,0.0,5941.725613433987,5941.725613433987
t38,0.0,0.0,0.0,5537.212826890201,5537.212826890201
t39,0.0,0.0,0.0,4453.181309556522,4453.181309556522
t40,0.0,0.0,0.0,3584.2875650492515,3584.2875650492515
t41,0.0,0.0,0.0,-0.0,0.0
t42,0.0,0.0,0.0,7209.353992079837,7209.353992079837
t43,0.0,0.0,0.0,6269.904427816924,6269.904427816924
t44,0.0,0.0,0.0,3919.371404703024,3919.371404703024
t45,0.0,0.0,0.0,413.4116877939231,413.4116877939231
t46,0.0,0.0,0.0,8442.962601285042,8442.962601285042
t47,0.0,0.0,0.0,5085.512350678968,5085.512350678968
t48,0.0,0.0,0.0,-0.0,0.0
t49,0.0,0.0,0.0,8442.962601285042,8442.962601285042
t50,0.0,0.0,0.0,2148.5959732603897,2148.5959732603897
t51,0.0,0.0,0.0,5772.63405181444,5772.63405181444
t52,0.0,0.0,0.0,3557.005139829301,3557.005139829301
t53,0.0,0.0,0.0,5432.313450933522,5432.313450933522
t54,0.0,0.0,0.0,5773.322579296469,5773.322579296469
t55,0.0,0.0,0.0,5144.1024632412455,5144.1024632412455
t56,0.0,0.0,0.0,1752.488928393876,1752.488928393876
t57,0.0,0.0,0.0,5780.211144341948,5780.211144341948
t58,0.0,0.0,0.0,3717.139142115684,3717.139142115684
t59,0.0,0.0,0.0,5130.228777996664,5130.228777996664
t60,0.0,0.0,0.0,5916.751571400804,5916.751571400804
t61,0.0,0.0,0.0,6144.757173532027,6144.757173532027
t62,0.0,0.0,0.0,5789.746739028068,5789.746739028068
t63,0.0,0.0,0.0,4764.716675682645,4764.716675682645
t64,0.0,0.0,0.0,7040.93456224712,7040.93456224712
t65,0.0,0.0,0.0,-0.0,0.0
t66,0.0,0.0,0.0,-0.0,0.0
t67,0.0,0.0,0.0,8442.962601285042,8442.962601285042
t68,0.0,0.0,0.0,1296.8390555573824,1296.8390555573824
t69,0.0,0.0,0.0,8442.962601285042,8442.962601285042
t70,0.0,0.0,0.0,810.2434653872375,810.2434653872375
t71,0.0,0.0,0.0,8442.962601285042,8442.962601285042
t72,0.0,0.0,0.0,-0.0,0.0
t73,0.0,0.0,0.0,8442.962601285042,8442.962601285042
t74,0.0,0.0,0.0,5899.171698404975,5899.171698404975
t75,0.0,0.0,0.0,-0.0,0.0
t76,0.0,0.0,0.0,8442.962601285042,8442.962601285042
t77,0.0,0.0,0.0,144.41008846485806,144.41008846485806
t78,0.0,0.0,0.0,8320.733902408387,8320.733902408387
t79,0.0,0.0,0.0,5736.889767024391,5736.889767024391
t80,0.0,0.0,0.0,0.0,0.0
t81,0.0,0.0,0.0,7693.625363022832,7693.625363022832
t82,0.0,0.0,0.0,8442.962601285042,8442.962601285042
t83,0.0,0.0,0.0,7179.363539120324,7179.363539120324
t84,0.0,0.0,0.0,7328.585721727422,7328.585721727422
t85,0.0,0.0,0.0,6714.757741557287,6714.757741557287
t86,0.0,0.0,0.0,6157.193815065295,6157.193815065295
t87,0.0,0.0,0.0,193.15153343398134,193.15153343398134
t88,0.0,0.0,0.0,0.0,0.0
t89,0.0,0.0,0.0,0.0,0.0
t90,0.0,0.0,0.0,0.0,0.0
t91,0.0,0.0,0.0,0.0,0.0
t92,0.0,0.0,0.0,0.0,0.0
t93,0.0,0.0,0.0,399.8015230907621,399.8015230907621
t94,0.0,0.0,0.0,0.0,0.0
t95,0.0,0.0,0.0,17.82149862241944,17.82149862241944
t96,0.0,0.0,0.0,0.0,0.0
t97,0.0,0.0,0.0,0.0,0.0
t98,0.0,0.0,0.0,4055.802147516106,4055.802147516106
t99,0.0,0.0,0.0,0.0,0.0
t100,0.0,0.0,0.0,1568.390858559166,1568.390858559166
t101,0.0,0.0,0.0,1514.9653641499513,1514.9653641499513
t102,0.0,0.0,0.0,0.0,0.0
t103,0.0,0.0,0.0,0.0,0.0
t104,0.0,0.0,0.0,0.0,0.0
t105,0.0,0.0,0.0,0.0,0.0
t106,0.0,0.0,0.0,0.0,0.0
t107,0.0,0.0,0.0,4081.8433145207696,4081.8433145207696
t108,0.0,0.0,0.0,8165.19250130456,8165.19250130456
t109,0.0,0.0,0.0,7468.895673588421,7468.895673588421
t110,0.0,0.0,0.0,8442.962601285042,8442.962601285042
t111,0.0,0.0,0.0,8267.89963314125,8267.89963314125
t112,0.0,0.0,0.0,5133.57393114978,5133.57393114978
t113,0.0,0.0,0.0,2314.3617915070545,2314.3617915070545
t114,0.0,0.0,0.0,6830.961650092861,6830.961650092861
t115,0.0,0.0,0.0,4572.661720799959,4572.661720799959
t116,0.0,0.0,0.0,0.0,0.0
t117,0.0,0.0,0.0,0.0,0.0
t118,0.0,0.0,0.0,0.0,0.0
t119,0.0,0.0,0.0,0.0,0.0
t120,0.0,0.0,0.0,0.0,0.0
t121,0.0,0.0,0.0,0.0,0.0
t122,0.0,0.0,0.0,0.0,0.0
t123,0.0,0.0,0.0,0.0,0.0
t124,0.0,0.0,0.0,0.0,0.0
t125,0.0,0.0,0.0,0.0,0.0
t126,0.0,0.0,0.0,0.0,0.0
t127,0.0,0.0,0.0,0.0,0.0
t128,0.0,0.0,0.0,0.0,0.0
t129,0.0,0.0,0.0,0.0,0.0
t130,0.0,0.0,0.0,8172.9318847779095,8172.9318847779095
t131,0.0,0.0,0.0,7585.948297591058,7585.948297591058
t132,0.0,0.0,0.0,7292.805329574729,7292.805329574729
t133,0.0,0.0,0.0,8442.962601285042,8442.962601285042
t134,0.0,0.0,0.0,7410.517479246887,7410.517479246887
t135,0.0,0.0,0.0,4870.912943286046,4870.912943286046
t136,0.0,0.0,0.0,0.0,0.0
t137,0.0,0.0,0.0,0.0,0.0
t138,0.0,0.0,0.0,0.0,0.0
t139,0.0,0.0,0.0,0.0,0.0
t140,0.0,0.0,0.0,0.0,0.0
t141,0.0,0.0,0.0,0.0,0.0
t142,0.0,0.0,0.0,0.0,0.0
t143,0.0,0.0,0.0,0.0,0.0
t144,0.0,0.0,0.0,832.9927903602794,832.9927903602794
t145,0.0,0.0,0.0,459.4689749601617,459.4689749601617
t146,0.0,0.0,0.0,3342.5446560169157,3342.5446560169157
t147,0.0,0.0,0.0,5564.890021188475,5564.890021188475
t148,0.0,0.0,0.0,4749.881858688598,4749.881858688598
t149,0.0,0.0,0.0,573.6395621482516,573.6395621482516
t150,0.0,0.0,0.0,0.0,0.0
t151,0.0,0.0,0.0,0.0,0.0
t152,0.0,0.0,0.0,0.0,0.0
t153,0.0,0.0,0.0,0.0,0.0
t154,0.0,0.0,0.0,6020.834320763879,6020.834320763879
t155,0.0,0.0,0.0,5640.215563809272,5640.215563809272
t156,0.0,0.0,0.0,7056.754393848594,7056.754393848594
t157,0.0,0.0,0.0,7357.7594400431335,7357.7594400431335
t158,0.0,0.0,0.0,7208.251186521558,7208.251186521558
t159,0.0,0.0,0.0,5479.199099530485,5479.199099530485
t160,0.0,0.0,0.0,2257.1091660803795,2257.1091660803795
t161,0.0,0.0,0.0,0.0,0.0
t162,0.0,0.0,0.0,-0.0,0.0
t163,0.0,0.0,0.0,6267.942310138401,6267.942310138401
t164,0.0,0.0,0.0,6272.063925080665,6272.063925080665
t165,0.0,0.0,0.0,-0.0,0.0
t166,0.0,0.0,0.0,8442.962601285042,8442.962601285042
t167,0.0,0.0,0.0,1296.8390555573824,1296.8390555573824
t168,0.0,0.0,0.0,8442.962601285042,8442.962601285042
t169,0.0,0.0,0.0,5275.022561114832,5275.022561114832
t170,0.0,0.0,0.0,-0.0,0.0
t171,0.0,0.0,0.0,8442.962601285042,8442.962601285042
t172,0.0,0.0,0.0,1296.8390555573824,1296.8390555573824
t173,0.0,0.0,0.0,8442.962601285042,8442.962601285042
t174,0.0,0.0,0.0,5942.572143260866,5942.572143260866
t175,0.0,0.0,0.0,-0.0,0.0
t176,0.0,0.0,0.0,6112.754476186835,6112.754476186835
t177,0.0,0.0,0.0,3269.127212640505,3269.127212640505
t178,0.0,0.0,0.0,6027.2131690050865,6027.2131690050865
t179,0.0,0.0,0.0,2990.2895345401707,2990.2895345401707
t180,0.0,0.0,0.0,6531.4870651475885,6531.4870651475885
t181,0.0,0.0,0.0,8442.962601285042,8442.962601285042
t182,0.0,0.0,0.0,8442.962601285042,8442.962601285042
t183,0.0,0.0,0.0,8415.775690500119,8415.775690500119
t184,0.0,0.0,0.0,6145.710688672177,6145.710688672177
t185,0.0,0.0,0.0,4572.661720799959,4572.661720799959
t186,0.0,0.0,0.0,2574.3132882804575,2574.3132882804575
t187,0.0,0.0,0.0,1590.2579913543464,1590.2579913543464
t188,0.0,0.0,0.0,503.4596961788482,503.4596961788482
t189,0.0,0.0,0.0,717.7073908160007,717.7073908160007
t190,0.0,0.0,0.0,4013.6513035082826,4013.6513035082826
t191,0.0,0.0,0.0,2640.647841380053,2640.647841380053
t192,0.0,0.0,0.0,7732.834654799253,7732.834654799253
t193,0.0,0.0,0.0,404.06947017355674,404.06947017355674
t194,0.0,0.0,0.0,8069.863694561254,8069.863694561254
t195,0.0,0.0,0.0,1612.6299702083963,1612.6299702083963
t196,0.0,0.0,0.0,8442.962601285042,8442.962601285042
t197,0.0,0.0,0.0,815.3181874986801,815.3181874986801
t198,0.0,0.0,0.0,6869.468148660473,6869.468148660473
t199,0.0,0.0,0.0,3655.3117808081765,3655.3117808081765
t200,0.0,0.0,0.0,4322.439689459643,4322.439689459643
t201,0.0,0.0,0.0,4968.441522250106,4968.441522250106
t202,0.0,0.0,0.0,4053.681822728847,4053.681822728847
t203,0.0,0.0,0.0,7683.288006635938,7683.288006635938
t204,0.0,0.0,0.0,7306.276545787328,7306.276545787328
t205,0.0,0.0,0.0,8176.798013496294,8176.798013496294
t206,0.0,0.0,0.0,5248.227940463707,5248.227940463707
t207,0.0,0.0,0.0,7966.28544077431,7966.28544077431
t208,0.0,0.0,0.0,5683.219498130438,5683.219498130438
t209,0.0,0.0,0.0,2429.1326864786474,2429.1326864786474
t210,0.0,0.0,0.0,0.0,0.0
t211,0.0,0.0,0.0,0.0,0.0
t212,0.0,0.0,0.0,5474.453919330406,5474.453919330406
t213,0.0,0.0,0.0,4374.614544009413,4374.614544009413
t214,0.0,0.0,0.0,5155.4160571248585,5155.4160571248585
t215,0.0,0.0,0.0,5439.856848291365,5439.856848291365
t216,0.0,0.0,0.0,6276.6839450855305,6276.6839450855305
t217,0.0,0.0,0.0,4180.973075568305,4180.973075568305
t218,0.0,0.0,0.0,4311.589454485442,4311.589454485442
t219,0.0,0.0,0.0,7104.395526541856,7104.395526541856
t220,0.0,0.0,0.0,5972.931019368589,5972.931019368589
t221,0.0,0.0,0.0,6390.670925211968,6390.670925211968
t222,0.0,0.0,0.0,3070.0441304581805,3070.0441304581805
t223,0.0,0.0,0.0,0.0,0.0
t224,0.0,0.0,0.0,0.0,0.0
t225,0.0,0.0,0.0,2594.215259527342,2594.215259527342
t226,0.0,0.0,0.0,5625.202050271359,5625.202050271359
t227,0.0,0.0,0.0,6624.261706554238,6624.261706554238
t228,0.0,0.0,0.0,7083.772696994884,7083.772696994884
t229,0.0,0.0,0.0,7179.772183822558,7179.772183822558
t230,0.0,0.0,0.0,7115.26871990936,7115.26871990936
t231,0.0,0.0,0.0,4677.69777383531,4677.69777383531
t232,0.0,0.0,0.0,2767.14337756877,2767.14337756877
t233,0.0,0.0,0.0,-0.0,0.0
t234,0.0,0.0,0.0,8442.962601285042,8442.962601285042
t235,0.0,0.0,0.0,-0.0,0.0
t236,0.0,0.0,0.0,354.94370760881645,354.94370760881645
t237,0.0,0.0,0.0,6415.930440727961,6415.930440727961
t238,0.0,0.0,0.0,3012.5190762528964,3012.5190762528964
t239,0.0,0.0,0.0,7656.64020042523,7656.64020042523
t240,0.0,0.0,0.0,1256.4153082924765,1256.4153082924765
t241,0.0,0.0,0.0,6322.025966418298,6322.025966418298
t242,0.0,0.0,0.0,7155.328584045371,7155.328584045371
t243,0.0,0.0,0.0,7942.353086390104,7942.353086390104
t244,0.0,0.0,0.0,5113.181721008158,5113.181721008158
t245,0.0,0.0,0.0,0.0,0.0
t246,0.0,0.0,0.0,6677.702088463555,6677.702088463555
t247,0.0,0.0,0.0,4166.599844860344,4166.599844860344
t248,0.0,0.0,0.0,0.0,0.0
t249,0.0,0.0,0.0,4852.480776653126,4852.480776653126
t250,0.0,0.0,0.0,4335.822871925837,4335.822871925837
t251,0.0,0.0,0.0,5959.233610369398,5959.233610369398
t252,0.0,0.0,0.0,4413.1884512047245,4413.1884512047245
t253,0.0,0.0,0.0,5226.208721511595,5226.208721511595
t254,0.0,0.0,0.0,6368.739298029343,6368.739298029343
t255,0.0,0.0,0.0,6137.229676048234,6137.229676048234
t256,0.0,0.0,0.0,4682.18635575106,4682.18635575106
t257,0.0,0.0,0.0,2509.3032431513375,2509.3032431513375
t258,0.0,0.0,0.0,-0.0,0.0
t259,0.0,0.0,0.0,8442.962601285042,8442.962601285042
t260,0.0,0.0,0.0,-0.0,0.0
t261,0.0,0.0,0.0,8442.962601285042,8442.962601285042
t262,0.0,0.0,0.0,5275.022561114832,5275.022561114832
t263,0.0,0.0,0.0,-0.0,0.0
t264,0.0,0.0,0.0,8442.962601285042,8442.962601285042
t265,0.0,0.0,0.0,1296.8390555573824,1296.8390555573824
t266,0.0,0.0,0.0,8442.962601285042,8442.962601285042
t267,0.0,0.0,0.0,199.194478933613,199.194478933613
t268,0.0,0.0,0.0,8442.962601285042,8442.962601285042
t269,0.0,0.0,0.0,1128.2408485879723,1128.2408485879723
t270,0.0,0.0,0.0,7689.9998036343795,7689.9998036343795
t271,0.0,0.0,0.0,5538.009660676274,5538.009660676274
t272,0.0,0.0,0.0,2776.5698866823795,2776.5698866823795
t273,0.0,0.0,0.0,3727.630047781135,3727.630047781135
t274,0.0,0.0,0.0,4826.318518283729,4826.318518283729
t275,0.0,0.0,0.0,4489.191230888155,4489.191230888155
t276,0.0,0.0,0.0,5962.233097197073,5962.233097197073
t277,0.0,0.0,0.0,5364.214067056656,5364.214067056656
t278,0.0,0.0,0.0,6465.243317879229,6465.243317879229
t279,0.0,0.0,0.0,6764.749433182778,6764.749433182778
t280,0.0,0.0,0.0,5168.201665392114,5168.201665392114
t281,0.0,0.0,0.0,8442.962601285042,8442.962601285042
t282,0.0,0.0,0.0,4328.141647292565,4328.141647292565
t283,0.0,0.0,0.0,8442.962601285042,8442.962601285042
t284,0.0,0.0,0.0,736.3002478755352,736.3002478755352
t285,0.0,0.0,0.0,6852.45975806664,6852.45975806664
t286,0.0,0.0,0.0,6129.2251564577,6129.2251564577
t287,0.0,0.0,0.0,4572.661720799959,4572.661720799959
t288,0.0,0.0,0.0,0.0,0.0
t289,0.0,0.0,0.0,0.0,0.0
t290,0.0,0.0,0.0,0.0,0.0
t291,0.0,0.0,0.0,0.0,0.0
t292,0.0,0.0,0.0,0.0,0.0
t293,0.0,0.0,0.0,0.0,0.0
t294,0.0,0.0,0.0,0.0,0.0
t295,0.0,0.0,0.0,0.0,0.0
t296,0.0,0.0,0.0,0.0,0.0
t297,0.0,0.0,0.0,0.0,0.0
t298,0.0,0.0,0.0,0.0,0.0
t299,0.0,0.0,0.0,0.0,0.0
t300,0.0,0.0,0.0,194.69876995820636,194.69876995820636
t301,0.0,0.0,0.0,73.29178341103848,73.29178341103848
t302,0.0,0.0,0.0,8442.962601285042,8442.962601285042
t303,0.0,0.0,0.0,7939.624784493231,7939.624784493231
t304,0.0,0.0,0.0,2559.2064967417596,2559.2064967417596
t305,0.0,0.0,0.0,3757.0897656127863,3757.0897656127863
t306,0.0,0.0,0.0,0.0,0.0
t307,0.0,0.0,0.0,2948.206975330729,2948.206975330729
t308,0.0,0.0,0.0,1727.6333616451218,1727.6333616451218
t309,0.0,0.0,0.0,0.0,0.0
t310,0.0,0.0,0.0,0.0,0.0
t311,0.0,0.0,0.0,0.0,0.0
t312,0.0,0.0,0.0,0.0,0.0
t313,0.0,0.0,0.0,5322.597798894804,5322.597798894804
t314,0.0,0.0,0.0,3937.915824300482,3937.915824300482
t315,0.0,0.0,0.0,8442.962601285042,8442.962601285042
t316,0.0,0.0,0.0,3469.8601078609704,3469.8601078609704
t317,0.0,0.0,0.0,-0.0,0.0
t318,0.0,0.0,0.0,8442.962601285042,8442.962601285042
t319,0.0,0.0,0.0,1296.8390555573822,1296.8390555573822
t320,0.0,0.0,0.0,7345.318024661275,7345.318024661275
t321,0.0,0.0,0.0,3407.53499697899,3407.53499697899
t322,0.0,0.0,0.0,4377.175408074775,4377.175408074775
t323,0.0,0.0,0.0,5437.210175499851,5437.210175499851
t324,0.0,0.0,0.0,5883.723004807998,5883.723004807998
t325,0.0,0.0,0.0,6238.231044507768,6238.231044507768
t326,0.0,0.0,0.0,6151.725185790382,6151.725185790382
t327,0.0,0.0,0.0,6134.222192285148,6134.222192285148
t328,0.0,0.0,0.0,4648.179427924661,4648.179427924661
t329,0.0,0.0,0.0,1995.1087812011342,1995.1087812011342
t330,0.0,0.0,0.0,-0.0,0.0
t331,0.0,0.0,0.0,7231.695913424964,7231.695913424964
t332,0.0,0.0,0.0,-0.0,0.0
t333,0.0,0.0,0.0,8442.962601285042,8442.962601285042
t334,0.0,0.0,0.0,5275.022561114832,5275.022561114832
t335,0.0,0.0,0.0,-0.0,0.0
t336,0.0,0.0,0.0,8442.962601285042,8442.962601285042
t337,0.0,0.0,0.0,8442.962601285042,8442.962601285042
t338,0.0,0.0,0.0,8442.962601285042,8442.962601285042
t339,0.0,0.0,0.0,937.4265303174641,937.4265303174641
t340,0.0,0.0,0.0,-0.0,0.0
t341,0.0,0.0,0.0,8442.962601285042,8442.962601285042
t342,0.0,0.0,0.0,1062.0082444702084,1062.0082444702084
t343,0.0,0.0,0.0,7544.078823165459,7544.078823165459
t344,0.0,0.0,0.0,3943.601732632575,3943.601732632575
t345,0.0,0.0,0.0,3219.1506475100527,3219.1506475100527
t346,0.0,0.0,0.0,5718.273493232534,5718.273493232534
t347,0.0,0.0,0.0,7341.76807844395,7341.76807844395
t348,0.0,0.0,0.0,7283.765982990286,7283.765982990286
t349,0.0,0.0,0.0,6628.7933931531325,6628.7933931531325
t350,0.0,0.0,0.0,8092.785740124832,8092.785740124832
t351,0.0,0.0,0.0,7381.262476312727,7381.262476312727
t352,0.0,0.0,0.0,4572.661720799959,4572.661720799959
t353,0.0,0.0,0.0,4170.7253358752305,4170.7253358752305
t354,0.0,0.0,0.0,0.0,0.0
t355,0.0,0.0,0.0,0.0,0.0
t356,0.0,0.0,0.0,0.0,0.0
t357,0.0,0.0,0.0,0.0,0.0
t358,0.0,0.0,0.0,0.0,0.0
t359,0.0,0.0,0.0,2112.8424036287965,2112.8424036287965
t360,0.0,0.0,0.0,6654.65279085363,6654.65279085363
t361,0.0,0.0,0.0,8442.962601285042,8442.962601285042
t362,0.0,0.0,0.0,2224.492815567543,2224.492815567543
t363,0.0,0.0,0.0,-0.0,0.0
t364,0.0,0.0,0.0,8442.962601285042,8442.962601285042
t365,0.0,0.0,0.0,2085.374613040739,2085.374613040739
t366,0.0,0.0,0.0,5889.365971324004,5889.365971324004
t367,0.0,0.0,0.0,4595.375403777428,4595.375403777428
t368,0.0,0.0,0.0,3416.2646989068035,3416.2646989068035
t369,0.0,0.0,0.0,5551.4361601303235,5551.4361601303235
t370,0.0,0.0,0.0,5623.190420706284,5623.190420706284
t371,0.0,0.0,0.0,3287.650305395168,3287.650305395168
t372,0.0,0.0,0.0,4177.1759212471,4177.1759212471
t373,0.0,0.0,0.0,5031.699185059206,5031.699185059206
t374,0.0,0.0,0.0,5751.719369837356,5751.719369837356
t375,0.0,0.0,0.0,6007.724672618057,6007.724672618057
t376,0.0,0.0,0.0,4894.691017066352,4894.691017066352
t377,0.0,0.0,0.0,2874.4433398837546,2874.4433398837546
t378,0.0,0.0,0.0,8442.962601285042,8442.962601285042
t379,0.0,0.0,0.0,6929.353352987048,6929.353352987048
t380,0.0,0.0,0.0,5928.3419265117345,5928.3419265117345
t381,0.0,0.0,0.0,5129.358721560695,5129.358721560695
t382,0.0,0.0,0.0,6405.316357204341,6405.316357204341
t383,0.0,0.0,0.0,5635.082859419863,5635.082859419863
t384,0.0,0.0,0.0,5607.146735233914,5607.146735233914
t385,0.0,0.0,0.0,5378.27697257032,5378.27697257032
t386,0.0,0.0,0.0,4572.661720799959,4572.661720799959
t387,0.0,0.0,0.0,0.0,0.0
t388,0.0,0.0,0.0,0.0,0.0
t389,0.0,0.0,0.0,0.0,0.0
t390,0.0,0.0,0.0,0.0,0.0
t391,0.0,0.0,0.0,0.0,0.0
t392,0.0,0.0,0.0,0.0,0.0
t393,0.0,0.0,0.0,0.0,0.0
t394,0.0,0.0,0.0,7080.594792209126,7080.594792209126
t395,0.0,0.0,0.0,7093.756745888422,7093.756745888422
t396,0.0,0.0,0.0,7715.274792448548,7715.274792448548
t397,0.0,0.0,0.0,5526.277823496051,5526.277823496051
t398,0.0,0.0,0.0,7831.275947086279,7831.275947086279
t399,0.0,0.0,0.0,7234.256874181503,7234.256874181503
t400,0.0,0.0,0.0,5275.69956993845,5275.69956993845
t401,0.0,0.0,0.0,4572.661720799959,4572.661720799959
t402,0.0,0.0,0.0,0.0,0.0
t403,0.0,0.0,0.0,0.0,0.0
t404,0.0,0.0,0.0,0.0,0.0
t405,0.0,0.0,0.0,0.0,0.0
t406,0.0,0.0,0.0,0.0,0.0
t407,0.0,0.0,0.0,0.0,0.0
t408,0.0,0.0,0.0,0.0,0.0
t409,0.0,0.0,0.0,0.0,0.0
t410,0.0,0.0,0.0,0.0,0.0
t411,0.0,0.0,0.0,0.0,0.0
t412,0.0,0.0,0.0,0.0,0.0
t413,0.0,0.0,0.0,0.0,0.0
t414,0.0,0.0,0.0,0.0,0.0
t415,0.0,0.0,0.0,0.0,0.0
t416,0.0,0.0,0.0,0.0,0.0
t417,0.0,0.0,0.0,38.6555697910449,38.6555697910449
t418,0.0,0.0,0.0,2868.0589394839017,2868.0589394839017
t419,0.0,0.0,0.0,4086.3105664523528,4086.3105664523528
t420,0.0,0.0,0.0,4018.186729315772,4018.186729315772
t421,0.0,0.0,0.0,4720.621231853938,4720.621231853938
t422,0.0,0.0,0.0,5406.966141844915,5406.966141844915
t423,0.0,0.0,0.0,4710.197984133455,4710.197984133455
t424,0.0,0.0,0.0,2867.2577071203164,2867.2577071203164
t425,0.0,0.0,0.0,448.3680030768351,448.3680030768351
t426,0.0,0.0,0.0,0.0,0.0
t427,0.0,0.0,0.0,0.0,0.0
t428,0.0,0.0,0.0,0.0,0.0
t429,0.0,0.0,0.0,0.0,0.0
t430,0.0,0.0,0.0,1070.2594743262423,1070.2594743262423
t431,0.0,0.0,0.0,0.0,0.0
t432,0.0,0.0,0.0,1151.936036949323,1151.936036949323
t433,0.0,0.0,0.0,53.92083510849588,53.92083510849588
t434,0.0,0.0,0.0,2437.225773386366,2437.225773386366
t435,0.0,0.0,0.0,0.0,0.0
t436,0.0,0.0,0.0,0.0,0.0
t437,0.0,0.0,0.0,0.0,0.0
t438,0.0,0.0,0.0,0.0,0.0
t439,0.0,0.0,0.0,0.0,0.0
t440,0.0,0.0,0.0,878.9477577899678,878.9477577899678
t441,0.0,0.0,0.0,4776.912867126423,4776.912867126423
t442,0.0,0.0,0.0,6172.357629562873,6172.357629562873
t443,0.0,0.0,0.0,4575.783658417581,4575.783658417581
t444,0.0,0.0,0.0,3532.206083002512,3532.206083002512
t445,0.0,0.0,0.0,2484.291940440638,2484.291940440638
t446,0.0,0.0,0.0,2475.804010714782,2475.804010714782
t447,0.0,0.0,0.0,188.18913340425425,188.18913340425425
t448,0.0,0.0,0.0,0.0,0.0
t449,0.0,0.0,0.0,0.0,0.0
t450,0.0,0.0,0.0,0.0,0.0
t451,0.0,0.0,0.0,0.0,0.0
t452,0.0,0.0,0.0,0.0,0.0
t453,0.0,0.0,0.0,0.0,0.0
t454,0.0,0.0,0.0,0.0,0.0
t455,0.0,0.0,0.0,5126.51560684993,5126.51560684993
t456,0.0,0.0,0.0,8442.962601285042,8442.962601285042
t457,0.0,0.0,0.0,5661.6340717128305,5661.6340717128305
t458,0.0,0.0,0.0,1975.3503971526206,1975.3503971526206
t459,0.0,0.0,0.0,0.0,0.0
t460,0.0,0.0,0.0,0.0,0.0
t461,0.0,0.0,0.0,0.0,0.0
t462,0.0,0.0,0.0,0.0,0.0
t463,0.0,0.0,0.0,0.0,0.0
t464,0.0,0.0,0.0,0.0,0.0
t465,0.0,0.0,0.0,0.0,0.0
t466,0.0,0.0,0.0,1348.9077923587943,1348.9077923587943
t467,0.0,0.0,0.0,2765.232822417353,2765.232822417353
t468,0.0,0.0,0.0,5409.700990603587,5409.700990603587
t469,0.0,0.0,0.0,5843.54608334431,5843.54608334431
t470,0.0,0.0,0.0,5904.548945736336,5904.548945736336
t471,0.0,0.0,0.0,6137.844591428123,6137.844591428123
t472,0.0,0.0,0.0,5770.00688854924,5770.00688854924
t473,0.0,0.0,0.0,0.0,0.0
t474,0.0,0.0,0.0,1660.7507568380902,1660.7507568380902
t475,0.0,0.0,0.0,969.3504342393524,969.3504342393524
t476,0.0,0.0,0.0,0.0,0.0
t477,0.0,0.0,0.0,5711.700334434129,5711.700334434129
t478,0.0,0.0,0.0,8442.962601285042,8442.962601285042
t479,0.0,0.0,0.0,2656.747451135928,2656.747451135928
t480,0.0,0.0,0.0,-0.0,0.0
t481,0.0,0.0,0.0,8442.962601285042,8442.962601285042
t482,0.0,0.0,0.0,1296.8390555573824,1296.8390555573824
t483,0.0,0.0,0.0,8442.962601285042,8442.962601285042
t484,0.0,0.0,0.0,199.194478933613,199.194478933613
t485,0.0,0.0,0.0,8442.962601285042,8442.962601285042
t486,0.0,0.0,0.0,1128.2408485879723,1128.2408485879723
t487,0.0,0.0,0.0,8175.411575880449,8175.411575880449
t488,0.0,0.0,0.0,2610.8743975275993,2610.8743975275993
t489,0.0,0.0,0.0,4458.146328309644,4458.146328309644
t490,0.0,0.0,0.0,6354.2096623275265,6354.2096623275265
t491,0.0,0.0,0.0,7965.759525571854,7965.759525571854
t492,0.0,0.0,0.0,8442.962601285042,8442.962601285042
t493,0.0,0.0,0.0,254.78096975850306,254.78096975850306
t494,0.0,0.0,0.0,8442.962601285042,8442.962601285042
t495,0.0,0.0,0.0,8442.962601285042,8442.962601285042
t496,0.0,0.0,0.0,6547.710432086015,6547.710432086015
t497,0.0,0.0,0.0,3823.634910225394,3823.634910225394
t498,0.0,0.0,0.0,277.0379634201676,277.0379634201676
t499,0.0,0.0,0.0,0.0,0.0
t500,0.0,0.0,0.0,-0.0,0.0
t501,0.0,0.0,0.0,6848.942101702697,6848.942101702697
t502,0.0,0.0,0.0,-0.0,0.0
t503,0.0,0.0,0.0,8442.962601285042,8442.962601285042
t504,0.0,0.0,0.0,1296.8390555573824,1296.8390555573824
t505,0.0,0.0,0.0,8442.962601285042,8442.962601285042
t506,0.0,0.0,0.0,1296.8390555573824,1296.8390555573824
t507,0.0,0.0,0.0,8219.957151915352,8219.957151915352
t508,0.0,0.0,0.0,610.9517406498078,610.9517406498078
t509,0.0,0.0,0.0,8442.962601285042,8442.962601285042
t510,0.0,0.0,0.0,779.7295022713844,779.7295022713844
t511,0.0,0.0,0.0,7782.999550562543,7782.999550562543
t512,0.0,0.0,0.0,3674.0384945189703,3674.0384945189703
t513,0.0,0.0,0.0,3514.6497066941215,3514.6497066941215
t514,0.0,0.0,0.0,5879.719626423518,5879.719626423518
t515,0.0,0.0,0.0,7559.27064430558,7559.27064430558
t516,0.0,0.0,0.0,7523.7712430066285,7523.7712430066285
t517,0.0,0.0,0.0,7267.2640158297045,7267.2640158297045
t518,0.0,0.0,0.0,7151.761449968076,7151.761449968076
t519,0.0,0.0,0.0,6596.371872285321,6596.371872285321
t520,0.0,0.0,0.0,4905.693625692343,4905.693625692343
t521,0.0,0.0,0.0,4572.661720799959,4572.661720799959
t522,0.0,0.0,0.0,4572.661720799959,4572.661720799959
t523,0.0,0.0,0.0,0.0,0.0
t524,0.0,0.0,0.0,0.0,0.0
t525,0.0,0.0,0.0,826.1571991581746,826.1571991581746
t526,0.0,0.0,0.0,0.0,0.0
t527,0.0,0.0,0.0,413.96294927854706,413.96294927854706
t528,0.0,0.0,0.0,373.3450297734908,373.3450297734908
t529,0.0,0.0,0.0,0.0,0.0
t530,0.0,0.0,0.0,0.0,0.0
t531,0.0,0.0,0.0,0.0,0.0
t532,0.0,0.0,0.0,0.0,0.0
t533,0.0,0.0,0.0,0.0,0.0
t534,0.0,0.0,0.0,0.0,0.0
t535,0.0,0.0,0.0,0.0,0.0
t536,0.0,0.0,0.0,0.0,0.0
t537,0.0,0.0,0.0,0.0,0.0
t538,0.0,0.0,0.0,3185.4692105632694,3185.4692105632694
t539,0.0,0.0,0.0,7585.269104788604,7585.269104788604
t540,0.0,0.0,0.0,7750.7755194426745,7750.7755194426745
t541,0.0,0.0,0.0,7802.777785953783,7802.777785953783
t542,0.0,0.0,0.0,7103.306389708648,7103.306389708648
t543,0.0,0.0,0.0,7118.259268985691,7118.259268985691
t544,0.0,0.0,0.0,5101.700852869264,5101.700852869264
t545,0.0,0.0,0.0,2682.4677983157067,2682.4677983157067
t546,0.0,0.0,0.0,-0.0,0.0
t547,0.0,0.0,0.0,-0.0,0.0
t548,0.0,0.0,0.0,-0.0,0.0
t549,0.0,0.0,0.0,6821.497946387863,6821.497946387863
t550,0.0,0.0,0.0,3713.8211521570292,3713.8211521570292
t551,0.0,0.0,0.0,4857.353724949188,4857.353724949188
t552,0.0,0.0,0.0,5762.638107248751,5762.638107248751
t553,0.0,0.0,0.0,1532.182249004468,1532.182249004468
t554,0.0,0.0,0.0,8442.962601285042,8442.962601285042
t555,0.0,0.0,0.0,-0.0,0.0
t556,0.0,0.0,0.0,8442.962601285042,8442.962601285042
t557,0.0,0.0,0.0,1500.3438514052102,1500.3438514052102
t558,0.0,0.0,0.0,6969.566769607843,6969.566769607843
t559,0.0,0.0,0.0,2745.9436983413807,2745.9436983413807
t560,0.0,0.0,0.0,5916.77344415648,5916.77344415648
t561,0.0,0.0,0.0,3656.1786435131635,3656.1786435131635
t562,0.0,0.0,0.0,5127.199912053334,5127.199912053334
t563,0.0,0.0,0.0,7752.219567164583,7752.219567164583
t564,0.0,0.0,0.0,7203.265598111043,7203.265598111043
t565,0.0,0.0,0.0,7357.27064430558,7357.27064430558
t566,0.0,0.0,0.0,7441.274193747499,7441.274193747499
t567,0.0,0.0,0.0,6912.258499227202,6912.258499227202
t568,0.0,0.0,0.0,4905.700296932579,4905.700296932579
t569,0.0,0.0,0.0,2307.6257158878884,2307.6257158878884
t570,0.0,0.0,0.0,-0.0,0.0
t571,0.0,0.0,0.0,-0.0,0.0
t572,0.0,0.0,0.0,4069.3275386604128,4069.3275386604128
t573,0.0,0.0,0.0,0.0,0.0
t574,0.0,0.0,0.0,8442.962601285042,8442.962601285042
t575,0.0,0.0,0.0,1296.8390555573824,1296.8390555573824
t576,0.0,0.0,0.0,8442.962601285042,8442.962601285042
t577,0.0,0.0,0.0,5005.337751583129,5005.337751583129
t578,0.0,0.0,0.0,8442.962601285042,8442.962601285042
t579,0.0,0.0,0.0,377.5674346040656,377.5674346040656
t580,0.0,0.0,0.0,-0.0,0.0
t581,0.0,0.0,0.0,8442.962601285042,8442.962601285042
t582,0.0,0.0,0.0,1538.3567812534543,1538.3567812534543
t583,0.0,0.0,0.0,6899.379695936046,6899.379695936046
t584,0.0,0.0,0.0,4219.641786056587,4219.641786056587
t585,0.0,0.0,0.0,3255.1436341549324,3255.1436341549324
t586,0.0,0.0,0.0,5720.718642843228,5720.718642843228
t587,0.0,0.0,0.0,6865.287617606259,6865.287617606259
t588,0.0,0.0,0.0,7604.279753114364,7604.279753114364
t589,0.0,0.0,0.0,7610.280608401573,7610.280608401573
t590,0.0,0.0,0.0,7460.278641240992,7460.278641240992
t591,0.0,0.0,0.0,6866.761663789876,6866.761663789876
t592,0.0,0.0,0.0,4875.204573368627,4875.204573368627
t593,0.0,0.0,0.0,2281.6302916744594,2281.6302916744594
t594,0.0,0.0,0.0,-0.0,0.0
t595,0.0,0.0,0.0,-0.0,0.0
t596,0.0,0.0,0.0,8442.962601285042,8442.962601285042
t597,0.0,0.0,0.0,225.0220823887563,225.0220823887563
t598,0.0,0.0,0.0,-0.0,0.0
t599,0.0,0.0,0.0,8442.962601285042,8442.962601285042
t600,0.0,0.0,0.0,1296.8390555573824,1296.8390555573824
t601,0.0,0.0,0.0,8442.962601285042,8442.962601285042
t602,0.0,0.0,0.0,199.194478933613,199.194478933613
t603,0.0,0.0,0.0,8442.962601285042,8442.962601285042
t604,0.0,0.0,0.0,1128.2408485879723,1128.2408485879723
t605,0.0,0.0,0.0,7488.019547040183,7488.019547040183
t606,0.0,0.0,0.0,3906.529460092211,3906.529460092211
t607,0.0,0.0,0.0,4335.530994799129,4335.530994799129
t608,0.0,0.0,0.0,3772.8876353289425,3772.8876353289425
t609,0.0,0.0,0.0,5252.04998818634,5252.04998818634
t610,0.0,0.0,0.0,3995.16800984041,3995.16800984041
t611,0.0,0.0,0.0,5687.219669187879,5687.219669187879
t612,0.0,0.0,0.0,6999.758028819237,6999.758028819237
t613,0.0,0.0,0.0,7829.780137993608,7829.780137993608
t614,0.0,0.0,0.0,7916.783088734483,7916.783088734483
t615,0.0,0.0,0.0,7415.76700933494,7415.76700933494
t616,0.0,0.0,0.0,5282.203846374498,5282.203846374498
t617,0.0,0.0,0.0,2763.698254933118,2763.698254933118
t618,0.0,0.0,0.0,-0.0,0.0
t619,0.0,0.0,0.0,-0.0,0.0
t620,0.0,0.0,0.0,-0.0,0.0
t621,0.0,0.0,0.0,8442.962601285042,8442.962601285042
t622,0.0,0.0,0.0,5275.022561114832,5275.022561114832
t623,0.0,0.0,0.0,-0.0,0.0
t624,0.0,0.0,0.0,8442.962601285042,8442.962601285042
t625,0.0,0.0,0.0,5275.022561114832,5275.022561114832
t626,0.0,0.0,0.0,0.0,0.0
t627,0.0,0.0,0.0,8442.962601285042,8442.962601285042
t628,0.0,0.0,0.0,7532.618579261519,7532.618579261519
t629,0.0,0.0,0.0,8442.962601285042,8442.962601285042
t630,0.0,0.0,0.0,6879.810966281795,6879.810966281795
t631,0.0,0.0,0.0,1318.838764356629,1318.838764356629
t632,0.0,0.0,0.0,1655.0531875325012,1655.0531875325012
t633,0.0,0.0,0.0,5366.396725998259,5366.396725998259
t634,0.0,0.0,0.0,6327.223157570339,6327.223157570339
t635,0.0,0.0,0.0,5351.646966627707,5351.646966627707
t636,0.0,0.0,0.0,5531.956033345506,5531.956033345506
t637,0.0,0.0,0.0,6209.3006521468415,6209.3006521468415
t638,0.0,0.0,0.0,8299.525763359803,8299.525763359803
t639,0.0,0.0,0.0,4572.661720799959,4572.661720799959
t640,0.0,0.0,0.0,1527.9963136299164,1527.9963136299164
t641,0.0,0.0,0.0,0.0,0.0
t642,0.0,0.0,0.0,0.0,0.0
t643,0.0,0.0,0.0,0.0,0.0
t644,0.0,0.0,0.0,0.0,0.0
t645,0.0,0.0,0.0,0.0,0.0
t646,0.0,0.0,0.0,0.0,0.0
t647,0.0,0.0,0.0,0.0,0.0
t648,0.0,0.0,0.0,0.0,0.0
t649,0.0,0.0,0.0,0.0,0.0
t650,0.0,0.0,0.0,0.0,0.0
t651,0.0,0.0,0.0,0.0,0.0
t652,0.0,0.0,0.0,0.0,0.0
t653,0.0,0.0,0.0,0.0,0.0
t654,0.0,0.0,0.0,0.0,0.0
t655,0.0,0.0,0.0,0.0,0.0
t656,0.0,0.0,0.0,0.0,0.0
t657,0.0,0.0,0.0,0.0,0.0
t658,0.0,0.0,0.0,0.0,0.0
t659,0.0,0.0,0.0,0.0,0.0
t660,0.0,0.0,0.0,240.71710670658854,240.71710670658854
t661,0.0,0.0,0.0,1457.0982629328792,1457.0982629328792
t662,0.0,0.0,0.0,2075.3656240670093,2075.3656240670093
t663,0.0,0.0,0.0,1784.7153411844552,1784.7153411844552
t664,0.0,0.0,0.0,1909.3354988215374,1909.3354988215374
t665,0.0,0.0,0.0,0.0,0.0
t666,0.0,0.0,0.0,0.0,0.0
t667,0.0,0.0,0.0,0.0,0.0
t668,0.0,0.0,0.0,0.0,0.0
t669,0.0,0.0,0.0,0.0,0.0
t670,0.0,0.0,0.0,0.0,0.0
t671,0.0,0.0,0.0,0.0,0.0
t672,0.0,0.0,0.0,0.0,0.0
t673,0.0,0.0,0.0,679.5031324182069,679.5031324182069
t674,0.0,0.0,0.0,8442.962601285042,8442.962601285042
t675,0.0,0.0,0.0,721.7076042786115,721.7076042786115
t676,0.0,0.0,0.0,8442.962601285042,8442.962601285042
t677,0.0,0.0,0.0,4944.187792775676,4944.187792775676
t678,0.0,0.0,0.0,-0.0,0.0
t679,0.0,0.0,0.0,8442.962601285042,8442.962601285042
t680,0.0,0.0,0.0,3176.6900277719437,3176.6900277719437
t681,0.0,0.0,0.0,3874.3611895643076,3874.3611895643076
t682,0.0,0.0,0.0,5163.703290437812,5163.703290437812
t683,0.0,0.0,0.0,6546.244900160566,6546.244900160566
t684,0.0,0.0,0.0,6440.741906655334,6440.741906655334
t685,0.0,0.0,0.0,6675.24699561423,6675.24699561423
t686,0.0,0.0,0.0,6189.731685973176,6189.731685973176
t687,0.0,0.0,0.0,5743.715820395436,5743.715820395436
t688,0.0,0.0,0.0,4080.16621373727,4080.16621373727
t689,0.0,0.0,0.0,2006.1071133910762,2006.1071133910762
t690,0.0,0.0,0.0,1104.9306254132575,1104.9306254132575
t691,0.0,0.0,0.0,-0.0,0.0
t692,0.0,0.0,0.0,8442.962601285042,8442.962601285042
t693,0.0,0.0,0.0,1632.1864836825544,1632.1864836825544
t694,0.0,0.0,0.0,6726.1325333709565,6726.1325333709565
t695,0.0,0.0,0.0,6062.026985661236,6062.026985661236
t696,0.0,0.0,0.0,-0.0,0.0
t697,0.0,0.0,0.0,8442.962601285042,8442.962601285042
t698,0.0,0.0,0.0,1296.8390555573824,1296.8390555573824
t699,0.0,0.0,0.0,8442.962601285042,8442.962601285042
t700,0.0,0.0,0.0,199.194478933613,199.194478933613
t701,0.0,0.0,0.0,8442.962601285042,8442.962601285042
t702,0.0,0.0,0.0,1128.2408485879723,1128.2408485879723
t703,0.0,0.0,0.0,8193.265550752274,8193.265550752274
t704,0.0,0.0,0.0,2782.83656345197,2782.83656345197
t705,0.0,0.0,0.0,4107.669805943551,4107.669805943551
t706,0.0,0.0,0.0,6215.73113003649,6215.73113003649
t707,0.0,0.0,0.0,7752.276203672443,7752.276203672443
t708,0.0,0.0,0.0,7711.774578626746,7711.774578626746
t709,0.0,0.0,0.0,6976.7524694523745,6976.7524694523745
t710,0.0,0.0,0.0,6095.226853600442,6095.226853600442
t711,0.0,0.0,0.0,5479.706711586651,5479.706711586651
t712,0.0,0.0,0.0,4402.673783029077,4402.673783029077
t713,0.0,0.0,0.0,2456.618617004047,2456.618617004047
t714,0.0,0.0,0.0,-0.0,0.0
t715,0.0,0.0,0.0,495.7185532194037,495.7185532194037
t716,0.0,0.0,0.0,1532.182249004468,1532.182249004468
t717,0.0,0.0,0.0,8442.962601285042,8442.962601285042
t718,0.0,0.0,0.0,-0.0,0.0
t719,0.0,0.0,0.0,8442.962601285042,8442.962601285042
t720,0.0,0.0,0.0,1296.8390555573824,1296.8390555573824
t721,0.0,0.0,0.0,8442.962601285042,8442.962601285042
t722,0.0,0.0,0.0,4198.238140215063,4198.238140215063
t723,0.0,0.0,0.0,890.5301781255623,890.5301781255623
t724,0.0,0.0,0.0,7689.217858519567,7689.217858519567
t725,0.0,0.0,0.0,1934.808605834081,1934.808605834081
t726,0.0,0.0,0.0,8092.221101644116,8092.221101644116
t727,0.0,0.0,0.0,3846.7194609352796,3846.7194609352796
t728,0.0,0.0,0.0,3465.9388169205913,3465.9388169205913
t729,0.0,0.0,0.0,3690.659114853429,3690.659114853429
t730,0.0,0.0,0.0,5624.7149223438655,5624.7149223438655
t731,0.0,0.0,0.0,6977.254393848594,6977.254393848594
t732,0.0,0.0,0.0,7049.255933365572,7049.255933365572
t733,0.0,0.0,0.0,6769.24601203394,6769.24601203394
t734,0.0,0.0,0.0,5540.210089971131,5540.210089971131
t735,0.0,0.0,0.0,5014.692855933853,5014.692855933853
t736,0.0,0.0,0.0,4203.167753254247,4203.167753254247
t737,0.0,0.0,0.0,2296.6138701600325,2296.6138701600325
t738,0.0,0.0,0.0,7043.349265752669,7043.349265752669
t739,0.0,0.0,0.0,5680.122565727732,5680.122565727732
t740,0.0,0.0,0.0,648.1439888056282,648.1439888056282
t741,0.0,0.0,0.0,2807.8919925222444,2807.8919925222444
t742,0.0,0.0,0.0,2636.952774315575,2636.952774315575
t743,0.0,0.0,0.0,3420.1864615988466,3420.1864615988466
t744,0.0,0.0,0.0,3457.612035880621,3457.612035880621
t745,0.0,0.0,0.0,4904.655332783383,4904.655332783383
t746,0.0,0.0,0.0,4309.230206941171,4309.230206941171
t747,0.0,0.0,0.0,4122.626987765349,4122.626987765349
t748,0.0,0.0,0.0,5171.058926598213,5171.058926598213
t749,0.0,0.0,0.0,6865.3977453263315,6865.3977453263315
t750,0.0,0.0,0.0,0.0,0.0
t751,0.0,0.0,0.0,8058.345323654098,8058.345323654098
t752,0.0,0.0,0.0,3459.805058364429,3459.805058364429
t753,0.0,0.0,0.0,3677.1576608651717,3677.1576608651717
t754,0.0,0.0,0.0,5532.211672252467,5532.211672252467
t755,0.0,0.0,0.0,6341.735406472538,6341.735406472538
t756,0.0,0.0,0.0,6076.728008238175,6076.728008238175
t757,0.0,0.0,0.0,5620.214238114097,5620.214238114097
t758,0.0,0.0,0.0,5583.712997947642,5583.712997947642
t759,0.0,0.0,0.0,5548.2096623275265,5548.2096623275265
t760,0.0,0.0,0.0,7234.012754864903,7234.012754864903
t761,0.0,0.0,0.0,8149.443577427914,8149.443577427914
t762,0.0,0.0,0.0,5868.413054016531,5868.413054016531
t763,0.0,0.0,0.0,0.0,0.0
t764,0.0,0.0,0.0,0.0,0.0
t765,0.0,0.0,0.0,0.0,0.0
t766,0.0,0.0,0.0,0.0,0.0
t767,0.0,0.0,0.0,0.0,0.0
t768,0.0,0.0,0.0,0.0,0.0
t769,0.0,0.0,0.0,1731.0182336817945,1731.0182336817945
t770,0.0,0.0,0.0,4717.54543239933,4717.54543239933
t771,0.0,0.0,0.0,6982.774452224487,6982.774452224487
t772,0.0,0.0,0.0,-0.0,0.0
t773,0.0,0.0,0.0,8442.962601285042,8442.962601285042
t774,0.0,0.0,0.0,1296.8390555573824,1296.8390555573824
t775,0.0,0.0,0.0,7345.318024661275,7345.318024661275
t776,0.0,0.0,0.0,3370.4337387122428,3370.4337387122428
t777,0.0,0.0,0.0,4445.679171338497,4445.679171338497
t778,0.0,0.0,0.0,6718.744985689288,6718.744985689288
t779,0.0,0.0,0.0,717.6116103724776,717.6116103724776
t780,0.0,0.0,0.0,8222.287493463613,8222.287493463613
t781,0.0,0.0,0.0,8352.967386772954,8352.967386772954
t782,0.0,0.0,0.0,8442.962601285042,8442.962601285042
t783,0.0,0.0,0.0,7942.273167402848,7942.273167402848
t784,0.0,0.0,0.0,6060.21616251032,6060.21616251032
t785,0.0,0.0,0.0,3481.6411965863854,3481.6411965863854
t786,0.0,0.0,0.0,236.5476709299985,236.5476709299985
t787,0.0,0.0,0.0,0.0,0.0
t788,0.0,0.0,0.0,0.0,0.0
t789,0.0,0.0,0.0,7231.426107831874,7231.426107831874
t790,0.0,0.0,0.0,-0.0,0.0
t791,0.0,0.0,0.0,8442.962601285042,8442.962601285042
t792,0.0,0.0,0.0,1296.8390555573824,1296.8390555573824
t793,0.0,0.0,0.0,7345.318024661275,7345.318024661275
t794,0.0,0.0,0.0,5778.188922496091,5778.188922496091
t795,0.0,0.0,0.0,-0.0,0.0
t796,0.0,0.0,0.0,8442.962601285042,8442.962601285042
t797,0.0,0.0,0.0,1296.8390555573824,1296.8390555573824
t798,0.0,0.0,0.0,8442.962601285042,8442.962601285042
t799,0.0,0.0,0.0,2620.585623436428,2620.585623436428
t800,0.0,0.0,0.0,3803.507785105634,3803.507785105634
t801,0.0,0.0,0.0,5223.673611971634,5223.673611971634
t802,0.0,0.0,0.0,7124.734679478411,7124.734679478411
t803,0.0,0.0,0.0,8442.962601285042,8442.962601285042
t804,0.0,0.0,0.0,4501.480516276325,4501.480516276325
t805,0.0,0.0,0.0,8442.962601285042,8442.962601285042
t806,0.0,0.0,0.0,8442.962601285042,8442.962601285042
t807,0.0,0.0,0.0,4572.661720799959,4572.661720799959
t808,0.0,0.0,0.0,4314.647183596853,4314.647183596853
t809,0.0,0.0,0.0,2842.6058732246224,2842.6058732246224
t810,0.0,0.0,0.0,430.53916082226084,430.53916082226084
t811,0.0,0.0,0.0,-0.0,0.0
t812,0.0,0.0,0.0,3361.8227577045204,3361.8227577045204
t813,0.0,0.0,0.0,-0.0,0.0
t814,0.0,0.0,0.0,8442.962601285042,8442.962601285042
t815,0.0,0.0,0.0,2028.7332221773086,2028.7332221773086
t816,0.0,0.0,0.0,5993.948635414242,5993.948635414242
t817,0.0,0.0,0.0,3369.6844762704277,3369.6844762704277
t818,0.0,0.0,0.0,7600.6413896527265,7600.6413896527265
t819,0.0,0.0,0.0,0.0,0.0
t820,0.0,0.0,0.0,8442.962601285042,8442.962601285042
t821,0.0,0.0,0.0,3649.6339887249815,3649.6339887249815
t822,0.0,0.0,0.0,3001.1174600606187,3001.1174600606187
t823,0.0,0.0,0.0,5902.816783089735,5902.816783089735
t824,0.0,0.0,0.0,3742.487646060673,3742.487646060673
t825,0.0,0.0,0.0,4979.651887676506,4979.651887676506
t826,0.0,0.0,0.0,6815.214152585377,6815.214152585377
t827,0.0,0.0,0.0,7933.751272050278,7933.751272050278
t828,0.0,0.0,0.0,6995.2274523014885,6995.2274523014885
t829,0.0,0.0,0.0,5533.1863985154205,5533.1863985154205
t830,0.0,0.0,0.0,5128.173611971633,5128.173611971633
t831,0.0,0.0,0.0,4336.150006044646,4336.150006044646
t832,0.0,0.0,0.0,3317.621311158758,3317.621311158758
t833,0.0,0.0,0.0,1672.5770928100135,1672.5770928100135
t834,0.0,0.0,0.0,0.0,0.0
t835,0.0,0.0,0.0,4037.9128530413827,4037.9128530413827
t836,0.0,0.0,0.0,4682.818207073062,4682.818207073062
t837,0.0,0.0,0.0,3945.0334727069876,3945.0334727069876
t838,0.0,0.0,0.0,6941.877292245101,6941.877292245101
t839,0.0,0.0,0.0,729.3666388695362,729.3666388695362
t840,0.0,0.0,0.0,8442.962601285042,8442.962601285042
t841,0.0,0.0,0.0,4032.9803082642097,4032.9803082642097
t842,0.0,0.0,0.0,5307.48354208734,5307.48354208734
t843,0.0,0.0,0.0,2912.4243566098417,2912.4243566098417
t844,0.0,0.0,0.0,3167.404905277134,3167.404905277134
t845,0.0,0.0,0.0,3803.6324896987603,3803.6324896987603
t846,0.0,0.0,0.0,3529.014499485553,3529.014499485553
t847,0.0,0.0,0.0,2098.9194855853734,2098.9194855853734
t848,0.0,0.0,0.0,2017.7582888336412,2017.7582888336412
t849,0.0,0.0,0.0,4471.504553430642,4471.504553430642
t850,0.0,0.0,0.0,4658.281147261347,4658.281147261347
t851,0.0,0.0,0.0,4899.215948688517,4899.215948688517
t852,0.0,0.0,0.0,4837.717958613461,4837.717958613461
t853,0.0,0.0,0.0,4834.219925774043,4834.219925774043
t854,0.0,0.0,0.0,4676.717445441133,4676.717445441133
t855,0.0,0.0,0.0,4461.150814238195,4461.150814238195
t856,0.0,0.0,0.0,2938.6680526047703,2938.6680526047703
t857,0.0,0.0,0.0,8442.962601285042,8442.962601285042
t858,0.0,0.0,0.0,7147.613982337404,7147.613982337404
t859,0.0,0.0,0.0,6181.53590899775,6181.53590899775
t860,0.0,0.0,0.0,0.0,0.0
t861,0.0,0.0,0.0,1189.288610953171,1189.288610953171
t862,0.0,0.0,0.0,5774.555970347709,5774.555970347709
t863,0.0,0.0,0.0,3555.378427982742,3555.378427982742
t864,0.0,0.0,0.0,8270.316406486652,8270.316406486652
t865,0.0,0.0,0.0,1585.7051347393574,1585.7051347393574
t866,0.0,0.0,0.0,8442.962601285042,8442.962601285042
t867,0.0,0.0,0.0,7584.4665331698825,7584.4665331698825
t868,0.0,0.0,0.0,4073.1411024277086,4073.1411024277086
t869,0.0,0.0,0.0,2430.805635570291,2430.805635570291
t870,0.0,0.0,0.0,2159.7622920999697,2159.7622920999697
t871,0.0,0.0,0.0,2305.186039026898,2305.186039026898
t872,0.0,0.0,0.0,4933.219926911356,4933.219926911356
t873,0.0,0.0,0.0,4736.516759048836,4736.516759048836
t874,0.0,0.0,0.0,6899.954593495914,6899.954593495914
t875,0.0,0.0,0.0,8442.962601285042,8442.962601285042
t876,0.0,0.0,0.0,3630.18293460222,3630.18293460222
t877,0.0,0.0,0.0,5638.029930274307,5638.029930274307
t878,0.0,0.0,0.0,8442.962601285042,8442.962601285042
t879,0.0,0.0,0.0,8442.962601285042,8442.962601285042
t880,0.0,0.0,0.0,4572.661720799959,4572.661720799959
t881,0.0,0.0,0.0,4572.661720799959,4572.661720799959
t882,0.0,0.0,0.0,1843.2247278502746,1843.2247278502746
t883,0.0,0.0,0.0,7302.09871374964,7302.09871374964
t884,0.0,0.0,0.0,0.0,0.0
t885,0.0,0.0,0.0,0.0,0.0
t886,0.0,0.0,0.0,93.62629898211041,93.62629898211041
t887,0.0,0.0,0.0,0.0,0.0
t888,0.0,0.0,0.0,0.0,0.0
t889,0.0,0.0,0.0,0.0,0.0
t890,0.0,0.0,0.0,135.69852377271195,135.69852377271195
t891,0.0,0.0,0.0,87.40334539230155,87.40334539230155
t892,0.0,0.0,0.0,5164.230532800032,5164.230532800032
t893,0.0,0.0,0.0,0.0,0.0
t894,0.0,0.0,0.0,0.0,0.0
t895,0.0,0.0,0.0,0.0,0.0
t896,0.0,0.0,0.0,0.0,0.0
t897,0.0,0.0,0.0,597.3692608634726,597.3692608634726
t898,0.0,0.0,0.0,0.0,0.0
t899,0.0,0.0,0.0,0.0,0.0
t900,0.0,0.0,0.0,161.9002325103871,161.9002325103871
t901,0.0,0.0,0.0,0.0,0.0
t902,0.0,0.0,0.0,0.0,0.0
t903,0.0,0.0,0.0,0.0,0.0
t904,0.0,0.0,0.0,0.0,0.0
t905,0.0,0.0,0.0,0.0,0.0
t906,0.0,0.0,0.0,0.0,0.0
t907,0.0,0.0,0.0,0.0,0.0
t908,0.0,0.0,0.0,0.0,0.0
t909,0.0,0.0,0.0,659.0826235567774,659.0826235567774
t910,0.0,0.0,0.0,789.9364053468787,789.9364053468787
t911,0.0,0.0,0.0,8129.074626766201,8129.074626766201
t912,0.0,0.0,0.0,6699.927208265964,6699.927208265964
t913,0.0,0.0,0.0,0.0,0.0
t914,0.0,0.0,0.0,5722.979243451177,5722.979243451177
t915,0.0,0.0,0.0,3599.0329696279664,3599.0329696279664
t916,0.0,0.0,0.0,7495.506768347581,7495.506768347581
t917,0.0,0.0,0.0,-0.0,0.0
t918,0.0,0.0,0.0,8442.962601285042,8442.962601285042
t919,0.0,0.0,0.0,2950.2597850123325,2950.2597850123325
t920,0.0,0.0,0.0,4292.441989795653,4292.441989795653
t921,0.0,0.0,0.0,4809.839701122001,4809.839701122001
t922,0.0,0.0,0.0,7338.157282912679,7338.157282912679
t923,0.0,0.0,0.0,5168.7204817107295,5168.7204817107295
t924,0.0,0.0,0.0,7985.8609226556955,7985.8609226556955
t925,0.0,0.0,0.0,7899.719684913539,7899.719684913539
t926,0.0,0.0,0.0,7463.260327049314,7463.260327049314
t927,0.0,0.0,0.0,5861.749780994081,5861.749780994081
t928,0.0,0.0,0.0,4055.9788719454436,4055.9788719454436
t929,0.0,0.0,0.0,0.0,0.0
t930,0.0,0.0,0.0,0.0,0.0
t931,0.0,0.0,0.0,0.0,0.0
t932,0.0,0.0,0.0,1342.1144920673162,1342.1144920673162
t933,0.0,0.0,0.0,0.0,0.0
t934,0.0,0.0,0.0,0.0,0.0
t935,0.0,0.0,0.0,0.0,0.0
t936,0.0,0.0,0.0,0.0,0.0
t937,0.0,0.0,0.0,0.0,0.0
t938,0.0,0.0,0.0,0.0,0.0
t939,0.0,0.0,0.0,0.0,0.0
t940,0.0,0.0,0.0,0.0,0.0
t941,0.0,0.0,0.0,0.0,0.0
t942,0.0,0.0,0.0,7536.421252187976,7536.421252187976
t943,0.0,0.0,0.0,4248.93897897154,4248.93897897154
t944,0.0,0.0,0.0,3199.958494755077,3199.958494755077
t945,0.0,0.0,0.0,4183.640572888216,4183.640572888216
t946,0.0,0.0,0.0,5250.216889504446,5250.216889504446
t947,0.0,0.0,0.0,6498.758713049006,6498.758713049006
t948,0.0,0.0,0.0,7115.779282706399,7115.779282706399
t949,0.0,0.0,0.0,7027.2776576607,7027.2776576607
t950,0.0,0.0,0.0,6864.774792448548,6864.774792448548
t951,0.0,0.0,0.0,8442.962601285042,8442.962601285042
t952,0.0,0.0,0.0,5149.79216522479,5149.79216522479
t953,0.0,0.0,0.0,1751.6279823989942,1751.6279823989942
t954,0.0,0.0,0.0,0.0,0.0
t955,0.0,0.0,0.0,0.0,0.0
t956,0.0,0.0,0.0,7805.402962081504,7805.402962081504
t957,0.0,0.0,0.0,3974.2423672228747,3974.2423672228747
t958,0.0,0.0,0.0,7136.938633740265,7136.938633740265
t959,0.0,0.0,0.0,7364.032505550406,7364.032505550406
t960,0.0,0.0,0.0,4641.645732338458,4641.645732338458
t961,0.0,0.0,0.0,3610.1425330498655,3610.1425330498655
t962,0.0,0.0,0.0,3858.2753657156622,3858.2753657156622
t963,0.0,0.0,0.0,3205.163063981597,3205.163063981597
t964,0.0,0.0,0.0,2200.3760333367563,2200.3760333367563
t965,0.0,0.0,0.0,1694.4836607033849,1694.4836607033849
t966,0.0,0.0,0.0,5189.984503569952,5189.984503569952
t967,0.0,0.0,0.0,3087.882921377235,3087.882921377235
t968,0.0,0.0,0.0,2969.0638464385247,2969.0638464385247
t969,0.0,0.0,0.0,5515.6640223555105,5515.6640223555105
t970,0.0,0.0,0.0,5880.71090249398,5880.71090249398
t971,0.0,0.0,0.0,7032.249818062024,7032.249818062024
t972,0.0,0.0,0.0,7399.262476312727,7399.262476312727
t973,0.0,0.0,0.0,7260.758499227202,7260.758499227202
t974,0.0,0.0,0.0,7184.7546076703975,7184.7546076703975
t975,0.0,0.0,0.0,6317.228307588698,6317.228307588698
t976,0.0,0.0,0.0,4802.684730705361,4802.684730705361
t977,0.0,0.0,0.0,2721.1259724740503,2721.1259724740503
t978,0.0,0.0,0.0,2642.8236643126393,2642.8236643126393
t979,0.0,0.0,0.0,8442.962601285042,8442.962601285042
t980,0.0,0.0,0.0,4572.661720799959,4572.661720799959
t981,0.0,0.0,0.0,0.0,0.0
t982,0.0,0.0,0.0,0.0,0.0
t983,0.0,0.0,0.0,0.0,0.0
t984,0.0,0.0,0.0,0.0,0.0
t985,0.0,0.0,0.0,0.0,0.0
t986,0.0,0.0,0.0,0.0,0.0
t987,0.0,0.0,0.0,0.0,0.0
t988,0.0,0.0,0.0,0.0,0.0
t989,0.0,0.0,0.0,0.0,0.0
t990,0.0,0.0,0.0,0.0,0.0
t991,0.0,0.0,0.0,0.0,0.0
t992,0.0,0.0,0.0,44.120977627661865,44.120977627661865
t993,0.0,0.0,0.0,2161.412473737155,2161.412473737155
t994,0.0,0.0,0.0,6613.543083513912,6613.543083513912
t995,0.0,0.0,0.0,7626.2514431077225,7626.2514431077225
t996,0.0,0.0,0.0,5435.940764186922,5435.940764186922
t997,0.0,0.0,0.0,8030.768591616276,8030.768591616276
t998,0.0,0.0,0.0,7921.764571766391,7921.764571766391
t999,0.0,0.0,0.0,6778.731429387013,6778.731429387013
t1000,0.0,0.0,0.0,5097.184046475593,5097.184046475593
t1001,0.0,0.0,0.0,2943.124732307597,2943.124732307597
t1002,0.0,0.0,0.0,372.0536151761049,372.0536151761049
t1003,0.0,0.0,0.0,7680.240978006185,7680.240978006185
t1004,0.0,0.0,0.0,7295.227557709944,7295.227557709944
t1005,0.0,0.0,0.0,3112.8751023421196,3112.8751023421196
t1006,0.0,0.0,0.0,6032.448339257797,6032.448339257797
t1007,0.0,0.0,0.0,2673.8134602927416,2673.8134602927416
t1008,0.0,0.0,0.0,1847.7501757141933,1847.7501757141933
t1009,0.0,0.0,0.0,5285.08035887095,5285.08035887095
t1010,0.0,0.0,0.0,4486.134210860501,4486.134210860501
t1011,0.0,0.0,0.0,4129.434979888884,4129.434979888884
t1012,0.0,0.0,0.0,8442.962601285042,8442.962601285042
t1013,0.0,0.0,0.0,3393.483443375177,3393.483443375177
t1014,0.0,0.0,0.0,8442.962601285042,8442.962601285042
t1015,0.0,0.0,0.0,3666.3762597452633,3666.3762597452633
t1016,0.0,0.0,0.0,1376.8452561667343,1376.8452561667343
t1017,0.0,0.0,0.0,2023.1438286055788,2023.1438286055788
t1018,0.0,0.0,0.0,5114.347346026756,5114.347346026756
t1019,0.0,0.0,0.0,8275.607350712078,8275.607350712078
t1020,0.0,0.0,0.0,5682.216513211903,5682.216513211903
t1021,0.0,0.0,0.0,8298.869515210838,8298.869515210838
t1022,0.0,0.0,0.0,8072.485997275622,8072.485997275622
t1023,0.0,0.0,0.0,6676.0393898240645,6676.0393898240645
t1024,0.0,0.0,0.0,4572.661720799959,4572.661720799959
t1025,0.0,0.0,0.0,0.0,0.0
t1026,0.0,0.0,0.0,0.0,0.0
t1027,0.0,0.0,0.0,0.0,0.0
t1028,0.0,0.0,0.0,0.0,0.0
t1029,0.0,0.0,0.0,0.0,0.0
t1030,0.0,0.0,0.0,2330.4442361369483,2330.4442361369483
t1031,0.0,0.0,0.0,0.0,0.0
t1032,0.0,0.0,0.0,0.0,0.0
t1033,0.0,0.0,0.0,0.0,0.0
t1034,0.0,0.0,0.0,0.0,0.0
t1035,0.0,0.0,0.0,451.2939970473031,451.2939970473031
t1036,0.0,0.0,0.0,501.38927096629436,501.38927096629436
t1037,0.0,0.0,0.0,0.0,0.0
t1038,0.0,0.0,0.0,3125.1773050654883,3125.1773050654883
t1039,0.0,0.0,0.0,0.0,0.0
t1040,0.0,0.0,0.0,0.0,0.0
t1041,0.0,0.0,0.0,0.0,0.0
t1042,0.0,0.0,0.0,788.4168751548337,788.4168751548337
t1043,0.0,0.0,0.0,3253.433912516913,3253.433912516913
t1044,0.0,0.0,0.0,4674.340505667305,4674.340505667305
t1045,0.0,0.0,0.0,5559.632301176784,5559.632301176784
t1046,0.0,0.0,0.0,5772.090782578345,5772.090782578345
t1047,0.0,0.0,0.0,4075.451302460339,4075.451302460339
t1048,0.0,0.0,0.0,1955.4672408952028,1955.4672408952028
t1049,0.0,0.0,0.0,0.0,0.0
t1050,0.0,0.0,0.0,0.0,0.0
t1051,0.0,0.0,0.0,0.0,0.0
t1052,0.0,0.0,0.0,0.0,0.0
t1053,0.0,0.0,0.0,0.0,0.0
t1054,0.0,0.0,0.0,443.3695864420066,443.3695864420066
t1055,0.0,0.0,0.0,0.0,0.0
t1056,0.0,0.0,0.0,0.0,0.0
t1057,0.0,0.0,0.0,0.0,0.0
t1058,0.0,0.0,0.0,0.0,0.0
t1059,0.0,0.0,0.0,0.0,0.0
t1060,0.0,0.0,0.0,0.0,0.0
t1061,0.0,0.0,0.0,275.9616630565328,275.9616630565328
t1062,0.0,0.0,0.0,0.0,0.0
t1063,0.0,0.0,0.0,705.9297246445295,705.9297246445295
t1064,0.0,0.0,0.0,0.0,0.0
t1065,0.0,0.0,0.0,0.0,0.0
t1066,0.0,0.0,0.0,156.86371749902685,156.86371749902685
t1067,0.0,0.0,0.0,2485.793833097963,2485.793833097963
t1068,0.0,0.0,0.0,3512.431728033361,3512.431728033361
t1069,0.0,0.0,0.0,3353.8513446895754,3353.8513446895754
t1070,0.0,0.0,0.0,6777.548903746638,6777.548903746638
t1071,0.0,0.0,0.0,2942.938667119547,2942.938667119547
t1072,0.0,0.0,0.0,0.0,0.0
t1073,0.0,0.0,0.0,0.0,0.0
t1074,0.0,0.0,0.0,0.0,0.0
t1075,0.0,0.0,0.0,0.0,0.0
t1076,0.0,0.0,0.0,0.0,0.0
t1077,0.0,0.0,0.0,0.0,0.0
t1078,0.0,0.0,0.0,2416.0094972185907,2416.0094972185907
t1079,0.0,0.0,0.0,0.0,0.0
t1080,0.0,0.0,0.0,1380.1988835400164,1380.1988835400164
t1081,0.0,0.0,0.0,4541.380938752818,4541.380938752818
t1082,0.0,0.0,0.0,4578.752334728012,4578.752334728012
t1083,0.0,0.0,0.0,7895.9594425416935,7895.9594425416935
t1084,0.0,0.0,0.0,8377.249705967524,8377.249705967524
t1085,0.0,0.0,0.0,3900.8503721467473,3900.8503721467473
t1086,0.0,0.0,0.0,5290.171787856316,5290.171787856316
t1087,0.0,0.0,0.0,0.0,0.0
t1088,0.0,0.0,0.0,0.0,0.0
t1089,0.0,0.0,0.0,0.0,0.0
t1090,0.0,0.0,0.0,0.0,0.0
t1091,0.0,0.0,0.0,1080.2238177705376,1080.2238177705376
t1092,0.0,0.0,0.0,1864.10123750872,1864.10123750872
t1093,0.0,0.0,0.0,2066.912009484863,2066.912009484863
t1094,0.0,0.0,0.0,4990.150854567517,4990.150854567517
t1095,0.0,0.0,0.0,0.0,0.0
t1096,0.0,0.0,0.0,0.0,0.0
t1097,0.0,0.0,0.0,0.0,0.0
t1098,0.0,0.0,0.0,0.0,0.0
t1099,0.0,0.0,0.0,0.0,0.0
t1100,0.0,0.0,0.0,0.0,0.0
t1101,0.0,0.0,0.0,0.0,0.0
t1102,0.0,0.0,0.0,0.0,0.0
t1103,0.0,0.0,0.0,0.0,0.0
t1104,0.0,0.0,0.0,36.980852618563986,36.980852618563986
t1105,0.0,0.0,0.0,3429.330891675951,3429.330891675951
t1106,0.0,0.0,0.0,8318.440197190013,8318.440197190013
t1107,0.0,0.0,0.0,8442.962601285042,8442.962601285042
t1108,0.0,0.0,0.0,4451.0581865819995,4451.0581865819995
t1109,0.0,0.0,0.0,4918.5525306372565,4918.5525306372565
t1110,0.0,0.0,0.0,5097.954335837346,5097.954335837346
t1111,0.0,0.0,0.0,0.0,0.0
t1112,0.0,0.0,0.0,0.0,0.0
t1113,0.0,0.0,0.0,0.0,0.0
t1114,0.0,0.0,0.0,0.0,0.0
t1115,0.0,0.0,0.0,0.0,0.0
t1116,0.0,0.0,0.0,0.0,0.0
t1117,0.0,0.0,0.0,0.0,0.0
t1118,0.0,0.0,0.0,0.0,0.0
t1119,0.0,0.0,0.0,0.0,0.0
t1120,0.0,0.0,0.0,691.5956946713209,691.5956946713209
t1121,0.0,0.0,0.0,34.75025876633708,34.75025876633708
t1122,0.0,0.0,0.0,0.0,0.0
t1123,0.0,0.0,0.0,0.0,0.0
t1124,0.0,0.0,0.0,0.0,0.0
t1125,0.0,0.0,0.0,0.0,0.0
t1126,0.0,0.0,0.0,2399.580829531683,2399.580829531683
t1127,0.0,0.0,0.0,0.0,0.0
t1128,0.0,0.0,0.0,0.0,0.0
t1129,0.0,0.0,0.0,0.0,0.0
t1130,0.0,0.0,0.0,0.0,0.0
t1131,0.0,0.0,0.0,1547.301926755333,1547.301926755333
t1132,0.0,0.0,0.0,4661.505359241134,4661.505359241134
t1133,0.0,0.0,0.0,4927.485081095796,4927.485081095796
t1134,0.0,0.0,0.0,8405.396006016152,8405.396006016152
t1135,0.0,0.0,0.0,8442.962601285042,8442.962601285042
t1136,0.0,0.0,0.0,798.3524204557026,798.3524204557026
t1137,0.0,0.0,0.0,5256.367057606937,5256.367057606937
t1138,0.0,0.0,0.0,203.1774062357403,203.1774062357403
t1139,0.0,0.0,0.0,865.5103042249674,865.5103042249674
t1140,0.0,0.0,0.0,0.0,0.0
t1141,0.0,0.0,0.0,0.0,0.0
t1142,0.0,0.0,0.0,1119.1485258219025,1119.1485258219025
t1143,0.0,0.0,0.0,1122.946983878716,1122.946983878716
t1144,0.0,0.0,0.0,0.0,0.0
t1145,0.0,0.0,0.0,0.0,0.0
t1146,0.0,0.0,0.0,0.0,0.0
t1147,0.0,0.0,0.0,0.0,0.0
t1148,0.0,0.0,0.0,0.0,0.0
t1149,0.0,0.0,0.0,0.0,0.0
t1150,0.0,0.0,0.0,0.0,0.0
t1151,0.0,0.0,0.0,0.0,0.0
t1152,0.0,0.0,0.0,0.0,0.0
t1153,0.0,0.0,0.0,0.0,0.0
t1154,0.0,0.0,0.0,1371.9870866507372,1371.9870866507372
t1155,0.0,0.0,0.0,1213.4587467406188,1213.4587467406188
t1156,0.0,0.0,0.0,0.0,0.0
t1157,0.0,0.0,0.0,0.0,0.0
t1158,0.0,0.0,0.0,730.305182588864,730.305182588864
t1159,0.0,0.0,0.0,2203.4432708431164,2203.4432708431164
t1160,0.0,0.0,0.0,0.0,0.0
t1161,0.0,0.0,0.0,260.38500562333763,260.38500562333763
t1162,0.0,0.0,0.0,1831.279604340727,1831.279604340727
t1163,0.0,0.0,0.0,4602.211656273837,4602.211656273837
t1164,0.0,0.0,0.0,95.35109804978426,95.35109804978426
t1165,0.0,0.0,0.0,624.568591782614,624.568591782614
t1166,0.0,0.0,0.0,1631.0347705835752,1631.0347705835752
t1167,0.0,0.0,0.0,4166.972988905486,4166.972988905486
t1168,0.0,0.0,0.0,2190.787540968789,2190.787540968789
t1169,0.0,0.0,0.0,0.0,0.0
t1170,0.0,0.0,0.0,0.0,0.0
t1171,0.0,0.0,0.0,0.0,0.0
t1172,0.0,0.0,0.0,0.0,0.0
t1173,0.0,0.0,0.0,0.0,0.0
t1174,0.0,0.0,0.0,0.0,0.0
t1175,0.0,0.0,0.0,0.0,0.0
t1176,0.0,0.0,0.0,0.0,0.0
t1177,0.0,0.0,0.0,0.0,0.0
t1178,0.0,0.0,0.0,0.0,0.0
t1179,0.0,0.0,0.0,0.0,0.0
t1180,0.0,0.0,0.0,0.0,0.0
t1181,0.0,0.0,0.0,0.0,0.0
t1182,0.0,0.0,0.0,0.0,0.0
t1183,0.0,0.0,0.0,0.0,0.0
t1184,0.0,0.0,0.0,0.0,0.0
t1185,0.0,0.0,0.0,0.0,0.0
t1186,0.0,0.0,0.0,0.0,0.0
t1187,0.0,0.0,0.0,5639.985167324612,5639.985167324612
t1188,0.0,0.0,0.0,5619.705475495262,5619.705475495262
t1189,0.0,0.0,0.0,8442.962601285042,8442.962601285042
t1190,0.0,0.0,0.0,6148.2644169878,6148.2644169878
t1191,0.0,0.0,0.0,6289.116309707346,6289.116309707346
t1192,0.0,0.0,0.0,2545.350216901088,2545.350216901088
t1193,0.0,0.0,0.0,0.0,0.0
t1194,0.0,0.0,0.0,2220.617523243085,2220.617523243085
t1195,0.0,0.0,0.0,0.0,0.0
t1196,0.0,0.0,0.0,0.0,0.0
t1197,0.0,0.0,0.0,0.0,0.0
t1198,0.0,0.0,0.0,0.0,0.0
t1199,0.0,0.0,0.0,0.0,0.0
t1200,0.0,0.0,0.0,0.0,0.0
t1201,0.0,0.0,0.0,0.0,0.0
t1202,0.0,0.0,0.0,2863.683400989073,2863.683400989073
t1203,0.0,0.0,0.0,6178.212531416463,6178.212531416463
t1204,0.0,0.0,0.0,3844.5043275339435,3844.5043275339435
t1205,0.0,0.0,0.0,5125.521104690306,5125.521104690306
t1206,0.0,0.0,0.0,5988.458162016582,5988.458162016582
t1207,0.0,0.0,0.0,4826.977712186557,4826.977712186557
t1208,0.0,0.0,0.0,2041.2140246701479,2041.2140246701479
t1209,0.0,0.0,0.0,5607.666579775804,5607.666579775804
t1210,0.0,0.0,0.0,5218.490550263269,5218.490550263269
t1211,0.0,0.0,0.0,3927.079508787715,3927.079508787715
t1212,0.0,0.0,0.0,3057.2033029776444,3057.2033029776444
t1213,0.0,0.0,0.0,6846.711178520008,6846.711178520008
t1214,0.0,0.0,0.0,1656.5408069104637,1656.5408069104637
t1215,0.0,0.0,0.0,8442.962601285042,8442.962601285042
t1216,0.0,0.0,0.0,7628.300835340629,7628.300835340629
t1217,0.0,0.0,0.0,7288.161793292789,7288.161793292789
t1218,0.0,0.0,0.0,2423.496846826961,2423.496846826961
t1219,0.0,0.0,0.0,4463.55135961852,4463.55135961852
t1220,0.0,0.0,0.0,1042.3279929945277,1042.3279929945277
t1221,0.0,0.0,0.0,2636.4995863861845,2636.4995863861845
t1222,0.0,0.0,0.0,4303.886472614355,4303.886472614355
t1223,0.0,0.0,0.0,3998.1954940902915,3998.1954940902915
t1224,0.0,0.0,0.0,5058.88993508702,5058.88993508702
t1225,0.0,0.0,0.0,6123.988880664065,6123.988880664065
t1226,0.0,0.0,0.0,8442.962601285042,8442.962601285042
t1227,0.0,0.0,0.0,8442.962601285042,8442.962601285042
t1228,0.0,0.0,0.0,5273.078097574684,5273.078097574684
t1229,0.0,0.0,0.0,6422.1005339226085,6422.1005339226085
t1230,0.0,0.0,0.0,6898.20975704056,6898.20975704056
t1231,0.0,0.0,0.0,0.0,0.0
t1232,0.0,0.0,0.0,0.0,0.0
t1233,0.0,0.0,0.0,0.0,0.0
t1234,0.0,0.0,0.0,0.0,0.0
t1235,0.0,0.0,0.0,1127.6827829335084,1127.6827829335084
t1236,0.0,0.0,0.0,0.0,0.0
t1237,0.0,0.0,0.0,1902.0691258513996,1902.0691258513996
t1238,0.0,0.0,0.0,738.921695520931,738.921695520931
t1239,0.0,0.0,0.0,4461.957781809042,4461.957781809042
t1240,0.0,0.0,0.0,0.0,0.0
t1241,0.0,0.0,0.0,0.0,0.0
t1242,0.0,0.0,0.0,0.0,0.0
t1243,0.0,0.0,0.0,0.0,0.0
t1244,0.0,0.0,0.0,0.0,0.0
t1245,0.0,0.0,0.0,0.0,0.0
t1246,0.0,0.0,0.0,3458.466389235692,3458.466389235692
t1247,0.0,0.0,0.0,0.0,0.0
t1248,0.0,0.0,0.0,4937.07625366757,4937.07625366757
t1249,0.0,0.0,0.0,4346.7405960750475,4346.7405960750475
t1250,0.0,0.0,0.0,0.0,0.0
t1251,0.0,0.0,0.0,0.0,0.0
t1252,0.0,0.0,0.0,0.0,0.0
t1253,0.0,0.0,0.0,0.0,0.0
t1254,0.0,0.0,0.0,0.0,0.0
t1255,0.0,0.0,0.0,0.0,0.0
t1256,0.0,0.0,0.0,0.0,0.0
t1257,0.0,0.0,0.0,0.0,0.0
t1258,0.0,0.0,0.0,0.0,0.0
t1259,0.0,0.0,0.0,1383.95128550075,1383.95128550075
t1260,0.0,0.0,0.0,1773.7893811935344,1773.7893811935344
t1261,0.0,0.0,0.0,4083.09713535016,4083.09713535016
t1262,0.0,0.0,0.0,4085.2224924651264,4085.2224924651264
t1263,0.0,0.0,0.0,3442.887954687386,3442.887954687386
t1264,0.0,0.0,0.0,1983.1328924602367,1983.1328924602367
t1265,0.0,0.0,0.0,347.5773303220837,347.5773303220837
t1266,0.0,0.0,0.0,0.0,0.0
t1267,0.0,0.0,0.0,0.0,0.0
t1268,0.0,0.0,0.0,0.0,0.0
t1269,0.0,0.0,0.0,181.03191957126086,181.03191957126086
t1270,0.0,0.0,0.0,0.0,0.0
t1271,0.0,0.0,0.0,0.0,0.0
t1272,0.0,0.0,0.0,0.0,0.0
t1273,0.0,0.0,0.0,1994.827748664413,1994.827748664413
t1274,0.0,0.0,0.0,6053.446756516719,6053.446756516719
t1275,0.0,0.0,0.0,4715.245446711013,4715.245446711013
t1276,0.0,0.0,0.0,4683.521875538132,4683.521875538132
t1277,0.0,0.0,0.0,5706.553563230237,5706.553563230237
t1278,0.0,0.0,0.0,4595.102571982997,4595.102571982997
t1279,0.0,0.0,0.0,0.0,0.0
t1280,0.0,0.0,0.0,0.0,0.0
t1281,0.0,0.0,0.0,0.0,0.0
t1282,0.0,0.0,0.0,0.0,0.0
t1283,0.0,0.0,0.0,0.0,0.0
t1284,0.0,0.0,0.0,135.04978356137087,135.04978356137087
t1285,0.0,0.0,0.0,1032.972414829345,1032.972414829345
t1286,0.0,0.0,0.0,362.54212834599286,362.54212834599286
t1287,0.0,0.0,0.0,0.0,0.0
t1288,0.0,0.0,0.0,0.0,0.0
t1289,0.0,0.0,0.0,0.0,0.0
t1290,0.0,0.0,0.0,0.0,0.0
t1291,0.0,0.0,0.0,0.0,0.0
t1292,0.0,0.0,0.0,0.0,0.0
t1293,0.0,0.0,0.0,676.3274748774588,676.3274748774588
t1294,0.0,0.0,0.0,0.0,0.0
t1295,0.0,0.0,0.0,361.8877305161098,361.8877305161098
t1296,0.0,0.0,0.0,0.0,0.0
t1297,0.0,0.0,0.0,0.0,0.0
t1298,0.0,0.0,0.0,0.0,0.0
t1299,0.0,0.0,0.0,0.0,0.0
t1300,0.0,0.0,0.0,0.0,0.0
t1301,0.0,0.0,0.0,0.0,0.0
t1302,0.0,0.0,0.0,1293.5106886541505,1293.5106886541505
t1303,0.0,0.0,0.0,107.05673155537897,107.05673155537897
t1304,0.0,0.0,0.0,0.0,0.0
t1305,0.0,0.0,0.0,24.059572440867427,24.059572440867427
t1306,0.0,0.0,0.0,3080.242493949278,3080.242493949278
t1307,0.0,0.0,0.0,6602.249390418418,6602.249390418418
t1308,0.0,0.0,0.0,6965.264657295111,6965.264657295111
t1309,0.0,0.0,0.0,6727.760380859062,6727.760380859062
t1310,0.0,0.0,0.0,6382.751785222605,6382.751785222605
t1311,0.0,0.0,0.0,5652.232113616782,5652.232113616782
t1312,0.0,0.0,0.0,5139.7415172688225,5139.7415172688225
t1313,0.0,0.0,0.0,1948.1309759042276,1948.1309759042276
t1314,0.0,0.0,0.0,2475.78094893884,2475.78094893884
t1315,0.0,0.0,0.0,3616.669403228123,3616.669403228123
t1316,0.0,0.0,0.0,3674.2893096807006,3674.2893096807006
t1317,0.0,0.0,0.0,8442.962601285042,8442.962601285042
t1318,0.0,0.0,0.0,7400.784246606011,7400.784246606011
t1319,0.0,0.0,0.0,5725.885420164594,5725.885420164594
t1320,0.0,0.0,0.0,5048.966407815027,5048.966407815027
t1321,0.0,0.0,0.0,5633.243070798038,5633.243070798038
t1322,0.0,0.0,0.0,6800.230411122392,6800.230411122392
t1323,0.0,0.0,0.0,0.0,0.0
t1324,0.0,0.0,0.0,0.0,0.0
t1325,0.0,0.0,0.0,0.0,0.0
t1326,0.0,0.0,0.0,0.0,0.0
t1327,0.0,0.0,0.0,0.0,0.0
t1328,0.0,0.0,0.0,0.0,0.0
t1329,0.0,0.0,0.0,87.36717025334251,87.36717025334251
t1330,0.0,0.0,0.0,2725.5441700591305,2725.5441700591305
t1331,0.0,0.0,0.0,6401.242206005855,6401.242206005855
t1332,0.0,0.0,0.0,6681.1702089163455,6681.1702089163455
t1333,0.0,0.0,0.0,6178.753624090107,6178.753624090107
t1334,0.0,0.0,0.0,5909.750202941268,5909.750202941268
t1335,0.0,0.0,0.0,5089.730745157246,5089.730745157246
t1336,0.0,0.0,0.0,3370.685714285651,3370.685714285651
t1337,0.0,0.0,0.0,1190.6288376862033,1190.6288376862033
t1338,0.0,0.0,0.0,5428.136161872011,5428.136161872011
t1339,0.0,0.0,0.0,5834.129521995971,5834.129521995971
t1340,0.0,0.0,0.0,2023.063016545378,2023.063016545378
t1341,0.0,0.0,0.0,6398.234804041546,6398.234804041546
t1342,0.0,0.0,0.0,8153.4006699031,8153.4006699031
t1343,0.0,0.0,0.0,8152.326562700514,8152.326562700514
t1344,0.0,0.0,0.0,8442.962601285042,8442.962601285042
t1345,0.0,0.0,0.0,8442.962601285042,8442.962601285042
t1346,0.0,0.0,0.0,341.89600131252246,341.89600131252246
t1347,0.0,0.0,0.0,8442.962601285042,8442.962601285042
t1348,0.0,0.0,0.0,1247.99465749775,1247.99465749775
t1349,0.0,0.0,0.0,8442.962601285042,8442.962601285042
t1350,0.0,0.0,0.0,-0.0,0.0
t1351,0.0,0.0,0.0,8442.962601285042,8442.962601285042
t1352,0.0,0.0,0.0,3198.7346247281234,3198.7346247281234
t1353,0.0,0.0,0.0,3833.658045744416,3833.658045744416
t1354,0.0,0.0,0.0,6120.22681083608,6120.22681083608
t1355,0.0,0.0,0.0,7230.7615782611565,7230.7615782611565
t1356,0.0,0.0,0.0,7375.266838277497,7375.266838277497
t1357,0.0,0.0,0.0,7442.267864622148,7442.267864622148
t1358,0.0,0.0,0.0,7406.266581691335,7406.266581691335
t1359,0.0,0.0,0.0,6061.726297663754,6061.726297663754
t1360,0.0,0.0,0.0,3579.154025894531,3579.154025894531
t1361,0.0,0.0,0.0,121.55669421006188,121.55669421006188
t1362,0.0,0.0,0.0,-0.0,0.0
t1363,0.0,0.0,0.0,3168.5187273594515,3168.5187273594515
t1364,0.0,0.0,0.0,66.7721029155007,66.7721029155007
t1365,0.0,0.0,0.0,8386.446693377362,8386.446693377362
t1366,0.0,0.0,0.0,2102.479486863242,2102.479486863242
t1367,0.0,0.0,0.0,5905.618596751195,5905.618596751195
t1368,0.0,0.0,0.0,3444.447020994831,3444.447020994831
t1369,0.0,0.0,0.0,5527.582642715017,5527.582642715017
t1370,0.0,0.0,0.0,6784.933172341697,6784.933172341697
t1371,0.0,0.0,0.0,0.0,0.0
t1372,0.0,0.0,0.0,8122.641245649426,8122.641245649426
t1373,0.0,0.0,0.0,1567.9590509673683,1567.9590509673683
t1374,0.0,0.0,0.0,8442.962601285042,8442.962601285042
t1375,0.0,0.0,0.0,1180.964776701531,1180.964776701531
t1376,0.0,0.0,0.0,6232.147752401937,6232.147752401937
t1377,0.0,0.0,0.0,3310.310018683479,3310.310018683479
t1378,0.0,0.0,0.0,8442.962601285042,8442.962601285042
t1379,0.0,0.0,0.0,8285.364564938203,8285.364564938203
t1380,0.0,0.0,0.0,8092.834916685064,8092.834916685064
t1381,0.0,0.0,0.0,6222.236629143663,6222.236629143663
t1382,0.0,0.0,0.0,6711.76585077694,6711.76585077694
t1383,0.0,0.0,0.0,0.0,0.0
t1384,0.0,0.0,0.0,0.0,0.0
t1385,0.0,0.0,0.0,0.0,0.0
t1386,0.0,0.0,0.0,0.0,0.0
t1387,0.0,0.0,0.0,0.0,0.0
t1388,0.0,0.0,0.0,0.0,0.0
t1389,0.0,0.0,0.0,0.0,0.0
t1390,0.0,0.0,0.0,0.0,0.0
t1391,0.0,0.0,0.0,0.0,0.0
t1392,0.0,0.0,0.0,3664.7630218944405,3664.7630218944405
t1393,0.0,0.0,0.0,0.0,0.0
t1394,0.0,0.0,0.0,0.0,0.0
t1395,0.0,0.0,0.0,499.22154228413706,499.22154228413706
t1396,0.0,0.0,0.0,0.0,0.0
t1397,0.0,0.0,0.0,0.0,0.0
t1398,0.0,0.0,0.0,0.0,0.0
t1399,0.0,0.0,0.0,0.0,0.0
t1400,0.0,0.0,0.0,0.0,0.0
t1401,0.0,0.0,0.0,0.0,0.0
t1402,0.0,0.0,0.0,2088.3370863092646,2088.3370863092646
t1403,0.0,0.0,0.0,2929.8383816708833,2929.8383816708833
t1404,0.0,0.0,0.0,4059.768730597355,4059.768730597355
t1405,0.0,0.0,0.0,3694.3483792233687,3694.3483792233687
t1406,0.0,0.0,0.0,2090.286279239864,2090.286279239864
t1407,0.0,0.0,0.0,598.7848290996496,598.7848290996496
t1408,0.0,0.0,0.0,0.0,0.0
t1409,0.0,0.0,0.0,0.0,0.0
t1410,0.0,0.0,0.0,0.0,0.0
t1411,0.0,0.0,0.0,0.0,0.0
t1412,0.0,0.0,0.0,0.0,0.0
t1413,0.0,0.0,0.0,0.0,0.0
t1414,0.0,0.0,0.0,0.0,0.0
t1415,0.0,0.0,0.0,0.0,0.0
t1416,0.0,0.0,0.0,0.0,0.0
t1417,0.0,0.0,0.0,0.0,0.0
t1418,0.0,0.0,0.0,0.0,0.0
t1419,0.0,0.0,0.0,0.0,0.0
t1420,0.0,0.0,0.0,0.0,0.0
t1421,0.0,0.0,0.0,0.0,0.0
t1422,0.0,0.0,0.0,397.7813438324349,397.7813438324349
t1423,0.0,0.0,0.0,0.0,0.0
t1424,0.0,0.0,0.0,-0.0,0.0
t1425,0.0,0.0,0.0,0.0,0.0
t1426,0.0,0.0,0.0,3384.7766073500284,3384.7766073500284
t1427,0.0,0.0,0.0,5413.710392863632,5413.710392863632
t1428,0.0,0.0,0.0,4936.559352129418,4936.559352129418
t1429,0.0,0.0,0.0,5059.027833970146,5059.027833970146
t1430,0.0,0.0,0.0,5110.59311465392,5110.59311465392
t1431,0.0,0.0,0.0,4204.652981734796,4204.652981734796
t1432,0.0,0.0,0.0,0.0,0.0
t1433,0.0,0.0,0.0,0.0,0.0
t1434,0.0,0.0,0.0,1379.7901243277445,1379.7901243277445
t1435,0.0,0.0,0.0,672.2626261884734,672.2626261884734
t1436,0.0,0.0,0.0,1614.92268348373,1614.92268348373
t1437,0.0,0.0,0.0,540.6939690057513,540.6939690057513
t1438,0.0,0.0,0.0,0.0,0.0
t1439,0.0,0.0,0.0,0.0,0.0
t1440,0.0,0.0,0.0,0.0,0.0
t1441,0.0,0.0,0.0,0.0,0.0
t1442,0.0,0.0,0.0,0.0,0.0
t1443,0.0,0.0,0.0,0.0,0.0
t1444,0.0,0.0,0.0,0.0,0.0
t1445,0.0,0.0,0.0,0.0,0.0
t1446,0.0,0.0,0.0,0.0,0.0
t1447,0.0,0.0,0.0,0.0,0.0
t1448,0.0,0.0,0.0,0.0,0.0
t1449,0.0,0.0,0.0,1707.1629855230412,1707.1629855230412
t1450,0.0,0.0,0.0,3280.308401916903,3280.308401916903
t1451,0.0,0.0,0.0,4411.6347973140455,4411.6347973140455
t1452,0.0,0.0,0.0,4274.8330265490185,4274.8330265490185
t1453,0.0,0.0,0.0,5384.293760258041,5384.293760258041
t1454,0.0,0.0,0.0,6010.119969581332,6010.119969581332
t1455,0.0,0.0,0.0,4024.833814138152,4024.833814138152
t1456,0.0,0.0,0.0,225.1444069405917,225.1444069405917
t1457,0.0,0.0,0.0,0.0,0.0
t1458,0.0,0.0,0.0,0.0,0.0
t1459,0.0,0.0,0.0,0.0,0.0
t1460,0.0,0.0,0.0,0.0,0.0
t1461,0.0,0.0,0.0,0.0,0.0
t1462,0.0,0.0,0.0,143.89777753059008,143.89777753059008
t1463,0.0,0.0,0.0,0.0,0.0
t1464,0.0,0.0,0.0,0.0,0.0
t1465,0.0,0.0,0.0,0.0,0.0
t1466,0.0,0.0,0.0,0.0,0.0
t1467,0.0,0.0,0.0,0.0,0.0
t1468,0.0,0.0,0.0,0.0,0.0
t1469,0.0,0.0,0.0,361.3521125600337,361.3521125600337
t1470,0.0,0.0,0.0,0.0,0.0
t1471,0.0,0.0,0.0,0.0,0.0
t1472,0.0,0.0,0.0,0.0,0.0
t1473,0.0,0.0,0.0,2526.1122623337633,2526.1122623337633
t1474,0.0,0.0,0.0,3627.726246972964,3627.726246972964
t1475,0.0,0.0,0.0,6123.311957459226,6123.311957459226
t1476,0.0,0.0,0.0,5735.044534372788,5735.044534372788
t1477,0.0,0.0,0.0,5082.052977824771,5082.052977824771
t1478,0.0,0.0,0.0,2266.2970482900564,2266.2970482900564
t1479,0.0,0.0,0.0,355.5683436650696,355.5683436650696
t1480,0.0,0.0,0.0,0.0,0.0
t1481,0.0,0.0,0.0,0.0,0.0
t1482,0.0,0.0,0.0,0.0,0.0
t1483,0.0,0.0,0.0,0.0,0.0
t1484,0.0,0.0,0.0,0.0,0.0
t1485,0.0,0.0,0.0,0.0,0.0
t1486,0.0,0.0,0.0,0.0,0.0
t1487,0.0,0.0,0.0,0.0,0.0
t1488,0.0,0.0,0.0,21.135494504134652,21.135494504134652
t1489,0.0,0.0,0.0,1896.9353844353482,1896.9353844353482
t1490,0.0,0.0,0.0,4807.768021515567,4807.768021515567
t1491,0.0,0.0,0.0,6551.598318211538,6551.598318211538
t1492,0.0,0.0,0.0,719.7592144135261,719.7592144135261
t1493,0.0,0.0,0.0,8242.627042832448,8242.627042832448
t1494,0.0,0.0,0.0,1057.5344316046453,1057.5344316046453
t1495,0.0,0.0,0.0,8442.962601285042,8442.962601285042
t1496,0.0,0.0,0.0,4392.150451297902,4392.150451297902
t1497,0.0,0.0,0.0,735.0379206558068,735.0379206558068
t1498,0.0,0.0,0.0,7820.826505241967,7820.826505241967
t1499,0.0,0.0,0.0,1874.5892378883927,1874.5892378883927
t1500,0.0,0.0,0.0,7028.537414461331,7028.537414461331
t1501,0.0,0.0,0.0,2270.607198919797,2270.607198919797
t1502,0.0,0.0,0.0,7407.390114539288,7407.390114539288
t1503,0.0,0.0,0.0,1287.078161919026,1287.078161919026
t1504,0.0,0.0,0.0,7353.57964503678,7353.57964503678
t1505,0.0,0.0,0.0,5774.401749897614,5774.401749897614
t1506,0.0,0.0,0.0,-0.0,0.0
t1507,0.0,0.0,0.0,8442.962601285042,8442.962601285042
t1508,0.0,0.0,0.0,1296.8390555573824,1296.8390555573824
t1509,0.0,0.0,0.0,8442.962601285042,8442.962601285042
t1510,0.0,0.0,0.0,199.194478933613,199.194478933613
t1511,0.0,0.0,0.0,8442.962601285042,8442.962601285042
t1512,0.0,0.0,0.0,1128.2408485879723,1128.2408485879723
t1513,0.0,0.0,0.0,1103.5258946488707,1103.5258946488707
t1514,0.0,0.0,0.0,0.0,0.0
t1515,0.0,0.0,0.0,0.0,0.0
t1516,0.0,0.0,0.0,0.0,0.0
t1517,0.0,0.0,0.0,16.14577304053016,16.14577304053016
t1518,0.0,0.0,0.0,0.0,0.0
t1519,0.0,0.0,0.0,0.0,0.0
t1520,0.0,0.0,0.0,0.0,0.0
t1521,0.0,0.0,0.0,0.0,0.0
t1522,0.0,0.0,0.0,6956.971614999405,6956.971614999405
t1523,0.0,0.0,0.0,5795.235534765621,5795.235534765621
t1524,0.0,0.0,0.0,6031.241051368124,6031.241051368124
t1525,0.0,0.0,0.0,6066.240367138355,6066.240367138355
t1526,0.0,0.0,0.0,5954.569147235146,5954.569147235146
t1527,0.0,0.0,0.0,8442.962601285042,8442.962601285042
t1528,0.0,0.0,0.0,8442.962601285042,8442.962601285042
t1529,0.0,0.0,0.0,0.0,0.0
t1530,0.0,0.0,0.0,0.0,0.0
t1531,0.0,0.0,0.0,0.0,0.0
t1532,0.0,0.0,0.0,0.0,0.0
t1533,0.0,0.0,0.0,0.0,0.0
t1534,0.0,0.0,0.0,0.0,0.0
t1535,0.0,0.0,0.0,0.0,0.0
t1536,0.0,0.0,0.0,325.3772962769063,325.3772962769063
t1537,0.0,0.0,0.0,1265.031986063955,1265.031986063955
t1538,0.0,0.0,0.0,1497.477621787535,1497.477621787535
t1539,0.0,0.0,0.0,1870.012675577543,1870.012675577543
t1540,0.0,0.0,0.0,1879.0231568047398,1879.0231568047398
t1541,0.0,0.0,0.0,1552.8409507984159,1552.8409507984159
t1542,0.0,0.0,0.0,346.3115789473685,346.3115789473685
t1543,0.0,0.0,0.0,0.0,0.0
t1544,0.0,0.0,0.0,0.0,0.0
t1545,0.0,0.0,0.0,0.0,0.0
t1546,0.0,0.0,0.0,2517.704277867182,2517.704277867182
t1547,0.0,0.0,0.0,4845.9617335313205,4845.9617335313205
t1548,0.0,0.0,0.0,5571.785847960232,5571.785847960232
t1549,0.0,0.0,0.0,4317.774877723339,4317.774877723339
t1550,0.0,0.0,0.0,3295.6629540806557,3295.6629540806557
t1551,0.0,0.0,0.0,3635.3876650438237,3635.3876650438237
t1552,0.0,0.0,0.0,456.6951618234753,456.6951618234753
t1553,0.0,0.0,0.0,0.0,0.0
t1554,0.0,0.0,0.0,0.0,0.0
t1555,0.0,0.0,0.0,0.0,0.0
t1556,0.0,0.0,0.0,0.0,0.0
t1557,0.0,0.0,0.0,0.0,0.0
t1558,0.0,0.0,0.0,0.0,0.0
t1559,0.0,0.0,0.0,0.0,0.0
t1560,0.0,0.0,0.0,0.0,0.0
t1561,0.0,0.0,0.0,0.0,0.0
t1562,0.0,0.0,0.0,1721.4086048147756,1721.4086048147756
t1563,0.0,0.0,0.0,0.0,0.0
t1564,0.0,0.0,0.0,2130.4875416416444,2130.4875416416444
t1565,0.0,0.0,0.0,638.3812877181933,638.3812877181933
t1566,0.0,0.0,0.0,631.8098642775351,631.8098642775351
t1567,0.0,0.0,0.0,0.0,0.0
t1568,0.0,0.0,0.0,0.0,0.0
t1569,0.0,0.0,0.0,-0.0,0.0
t1570,0.0,0.0,0.0,2525.044485287678,2525.044485287678
t1571,0.0,0.0,0.0,5329.674675337401,5329.674675337401
t1572,0.0,0.0,0.0,7358.866442036707,7358.866442036707
t1573,0.0,0.0,0.0,7491.462714469662,7491.462714469662
t1574,0.0,0.0,0.0,7590.459927885094,7590.459927885094
t1575,0.0,0.0,0.0,6240.7183721349875,6240.7183721349875
t1576,0.0,0.0,0.0,0.0,0.0
t1577,0.0,0.0,0.0,0.0,0.0
t1578,0.0,0.0,0.0,0.0,0.0
t1579,0.0,0.0,0.0,0.0,0.0
t1580,0.0,0.0,0.0,0.0,0.0
t1581,0.0,0.0,0.0,0.0,0.0
t1582,0.0,0.0,0.0,0.0,0.0
t1583,0.0,0.0,0.0,0.0,0.0
t1584,0.0,0.0,0.0,0.0,0.0
t1585,0.0,0.0,0.0,0.0,0.0
t1586,0.0,0.0,0.0,0.0,0.0
t1587,0.0,0.0,0.0,0.0,0.0
t1588,0.0,0.0,0.0,1352.8545288896785,1352.8545288896785
t1589,0.0,0.0,0.0,0.0,0.0
t1590,0.0,0.0,0.0,0.0,0.0
t1591,0.0,0.0,0.0,694.6077023177475,694.6077023177475
t1592,0.0,0.0,0.0,0.0,0.0
t1593,0.0,0.0,0.0,0.0,0.0
t1594,0.0,0.0,0.0,314.03719673668104,314.03719673668104
t1595,0.0,0.0,0.0,7559.596569754391,7559.596569754391
t1596,0.0,0.0,0.0,5036.71624803904,5036.71624803904
t1597,0.0,0.0,0.0,5893.737501926203,5893.737501926203
t1598,0.0,0.0,0.0,8442.962601285042,8442.962601285042
t1599,0.0,0.0,0.0,8067.92400836823,8067.92400836823
t1600,0.0,0.0,0.0,8442.962601285042,8442.962601285042
t1601,0.0,0.0,0.0,0.0,0.0
t1602,0.0,0.0,0.0,0.0,0.0
t1603,0.0,0.0,0.0,0.0,0.0
t1604,0.0,0.0,0.0,0.0,0.0
t1605,0.0,0.0,0.0,2153.1645496918763,2153.1645496918763
t1606,0.0,0.0,0.0,0.0,0.0
t1607,0.0,0.0,0.0,0.0,0.0
t1608,0.0,0.0,0.0,0.0,0.0
t1609,0.0,0.0,0.0,0.0,0.0
t1610,0.0,0.0,0.0,0.0,0.0
t1611,0.0,0.0,0.0,0.0,0.0
t1612,0.0,0.0,0.0,0.0,0.0
t1613,0.0,0.0,0.0,0.0,0.0
t1614,0.0,0.0,0.0,0.0,0.0
t1615,0.0,0.0,0.0,0.0,0.0
t1616,0.0,0.0,0.0,0.0,0.0
t1617,0.0,0.0,0.0,0.0,0.0
t1618,0.0,0.0,0.0,7042.1601884405845,7042.1601884405845
t1619,0.0,0.0,0.0,7069.679183385442,7069.679183385442
t1620,0.0,0.0,0.0,7360.5429764078,7360.5429764078
t1621,0.0,0.0,0.0,6795.705615006266,6795.705615006266
t1622,0.0,0.0,0.0,4352.78199517225,4352.78199517225
t1623,0.0,0.0,0.0,1709.532705514018,1709.532705514018
t1624,0.0,0.0,0.0,0.0,0.0
t1625,0.0,0.0,0.0,0.0,0.0
t1626,0.0,0.0,0.0,0.0,0.0
t1627,0.0,0.0,0.0,0.0,0.0
t1628,0.0,0.0,0.0,0.0,0.0
t1629,0.0,0.0,0.0,0.0,0.0
t1630,0.0,0.0,0.0,0.0,0.0
t1631,0.0,0.0,0.0,0.0,0.0
t1632,0.0,0.0,0.0,0.0,0.0
t1633,0.0,0.0,0.0,0.0,0.0
t1634,0.0,0.0,0.0,0.0,0.0
t1635,0.0,0.0,0.0,0.0,0.0
t1636,0.0,0.0,0.0,0.0,0.0
t1637,0.0,0.0,0.0,0.0,0.0
t1638,0.0,0.0,0.0,0.0,0.0
t1639,0.0,0.0,0.0,0.0,0.0
t1640,0.0,0.0,0.0,0.0,0.0
t1641,0.0,0.0,0.0,0.0,0.0
t1642,0.0,0.0,0.0,2833.5778092458418,2833.5778092458418
t1643,0.0,0.0,0.0,4474.117671761769,4474.117671761769
t1644,0.0,0.0,0.0,6376.178354098498,6376.178354098498
t1645,0.0,0.0,0.0,4484.264781380239,4484.264781380239
t1646,0.0,0.0,0.0,4172.10208119446,4172.10208119446
t1647,0.0,0.0,0.0,3484.3699711383547,3484.3699711383547
t1648,0.0,0.0,0.0,0.0,0.0
t1649,0.0,0.0,0.0,0.0,0.0
t1650,0.0,0.0,0.0,0.0,0.0
t1651,0.0,0.0,0.0,0.0,0.0
t1652,0.0,0.0,0.0,0.0,0.0
t1653,0.0,0.0,0.0,0.0,0.0
t1654,0.0,0.0,0.0,0.0,0.0
t1655,0.0,0.0,0.0,0.0,0.0
t1656,0.0,0.0,0.0,0.0,0.0
t1657,0.0,0.0,0.0,0.0,0.0
t1658,0.0,0.0,0.0,0.0,0.0
t1659,0.0,0.0,0.0,0.0,0.0
t1660,0.0,0.0,0.0,0.0,0.0
t1661,0.0,0.0,0.0,0.0,0.0
t1662,0.0,0.0,0.0,0.0,0.0
t1663,0.0,0.0,0.0,0.0,0.0
t1664,0.0,0.0,0.0,0.0,0.0
t1665,0.0,0.0,0.0,0.0,0.0
t1666,0.0,0.0,0.0,0.0,0.0
t1667,0.0,0.0,0.0,2060.1176751913217,2060.1176751913217
t1668,0.0,0.0,0.0,886.9289957688782,886.9289957688782
t1669,0.0,0.0,0.0,1497.260448568662,1497.260448568662
t1670,0.0,0.0,0.0,3192.6909066002045,3192.6909066002045
t1671,0.0,0.0,0.0,2387.60331681024,2387.60331681024
t1672,0.0,0.0,0.0,0.0,0.0
t1673,0.0,0.0,0.0,0.0,0.0
t1674,0.0,0.0,0.0,0.0,0.0
t1675,0.0,0.0,0.0,0.0,0.0
t1676,0.0,0.0,0.0,0.0,0.0
t1677,0.0,0.0,0.0,434.6862492894683,434.6862492894683
t1678,0.0,0.0,0.0,0.0,0.0
t1679,0.0,0.0,0.0,3764.309891283154,3764.309891283154
t1680,0.0,0.0,0.0,878.5672237655664,878.5672237655664
t1681,0.0,0.0,0.0,0.0,0.0
t1682,0.0,0.0,0.0,7350.685210373039,7350.685210373039
t1683,0.0,0.0,0.0,2442.1159034443936,2442.1159034443936
t1684,0.0,0.0,0.0,6155.182436390616,6155.182436390616
t1685,0.0,0.0,0.0,7008.350228668661,7008.350228668661
t1686,0.0,0.0,0.0,7665.407329656613,7665.407329656613
t1687,0.0,0.0,0.0,6213.108419055422,6213.108419055422
t1688,0.0,0.0,0.0,5168.533943669093,5168.533943669093
t1689,0.0,0.0,0.0,4984.020304447901,4984.020304447901
t1690,0.0,0.0,0.0,7730.467682280013,7730.467682280013
t1691,0.0,0.0,0.0,6020.925960675038,6020.925960675038
t1692,0.0,0.0,0.0,5455.265482363199,5455.265482363199
t1693,0.0,0.0,0.0,0.0,0.0
t1694,0.0,0.0,0.0,0.0,0.0
t1695,0.0,0.0,0.0,0.0,0.0
t1696,0.0,0.0,0.0,0.0,0.0
t1697,0.0,0.0,0.0,0.0,0.0
t1698,0.0,0.0,0.0,0.0,0.0
t1699,0.0,0.0,0.0,0.0,0.0
t1700,0.0,0.0,0.0,0.0,0.0
t1701,0.0,0.0,0.0,0.0,0.0
t1702,0.0,0.0,0.0,1737.0530882724377,1737.0530882724377
t1703,0.0,0.0,0.0,6972.720867371251,6972.720867371251
t1704,0.0,0.0,0.0,6940.386967515963,6940.386967515963
t1705,0.0,0.0,0.0,3581.2642790785444,3581.2642790785444
t1706,0.0,0.0,0.0,-0.0,0.0
t1707,0.0,0.0,0.0,8442.962601285042,8442.962601285042
t1708,0.0,0.0,0.0,1296.8390555573824,1296.8390555573824
t1709,0.0,0.0,0.0,8442.962601285042,8442.962601285042
t1710,0.0,0.0,0.0,199.194478933613,199.194478933613
t1711,0.0,0.0,0.0,8274.364394315633,8274.364394315633
t1712,0.0,0.0,0.0,3242.2752598914144,3242.2752598914144
t1713,0.0,0.0,0.0,6640.534191128006,6640.534191128006
t1714,0.0,0.0,0.0,8442.962601285042,8442.962601285042
t1715,0.0,0.0,0.0,6392.806118204187,6392.806118204187
t1716,0.0,0.0,0.0,6689.769096327492,6689.769096327492
t1717,0.0,0.0,0.0,6992.637368605469,6992.637368605469
t1718,0.0,0.0,0.0,6300.98823223266,6300.98823223266
t1719,0.0,0.0,0.0,0.0,0.0
t1720,0.0,0.0,0.0,0.0,0.0
t1721,0.0,0.0,0.0,0.0,0.0
t1722,0.0,0.0,0.0,0.0,0.0
t1723,0.0,0.0,0.0,0.0,0.0
t1724,0.0,0.0,0.0,0.0,0.0
t1725,0.0,0.0,0.0,0.0,0.0
t1726,0.0,0.0,0.0,0.0,0.0
t1727,0.0,0.0,0.0,3188.428860191564,3188.428860191564
t1728,0.0,0.0,0.0,5744.276414018904,5744.276414018904
t1729,0.0,0.0,0.0,6512.1152760747855,6512.1152760747855
t1730,0.0,0.0,0.0,-0.0,0.0
t1731,0.0,0.0,0.0,8442.962601285042,8442.962601285042
t1732,0.0,0.0,0.0,5275.022561114831,5275.022561114831
t1733,0.0,0.0,0.0,-0.0,0.0
t1734,0.0,0.0,0.0,8442.962601285042,8442.962601285042
t1735,0.0,0.0,0.0,1296.8390555573824,1296.8390555573824
t1736,0.0,0.0,0.0,8442.962601285042,8442.962601285042
t1737,0.0,0.0,0.0,1369.3670865229278,1369.3670865229278
t1738,0.0,0.0,0.0,6113.757691662722,6113.757691662722
t1739,0.0,0.0,0.0,3970.1834050101866,3970.1834050101866
t1740,0.0,0.0,0.0,4380.6940533359475,4380.6940533359475
t1741,0.0,0.0,0.0,5056.287219836474,5056.287219836474
t1742,0.0,0.0,0.0,3842.177033120473,3842.177033120473
t1743,0.0,0.0,0.0,5190.943960451875,5190.943960451875
t1744,0.0,0.0,0.0,8442.962601285042,8442.962601285042
t1745,0.0,0.0,0.0,2895.4650610463377,2895.4650610463377
t1746,0.0,0.0,0.0,0.0,0.0
t1747,0.0,0.0,0.0,8442.962601285042,8442.962601285042
t1748,0.0,0.0,0.0,3108.43323033077,3108.43323033077
t1749,0.0,0.0,0.0,4000.3905403596896,4000.3905403596896
t1750,0.0,0.0,0.0,8127.880404476268,8127.880404476268
t1751,0.0,0.0,0.0,4860.696604654789,4860.696604654789
t1752,0.0,0.0,0.0,4647.667090820723,4647.667090820723
t1753,0.0,0.0,0.0,6029.387721768364,6029.387721768364
t1754,0.0,0.0,0.0,8442.962601285042,8442.962601285042
t1755,0.0,0.0,0.0,6966.629674962345,6966.629674962345
t1756,0.0,0.0,0.0,6698.964035313066,6698.964035313066
t1757,0.0,0.0,0.0,5459.659772994926,5459.659772994926
t1758,0.0,0.0,0.0,1704.875418103112,1704.875418103112
t1759,0.0,0.0,0.0,0.0,0.0
t1760,0.0,0.0,0.0,0.0,0.0
t1761,0.0,0.0,0.0,0.0,0.0
t1762,0.0,0.0,0.0,0.0,0.0
t1763,0.0,0.0,0.0,2093.6499385852676,2093.6499385852676
t1764,0.0,0.0,0.0,3620.7853637142725,3620.7853637142725
t1765,0.0,0.0,0.0,3353.73057645422,3353.73057645422
t1766,0.0,0.0,0.0,895.8902511685451,895.8902511685451
t1767,0.0,0.0,0.0,0.0,0.0
t1768,0.0,0.0,0.0,0.0,0.0
t1769,0.0,0.0,0.0,0.0,0.0
t1770,0.0,0.0,0.0,0.0,0.0
t1771,0.0,0.0,0.0,0.0,0.0
t1772,0.0,0.0,0.0,5150.064432870925,5150.064432870925
t1773,0.0,0.0,0.0,0.0,0.0
t1774,0.0,0.0,0.0,0.0,0.0
t1775,0.0,0.0,0.0,0.0,0.0
t1776,0.0,0.0,0.0,3251.3625126901998,3251.3625126901998
t1777,0.0,0.0,0.0,6437.473234262086,6437.473234262086
t1778,0.0,0.0,0.0,2247.8213920875814,2247.8213920875814
t1779,0.0,0.0,0.0,8442.962601285042,8442.962601285042
t1780,0.0,0.0,0.0,374.307888242976,374.307888242976
t1781,0.0,0.0,0.0,8442.962601285042,8442.962601285042
t1782,0.0,0.0,0.0,-0.0,0.0
t1783,0.0,0.0,0.0,8442.962601285042,8442.962601285042
t1784,0.0,0.0,0.0,4445.201152425236,4445.201152425236
t1785,0.0,0.0,0.0,1532.182249004468,1532.182249004468
t1786,0.0,0.0,0.0,8442.962601285042,8442.962601285042
t1787,0.0,0.0,0.0,-0.0,0.0
t1788,0.0,0.0,0.0,8442.962601285042,8442.962601285042
t1789,0.0,0.0,0.0,1296.8390555573824,1296.8390555573824
t1790,0.0,0.0,0.0,8442.962601285042,8442.962601285042
t1791,0.0,0.0,0.0,199.194478933613,199.194478933613
t1792,0.0,0.0,0.0,8442.962601285042,8442.962601285042
t1793,0.0,0.0,0.0,5183.710707253584,5183.710707253584
t1794,0.0,0.0,0.0,-0.0,0.0
t1795,0.0,0.0,0.0,8442.962601285042,8442.962601285042
t1796,0.0,0.0,0.0,2498.245659811358,2498.245659811358
t1797,0.0,0.0,0.0,8442.962601285042,8442.962601285042
t1798,0.0,0.0,0.0,2476.6071865731415,2476.6071865731415
t1799,0.0,0.0,0.0,2478.6190117189494,2478.6190117189494
t1800,0.0,0.0,0.0,5717.512874882641,5717.512874882641
t1801,0.0,0.0,0.0,4134.340956622926,4134.340956622926
t1802,0.0,0.0,0.0,4813.766088268416,4813.766088268416
t1803,0.0,0.0,0.0,3967.8000588670857,3967.8000588670857
t1804,0.0,0.0,0.0,7561.878398141362,7561.878398141362
t1805,0.0,0.0,0.0,5138.120696428501,5138.120696428501
t1806,0.0,0.0,0.0,8442.962601285042,8442.962601285042
t1807,0.0,0.0,0.0,1610.938369727614,1610.938369727614
t1808,0.0,0.0,0.0,366.4702520315739,366.4702520315739
t1809,0.0,0.0,0.0,4609.97788344249,4609.97788344249
t1810,0.0,0.0,0.0,4541.0773207393195,4541.0773207393195
t1811,0.0,0.0,0.0,4668.745248852791,4668.745248852791
t1812,0.0,0.0,0.0,4421.986130814532,4421.986130814532
t1813,0.0,0.0,0.0,4700.193540163622,4700.193540163622
t1814,0.0,0.0,0.0,4627.1899051929795,4627.1899051929795
t1815,0.0,0.0,0.0,6308.170707713642,6308.170707713642
t1816,0.0,0.0,0.0,1159.594155789848,1159.594155789848
t1817,0.0,0.0,0.0,8442.962601285042,8442.962601285042
t1818,0.0,0.0,0.0,315.35856209685494,315.35856209685494
t1819,0.0,0.0,0.0,8176.043114326264,8176.043114326264
t1820,0.0,0.0,0.0,5397.379934252782,5397.379934252782
t1821,0.0,0.0,0.0,-0.0,0.0
t1822,0.0,0.0,0.0,8442.962601285042,8442.962601285042
t1823,0.0,0.0,0.0,1296.8390555573824,1296.8390555573824
t1824,0.0,0.0,0.0,8442.962601285042,8442.962601285042
t1825,0.0,0.0,0.0,199.194478933613,199.194478933613
t1826,0.0,0.0,0.0,8442.962601285042,8442.962601285042
t1827,0.0,0.0,0.0,1128.2408485879723,1128.2408485879723
t1828,0.0,0.0,0.0,7488.019547040183,7488.019547040183
t1829,0.0,0.0,0.0,5712.773753225344,5712.773753225344
t1830,0.0,0.0,0.0,-0.0,0.0
t1831,0.0,0.0,0.0,8442.962601285042,8442.962601285042
t1832,0.0,0.0,0.0,2506.075511037263,2506.075511037263
t1833,0.0,0.0,0.0,5112.583833263222,5112.583833263222
t1834,0.0,0.0,0.0,4115.671644811052,4115.671644811052
t1835,0.0,0.0,0.0,5578.2159486885175,5578.2159486885175
t1836,0.0,0.0,0.0,5220.20743858078,5220.20743858078
t1837,0.0,0.0,0.0,4028.174082379599,4028.174082379599
t1838,0.0,0.0,0.0,4530.620306578978,4530.620306578978
t1839,0.0,0.0,0.0,2990.141624229989,2990.141624229989
t1840,0.0,0.0,0.0,8442.962601285042,8442.962601285042
t1841,0.0,0.0,0.0,4199.518177087246,4199.518177087246
t1842,0.0,0.0,0.0,2903.6155475358905,2903.6155475358905
t1843,0.0,0.0,0.0,2823.1384577336503,2823.1384577336503
t1844,0.0,0.0,0.0,5767.002031160674,5767.002031160674
t1845,0.0,0.0,0.0,7743.78943719835,7743.78943719835
t1846,0.0,0.0,0.0,6668.032501406802,6668.032501406802
t1847,0.0,0.0,0.0,6399.432328164139,6399.432328164139
t1848,0.0,0.0,0.0,0.0,0.0
