Resource,natural_gas_combined_cycle,solar_pv,onshore_wind,battery
Zone,1,1,1,1
t1,0.0,0.0,0.0,21.672397103638
t2,0.0,0.0,0.0,21.672397103638
t3,0.0,0.0,0.0,21.672397103638
t4,0.0,0.0,0.0,21.672397103638
t5,0.0,0.0,0.0,21.672397103638
t6,0.0,0.0,0.0,21.672397103638
t7,0.0,0.0,0.0,21.672397103638
t8,0.0,0.0,0.0,21.672397103638
t9,0.0,0.0,0.0,21.672397103638
t10,0.0,0.0,0.0,21.67239710363801
t11,0.0,0.0,0.0,21.67239710363801
t12,0.0,0.0,0.0,21.67239710363801
t13,0.0,0.0,0.0,21.67239710363801
t14,0.0,0.0,0.0,21.67239710363801
t15,0.0,0.0,0.0,21.67239710363801
t16,0.0,0.0,0.0,21.67239710363801
t17,0.0,0.0,0.0,21.67239710363801
t18,0.0,0.0,0.0,21.67239710363801
t19,0.0,0.0,0.0,21.672397103638
t20,0.0,0.0,0.0,21.672397103638
t21,0.0,0.0,0.0,21.672397103638005
t22,0.0,0.0,0.0,21.672397103638005
t23,0.0,0.0,0.0,21.672397103637998
t24,0.0,0.0,0.0,21.672397103638
t25,0.0,0.0,0.0,21.672397103638
t26,0.0,0.0,0.0,21.672397103638
t27,0.0,0.0,0.0,21.672397103638
t28,0.0,0.0,0.0,21.672397103638
t29,0.0,0.0,0.0,21.672397103638
t30,0.0,0.0,0.0,21.672397103638
t31,0.0,0.0,0.0,21.672397103638
t32,0.0,0.0,0.0,21.672397103638
t33,0.0,0.0,0.0,21.672397103637994
t34,0.0,0.0,0.0,21.672397103638
t35,0.0,0.0,0.0,21.672397103638
t36,0.0,0.0,0.0,21.672397103638
t37,0.0,0.0,0.0,21.672397103638
t38,0.0,0.0,0.0,21.672397103638
t39,0.0,0.0,0.0,21.672397103638
t40,0.0,0.0,0.0,21.672397103638
t41,0.0,0.0,0.0,21.672397103638
t42,0.0,0.0,0.0,21.67239710363801
t43,0.0,0.0,0.0,21.67239710363801
t44,0.0,0.0,0.0,21.67239710363801
t45,0.0,0.0,0.0,21.672397103638
t46,0.0,0.0,0.0,21.672397103638
t47,0.0,0.0,0.0,21.672397103638
t48,0.0,0.0,0.0,21.672397103638
t49,0.0,0.0,0.0,21.672397103638
t50,0.0,0.0,0.0,21.672397103638
t51,0.0,0.0,0.0,21.672397103638
t52,0.0,0.0,0.0,21.672397103638
t53,0.0,0.0,0.0,21.672397103638
t54,0.0,0.0,0.0,21.672397103638
t55,0.0,0.0,0.0,21.672397103638
t56,0.0,0.0,0.0,21.672397103638
t57,0.0,0.0,0.0,21.672397103638
t58,0.0,0.0,0.0,21.672397103638
t59,0.0,0.0,0.0,21.672397103638
t60,0.0,0.0,0.0,21.672397103638
t61,0.0,0.0,0.0,21.672397103638
t62,0.0,0.0,0.0,21.672397103638
t63,0.0,0.0,0.0,21.672397103638
t64,0.0,0.0,0.0,21.672397103638
t65,0.0,0.0,0.0,21.672397103638
t66,0.0,0.0,0.0,21.672397103638
t67,0.0,0.0,0.0,21.672397103638
t68,0.0,0.0,0.0,21.672397103638
t69,0.0,0.0,0.0,21.672397103638
t70,0.0,0.0,0.0,21.672397103638
t71,0.0,0.0,0.0,21.672397103638
t72,0.0,0.0,0.0,21.672397103638
t73,0.0,0.0,0.0,21.672397103638
t74,0.0,0.0,0.0,21.672397103638
t75,0.0,0.0,0.0,21.672397103638
t76,0.0,0.0,0.0,21.672397103638
t77,0.0,0.0,0.0,21.672397103638
t78,0.0,0.0,0.0,21.672397103638
t79,0.0,0.0,0.0,21.672397103638
t80,0.0,0.0,0.0,21.672397103638
t81,0.0,0.0,0.0,21.672397103638
t82,0.0,0.0,0.0,21.672397103638
t83,0.0,0.0,0.0,21.672397103638
t84,0.0,0.0,0.0,21.672397103638
t85,0.0,0.0,0.0,21.672397103638
t86,0.0,0.0,0.0,21.672397103638
t87,0.0,0.0,0.0,1.7968750000000087
t88,0.0,0.0,0.0,-210.1588653108004
t89,0.0,0.0,0.0,-210.1588653108004
t90,0.0,0.0,0.0,-210.1588653108004
t91,0.0,0.0,0.0,-210.1588653108004
t92,0.0,0.0,0.0,-210.1588653108004
t93,0.0,0.0,0.0,-210.1588653108004
t94,0.0,0.0,0.0,-210.1588653108004
t95,0.0,0.0,0.0,-210.1588653108004
t96,0.0,0.0,0.0,-210.1588653108004
t97,0.0,0.0,0.0,-210.1588653108004
t98,0.0,0.0,0.0,-210.1588653108004
t99,0.0,0.0,0.0,-210.1588653108004
t100,0.0,0.0,0.0,-210.1588653108004
t101,0.0,0.0,0.0,-210.1588653108004
t102,0.0,0.0,0.0,-210.1588653108004
t103,0.0,0.0,0.0,-210.1588653108004
t104,0.0,0.0,0.0,-210.1588653108004
t105,0.0,0.0,0.0,-210.1588653108004
t106,0.0,0.0,0.0,-210.1588653108004
t107,0.0,0.0,0.0,21.672397103638
t108,0.0,0.0,0.0,21.672397103638
t109,0.0,0.0,0.0,21.672397103638
t110,0.0,0.0,0.0,21.672397103638
t111,0.0,0.0,0.0,21.672397103638
t112,0.0,0.0,0.0,21.672397103638
t113,0.0,0.0,0.0,21.672397103638
t114,0.0,0.0,0.0,21.672397103638
t115,0.0,0.0,0.0,21.672397103638
t116,0.0,0.0,0.0,-177.60246359906148
t117,0.0,0.0,0.0,-177.60246359906148
t118,0.0,0.0,0.0,-177.60246359906148
t119,0.0,0.0,0.0,-177.60246359906148
t120,0.0,0.0,0.0,-177.60246359906148
t121,0.0,0.0,0.0,-177.60246359906148
t122,0.0,0.0,0.0,-177.60246359906148
t123,0.0,0.0,0.0,-177.60246359906148
t124,0.0,0.0,0.0,-177.60246359906148
t125,0.0,0.0,0.0,-177.60246359906148
t126,0.0,0.0,0.0,-177.60246359906148
t127,0.0,0.0,0.0,-177.60246359906148
t128,0.0,0.0,0.0,-177.60246359906148
t129,0.0,0.0,0.0,-177.60246359906148
t130,0.0,0.0,0.0,21.672397103638
t131,0.0,0.0,0.0,21.672397103638
t132,0.0,0.0,0.0,21.672397103638
t133,0.0,0.0,0.0,21.672397103638
t134,0.0,0.0,0.0,21.672397103638
t135,0.0,0.0,0.0,21.672397103638
t136,0.0,0.0,0.0,-177.60246359906148
t137,0.0,0.0,0.0,-177.60246359906148
t138,0.0,0.0,0.0,-177.60246359906148
t139,0.0,0.0,0.0,-177.60246359906148
t140,0.0,0.0,0.0,-177.60246359906148
t141,0.0,0.0,0.0,-177.60246359906148
t142,0.0,0.0,0.0,-177.60246359906148
t143,0.0,0.0,0.0,-177.60246359906148
t144,0.0,0.0,0.0,-177.60246359906148
t145,0.0,0.0,0.0,-177.60246359906148
t146,0.0,0.0,0.0,-177.60246359906148
t147,0.0,0.0,0.0,-177.60246359906148
t148,0.0,0.0,0.0,-177.60246359906148
t149,0.0,0.0,0.0,-177.60246359906148
t150,0.0,0.0,0.0,-177.60246359906148
t151,0.0,0.0,0.0,-177.60246359906148
t152,0.0,0.0,0.0,-177.60246359906148
t153,0.0,0.0,0.0,-177.60246359906148
t154,0.0,0.0,0.0,21.67239710363801
t155,0.0,0.0,0.0,21.67239710363801
t156,0.0,0.0,0.0,21.67239710363801
t157,0.0,0.0,0.0,21.67239710363801
t158,0.0,0.0,0.0,21.67239710363801
t159,0.0,0.0,0.0,21.67239710363801
t160,0.0,0.0,0.0,21.67239710363801
t161,0.0,0.0,0.0,21.67239710363801
t162,0.0,0.0,0.0,21.67239710363801
t163,0.0,0.0,0.0,21.672397103638
t164,0.0,0.0,0.0,21.672397103638
t165,0.0,0.0,0.0,21.672397103638
t166,0.0,0.0,0.0,21.672397103638
t167,0.0,0.0,0.0,21.672397103638
t168,0.0,0.0,0.0,21.672397103638
t169,0.0,0.0,0.0,21.672397103638005
t170,0.0,0.0,0.0,21.672397103638005
t171,0.0,0.0,0.0,21.672397103638005
t172,0.0,0.0,0.0,21.672397103638005
t173,0.0,0.0,0.0,21.672397103638005
t174,0.0,0.0,0.0,21.672397103638005
t175,0.0,0.0,0.0,21.672397103638005
t176,0.0,0.0,0.0,21.672397103638
t177,0.0,0.0,0.0,21.772050483187396
t178,0.0,0.0,0.0,21.772050483187396
t179,0.0,0.0,0.0,21.772050483187396
t180,0.0,0.0,0.0,21.772050483187396
t181,0.0,0.0,0.0,21.772050483187396
t182,0.0,0.0,0.0,21.772050483187396
t183,0.0,0.0,0.0,21.772050483187396
t184,0.0,0.0,0.0,21.772050483187396
t185,0.0,0.0,0.0,21.672397103638005
t186,0.0,0.0,0.0,18.619516908519206
t187,0.0,0.0,0.0,18.619516908519206
t188,0.0,0.0,0.0,18.619516908519206
t189,0.0,0.0,0.0,18.619516908519206
t190,0.0,0.0,0.0,18.619516908519206
t191,0.0,0.0,0.0,21.672397103638005
t192,0.0,0.0,0.0,21.672397103638005
t193,0.0,0.0,0.0,21.672397103638005
t194,0.0,0.0,0.0,21.672397103638005
t195,0.0,0.0,0.0,21.672397103638005
t196,0.0,0.0,0.0,21.672397103638005
t197,0.0,0.0,0.0,21.672397103638005
t198,0.0,0.0,0.0,21.672397103638005
t199,0.0,0.0,0.0,21.672397103638005
t200,0.0,0.0,0.0,21.672397103638005
t201,0.0,0.0,0.0,21.672397103638005
t202,0.0,0.0,0.0,21.772050483187396
t203,0.0,0.0,0.0,21.772050483187396
t204,0.0,0.0,0.0,21.772050483187396
t205,0.0,0.0,0.0,21.772050483187396
t206,0.0,0.0,0.0,21.772050483187396
t207,0.0,0.0,0.0,21.772050483187396
t208,0.0,0.0,0.0,21.772050483187396
t209,0.0,0.0,0.0,21.672397103638005
t210,0.0,0.0,0.0,21.672397103638005
t211,0.0,0.0,0.0,21.672397103638005
t212,0.0,0.0,0.0,21.672397103638005
t213,0.0,0.0,0.0,21.672397103638005
t214,0.0,0.0,0.0,21.672397103638005
t215,0.0,0.0,0.0,21.672397103638005
t216,0.0,0.0,0.0,21.672397103638005
t217,0.0,0.0,0.0,21.672397103638005
t218,0.0,0.0,0.0,21.672397103638005
t219,0.0,0.0,0.0,21.672397103638005
t220,0.0,0.0,0.0,21.672397103638005
t221,0.0,0.0,0.0,21.672397103638005
t222,0.0,0.0,0.0,21.672397103638005
t223,0.0,0.0,0.0,21.672397103638005
t224,0.0,0.0,0.0,21.672397103638005
t225,0.0,0.0,0.0,21.672397103638005
t226,0.0,0.0,0.0,21.672397103638005
t227,0.0,0.0,0.0,21.672397103638005
t228,0.0,0.0,0.0,21.672397103638005
t229,0.0,0.0,0.0,21.672397103638005
t230,0.0,0.0,0.0,21.672397103638005
t231,0.0,0.0,0.0,21.672397103638005
t232,0.0,0.0,0.0,21.672397103638005
t233,0.0,0.0,0.0,21.672397103638005
t234,0.0,0.0,0.0,21.672397103638005
t235,0.0,0.0,0.0,21.672397103638005
t236,0.0,0.0,0.0,21.672397103638005
t237,0.0,0.0,0.0,21.672397103638005
t238,0.0,0.0,0.0,21.672397103638005
t239,0.0,0.0,0.0,21.672397103638005
t240,0.0,0.0,0.0,21.672397103638005
t241,0.0,0.0,0.0,21.672397103638005
t242,0.0,0.0,0.0,21.672397103638005
t243,0.0,0.0,0.0,21.672397103638005
t244,0.0,0.0,0.0,21.672397103638005
t245,0.0,0.0,0.0,21.672397103638005
t246,0.0,0.0,0.0,21.672397103638005
t247,0.0,0.0,0.0,21.672397103638005
t248,0.0,0.0,0.0,21.672397103638005
t249,0.0,0.0,0.0,21.672397103638005
t250,0.0,0.0,0.0,21.672397103638005
t251,0.0,0.0,0.0,21.672397103638005
t252,0.0,0.0,0.0,21.672397103638005
t253,0.0,0.0,0.0,21.672397103638005
t254,0.0,0.0,0.0,21.672397103638005
t255,0.0,0.0,0.0,21.672397103638005
t256,0.0,0.0,0.0,21.672397103638005
t257,0.0,0.0,0.0,21.672397103638005
t258,0.0,0.0,0.0,21.672397103638005
t259,0.0,0.0,0.0,21.672397103638005
t260,0.0,0.0,0.0,21.672397103638
t261,0.0,0.0,0.0,21.672397103638005
t262,0.0,0.0,0.0,21.672397103638005
t263,0.0,0.0,0.0,21.672397103638005
t264,0.0,0.0,0.0,21.672397103638005
t265,0.0,0.0,0.0,21.672397103638005
t266,0.0,0.0,0.0,21.672397103638005
t267,0.0,0.0,0.0,21.672397103638005
t268,0.0,0.0,0.0,21.672397103638005
t269,0.0,0.0,0.0,21.672397103638005
t270,0.0,0.0,0.0,21.672397103638005
t271,0.0,0.0,0.0,21.672397103638005
t272,0.0,0.0,0.0,21.672397103638005
t273,0.0,0.0,0.0,21.672397103638005
t274,0.0,0.0,0.0,21.672397103638005
t275,0.0,0.0,0.0,21.672397103638005
t276,0.0,0.0,0.0,21.672397103638005
t277,0.0,0.0,0.0,21.672397103638005
t278,0.0,0.0,0.0,21.672397103638005
t279,0.0,0.0,0.0,21.672397103638005
t280,0.0,0.0,0.0,21.672397103638005
t281,0.0,0.0,0.0,21.672397103638005
t282,0.0,0.0,0.0,21.672397103638005
t283,0.0,0.0,0.0,21.672397103638005
t284,0.0,0.0,0.0,21.672397103638005
t285,0.0,0.0,0.0,21.672397103638005
t286,0.0,0.0,0.0,21.672397103638005
t287,0.0,0.0,0.0,21.672397103638005
t288,0.0,0.0,0.0,-168.71618359906148
t289,0.0,0.0,0.0,-182.90097876848074
t290,0.0,0.0,0.0,-182.90097876848074
t291,0.0,0.0,0.0,-182.90097876848074
t292,0.0,0.0,0.0,-182.90097876848074
t293,0.0,0.0,0.0,-182.90097876848074
t294,0.0,0.0,0.0,-182.90097876848074
t295,0.0,0.0,0.0,-182.90097876848074
t296,0.0,0.0,0.0,-182.90097876848074
t297,0.0,0.0,0.0,-182.90097876848074
t298,0.0,0.0,0.0,-182.90097876848074
t299,0.0,0.0,0.0,-182.90097876848074
t300,0.0,0.0,0.0,-182.90097876848074
t301,0.0,0.0,0.0,-182.90097876848074
t302,0.0,0.0,0.0,-182.90097876848074
t303,0.0,0.0,0.0,-182.90097876848074
t304,0.0,0.0,0.0,-182.90097876848074
t305,0.0,0.0,0.0,-182.90097876848074
t306,0.0,0.0,0.0,-182.90097876848074
t307,0.0,0.0,0.0,-182.90097876848074
t308,0.0,0.0,0.0,-182.90097876848074
t309,0.0,0.0,0.0,-182.90097876848074
t310,0.0,0.0,0.0,-182.90097876848074
t311,0.0,0.0,0.0,-182.90097876848074
t312,0.0,0.0,0.0,-182.90097876848074
t313,0.0,0.0,0.0,21.672397103638005
t314,0.0,0.0,0.0,21.672397103638005
t315,0.0,0.0,0.0,21.672397103638005
t316,0.0,0.0,0.0,21.672397103638005
t317,0.0,0.0,0.0,21.672397103638005
t318,0.0,0.0,0.0,21.672397103638005
t319,0.0,0.0,0.0,21.672397103638005
t320,0.0,0.0,0.0,21.672397103638005
t321,0.0,0.0,0.0,21.672397103638005
t322,0.0,0.0,0.0,21.672397103638005
t323,0.0,0.0,0.0,21.672397103638005
t324,0.0,0.0,0.0,21.672397103638005
t325,0.0,0.0,0.0,21.672397103638005
t326,0.0,0.0,0.0,21.672397103638005
t327,0.0,0.0,0.0,21.672397103638005
t328,0.0,0.0,0.0,21.672397103638005
t329,0.0,0.0,0.0,21.672397103638005
t330,0.0,0.0,0.0,21.672397103638005
t331,0.0,0.0,0.0,21.672397103638005
t332,0.0,0.0,0.0,21.672397103638005
t333,0.0,0.0,0.0,21.672397103638005
t334,0.0,0.0,0.0,21.672397103638005
t335,0.0,0.0,0.0,21.672397103638
t336,0.0,0.0,0.0,21.672397103638005
t337,0.0,0.0,0.0,21.672397103638005
t338,0.0,0.0,0.0,21.672397103638005
t339,0.0,0.0,0.0,21.672397103638005
t340,0.0,0.0,0.0,21.672397103638005
t341,0.0,0.0,0.0,21.672397103638005
t342,0.0,0.0,0.0,21.672397103638
t343,0.0,0.0,0.0,21.672397103638005
t344,0.0,0.0,0.0,21.672397103638005
t345,0.0,0.0,0.0,21.772050483187396
t346,0.0,0.0,0.0,21.772050483187396
t347,0.0,0.0,0.0,21.772050483187396
t348,0.0,0.0,0.0,21.772050483187396
t349,0.0,0.0,0.0,21.772050483187396
t350,0.0,0.0,0.0,21.772050483187396
t351,0.0,0.0,0.0,21.772050483187396
t352,0.0,0.0,0.0,21.772050483187396
t353,0.0,0.0,0.0,1.7968750000000022
t354,0.0,0.0,0.0,-166.73385959906145
t355,0.0,0.0,0.0,-166.73385959906145
t356,0.0,0.0,0.0,-166.73385959906145
t357,0.0,0.0,0.0,-166.73385959906145
t358,0.0,0.0,0.0,-166.73385959906145
t359,0.0,0.0,0.0,21.672397103638005
t360,0.0,0.0,0.0,21.672397103638005
t361,0.0,0.0,0.0,21.672397103638005
t362,0.0,0.0,0.0,21.672397103638005
t363,0.0,0.0,0.0,21.672397103638
t364,0.0,0.0,0.0,21.672397103638005
t365,0.0,0.0,0.0,21.672397103638005
t366,0.0,0.0,0.0,21.672397103638005
t367,0.0,0.0,0.0,21.672397103638005
t368,0.0,0.0,0.0,21.672397103638005
t369,0.0,0.0,0.0,21.672397103638005
t370,0.0,0.0,0.0,21.672397103638005
t371,0.0,0.0,0.0,21.672397103638005
t372,0.0,0.0,0.0,21.672397103638005
t373,0.0,0.0,0.0,21.672397103638005
t374,0.0,0.0,0.0,21.672397103638005
t375,0.0,0.0,0.0,21.672397103638005
t376,0.0,0.0,0.0,21.672397103638005
t377,0.0,0.0,0.0,21.672397103638005
t378,0.0,0.0,0.0,21.672397103638005
t379,0.0,0.0,0.0,21.672397103638005
t380,0.0,0.0,0.0,21.672397103638005
t381,0.0,0.0,0.0,21.672397103638005
t382,0.0,0.0,0.0,21.672397103638005
t383,0.0,0.0,0.0,21.672397103638005
t384,0.0,0.0,0.0,21.672397103638005
t385,0.0,0.0,0.0,21.672397103638005
t386,0.0,0.0,0.0,21.672397103638005
t387,0.0,0.0,0.0,-166.73385959906145
t388,0.0,0.0,0.0,-166.73385959906145
t389,0.0,0.0,0.0,-166.73385959906145
t390,0.0,0.0,0.0,-166.73385959906145
t391,0.0,0.0,0.0,-166.73385959906145
t392,0.0,0.0,0.0,-166.73385959906145
t393,0.0,0.0,0.0,18.703863528969816
t394,0.0,0.0,0.0,21.772050483187396
t395,0.0,0.0,0.0,21.772050483187396
t396,0.0,0.0,0.0,21.772050483187396
t397,0.0,0.0,0.0,21.772050483187396
t398,0.0,0.0,0.0,21.772050483187396
t399,0.0,0.0,0.0,21.772050483187396
t400,0.0,0.0,0.0,21.772050483187396
t401,0.0,0.0,0.0,21.672397103638005
t402,0.0,0.0,0.0,-166.73385959906145
t403,0.0,0.0,0.0,-166.73385959906145
t404,0.0,0.0,0.0,-166.73385959906145
t405,0.0,0.0,0.0,-166.73385959906145
t406,0.0,0.0,0.0,-166.73385959906145
t407,0.0,0.0,0.0,-166.73385959906145
t408,0.0,0.0,0.0,-166.73385959906145
t409,0.0,0.0,0.0,-166.73385959906145
t410,0.0,0.0,0.0,-166.73385959906145
t411,0.0,0.0,0.0,-166.73385959906145
t412,0.0,0.0,0.0,-166.73385959906145
t413,0.0,0.0,0.0,-166.73385959906145
t414,0.0,0.0,0.0,-166.73385959906145
t415,0.0,0.0,0.0,-166.73385959906145
t416,0.0,0.0,0.0,-166.73385959906145
t417,0.0,0.0,0.0,-166.73385959906145
t418,0.0,0.0,0.0,-166.73385959906145
t419,0.0,0.0,0.0,-166.73385959906145
t420,0.0,0.0,0.0,-166.73385959906145
t421,0.0,0.0,0.0,-166.73385959906145
t422,0.0,0.0,0.0,-166.73385959906145
t423,0.0,0.0,0.0,-166.73385959906145
t424,0.0,0.0,0.0,-166.73385959906145
t425,0.0,0.0,0.0,-166.73385959906145
t426,0.0,0.0,0.0,-166.73385959906145
t427,0.0,0.0,0.0,-166.73385959906145
t428,0.0,0.0,0.0,-166.73385959906145
t429,0.0,0.0,0.0,-166.73385959906145
t430,0.0,0.0,0.0,-166.73385959906145
t431,0.0,0.0,0.0,-166.73385959906145
t432,0.0,0.0,0.0,-166.73385959906145
t433,0.0,0.0,0.0,-166.73385959906145
t434,0.0,0.0,0.0,-166.73385959906145
t435,0.0,0.0,0.0,-166.73385959906145
t436,0.0,0.0,0.0,-166.73385959906145
t437,0.0,0.0,0.0,-166.73385959906145
t438,0.0,0.0,0.0,-166.73385959906145
t439,0.0,0.0,0.0,-166.73385959906145
t440,0.0,0.0,0.0,-166.73385959906145
t441,0.0,0.0,0.0,-166.73385959906145
t442,0.0,0.0,0.0,-166.73385959906145
t443,0.0,0.0,0.0,-166.73385959906145
t444,0.0,0.0,0.0,-166.73385959906145
t445,0.0,0.0,0.0,-166.73385959906145
t446,0.0,0.0,0.0,-166.73385959906145
t447,0.0,0.0,0.0,-166.73385959906145
t448,0.0,0.0,0.0,-166.73385959906145
t449,0.0,0.0,0.0,-166.73385959906145
t450,0.0,0.0,0.0,-166.73385959906145
t451,0.0,0.0,0.0,-166.73385959906145
t452,0.0,0.0,0.0,-166.73385959906145
t453,0.0,0.0,0.0,-166.73385959906145
t454,0.0,0.0,0.0,-166.73385959906145
t455,0.0,0.0,0.0,-166.73385959906145
t456,0.0,0.0,0.0,-166.73385959906145
t457,0.0,0.0,0.0,-166.73385959906145
t458,0.0,0.0,0.0,-166.73385959906145
t459,0.0,0.0,0.0,-166.73385959906145
t460,0.0,0.0,0.0,-166.73385959906145
t461,0.0,0.0,0.0,-166.73385959906145
t462,0.0,0.0,0.0,-166.73385959906145
t463,0.0,0.0,0.0,-166.73385959906145
t464,0.0,0.0,0.0,-166.73385959906145
t465,0.0,0.0,0.0,-166.73385959906145
t466,0.0,0.0,0.0,1.796875000000002
t467,0.0,0.0,0.0,1.796875000000002
t468,0.0,0.0,0.0,1.796875000000002
t469,0.0,0.0,0.0,1.796875000000002
t470,0.0,0.0,0.0,1.796875000000002
t471,0.0,0.0,0.0,1.796875000000002
t472,0.0,0.0,0.0,1.796875000000002
t473,0.0,0.0,0.0,1.796875000000002
t474,0.0,0.0,0.0,1.796875000000002
t475,0.0,0.0,0.0,1.796875000000002
t476,0.0,0.0,0.0,1.796875000000002
t477,0.0,0.0,0.0,21.672397103638005
t478,0.0,0.0,0.0,21.672397103638005
t479,0.0,0.0,0.0,21.672397103638005
t480,0.0,0.0,0.0,21.672397103638
t481,0.0,0.0,0.0,21.672397103638005
t482,0.0,0.0,0.0,21.672397103638005
t483,0.0,0.0,0.0,21.672397103638005
t484,0.0,0.0,0.0,21.672397103638005
t485,0.0,0.0,0.0,21.672397103638005
t486,0.0,0.0,0.0,21.672397103638005
t487,0.0,0.0,0.0,21.672397103638005
t488,0.0,0.0,0.0,21.672397103638005
t489,0.0,0.0,0.0,21.772050483187396
t490,0.0,0.0,0.0,21.772050483187396
t491,0.0,0.0,0.0,21.772050483187396
t492,0.0,0.0,0.0,21.772050483187396
t493,0.0,0.0,0.0,21.772050483187396
t494,0.0,0.0,0.0,21.772050483187396
t495,0.0,0.0,0.0,21.772050483187396
t496,0.0,0.0,0.0,21.772050483187396
t497,0.0,0.0,0.0,21.672397103638005
t498,0.0,0.0,0.0,21.672397103638005
t499,0.0,0.0,0.0,21.672397103638005
t500,0.0,0.0,0.0,21.672397103638005
t501,0.0,0.0,0.0,21.672397103638005
t502,0.0,0.0,0.0,21.672397103638
t503,0.0,0.0,0.0,21.672397103638005
t504,0.0,0.0,0.0,21.672397103638005
t505,0.0,0.0,0.0,21.672397103638
t506,0.0,0.0,0.0,21.672397103638
t507,0.0,0.0,0.0,21.672397103638
t508,0.0,0.0,0.0,21.672397103638005
t509,0.0,0.0,0.0,21.672397103638005
t510,0.0,0.0,0.0,21.672397103637998
t511,0.0,0.0,0.0,21.672397103638
t512,0.0,0.0,0.0,21.672397103638
t513,0.0,0.0,0.0,21.772050483187392
t514,0.0,0.0,0.0,21.772050483187392
t515,0.0,0.0,0.0,21.772050483187392
t516,0.0,0.0,0.0,21.772050483187392
t517,0.0,0.0,0.0,21.772050483187392
t518,0.0,0.0,0.0,21.772050483187392
t519,0.0,0.0,0.0,21.772050483187392
t520,0.0,0.0,0.0,21.772050483187392
t521,0.0,0.0,0.0,21.672397103638
t522,0.0,0.0,0.0,21.672397103638
t523,0.0,0.0,0.0,-166.73385959906145
t524,0.0,0.0,0.0,-166.73385959906147
t525,0.0,0.0,0.0,-166.73385959906147
t526,0.0,0.0,0.0,-166.73385959906147
t527,0.0,0.0,0.0,-166.73385959906147
t528,0.0,0.0,0.0,-166.73385959906147
t529,0.0,0.0,0.0,-166.73385959906147
t530,0.0,0.0,0.0,-166.73385959906147
t531,0.0,0.0,0.0,-166.73385959906147
t532,0.0,0.0,0.0,-166.73385959906147
t533,0.0,0.0,0.0,-166.73385959906147
t534,0.0,0.0,0.0,-166.73385959906147
t535,0.0,0.0,0.0,-166.73385959906147
t536,0.0,0.0,0.0,-166.73385959906147
t537,0.0,0.0,0.0,18.703863528969812
t538,0.0,0.0,0.0,21.772050483187392
t539,0.0,0.0,0.0,21.772050483187392
t540,0.0,0.0,0.0,21.772050483187392
t541,0.0,0.0,0.0,21.772050483187392
t542,0.0,0.0,0.0,21.772050483187392
t543,0.0,0.0,0.0,21.772050483187392
t544,0.0,0.0,0.0,21.772050483187392
t545,0.0,0.0,0.0,21.672397103638
t546,0.0,0.0,0.0,21.672397103638
t547,0.0,0.0,0.0,21.672397103638
t548,0.0,0.0,0.0,21.672397103638
t549,0.0,0.0,0.0,21.672397103638
t550,0.0,0.0,0.0,21.672397103638
t551,0.0,0.0,0.0,21.672397103638
t552,0.0,0.0,0.0,21.672397103638
t553,0.0,0.0,0.0,21.672397103638
t554,0.0,0.0,0.0,21.672397103638
t555,0.0,0.0,0.0,21.672397103638
t556,0.0,0.0,0.0,21.672397103638
t557,0.0,0.0,0.0,21.672397103638
t558,0.0,0.0,0.0,21.672397103638
t559,0.0,0.0,0.0,21.672397103638
t560,0.0,0.0,0.0,21.672397103638
t561,0.0,0.0,0.0,21.672397103638
t562,0.0,0.0,0.0,21.772050483187392
t563,0.0,0.0,0.0,21.772050483187392
t564,0.0,0.0,0.0,21.772050483187392
t565,0.0,0.0,0.0,21.772050483187392
t566,0.0,0.0,0.0,21.772050483187392
t567,0.0,0.0,0.0,21.772050483187392
t568,0.0,0.0,0.0,21.772050483187392
t569,0.0,0.0,0.0,21.672397103638
t570,0.0,0.0,0.0,21.672397103638
t571,0.0,0.0,0.0,21.672397103638
t572,0.0,0.0,0.0,21.672397103638
t573,0.0,0.0,0.0,21.672397103638
t574,0.0,0.0,0.0,21.672397103638
t575,0.0,0.0,0.0,21.672397103638
t576,0.0,0.0,0.0,21.672397103638
t577,0.0,0.0,0.0,21.672397103638
t578,0.0,0.0,0.0,21.672397103638
t579,0.0,0.0,0.0,21.672397103638
t580,0.0,0.0,0.0,21.672397103638
t581,0.0,0.0,0.0,21.672397103638
t582,0.0,0.0,0.0,21.672397103638
t583,0.0,0.0,0.0,21.672397103638
t584,0.0,0.0,0.0,21.672397103638
t585,0.0,0.0,0.0,21.772050483187392
t586,0.0,0.0,0.0,21.772050483187392
t587,0.0,0.0,0.0,21.772050483187392
t588,0.0,0.0,0.0,21.772050483187392
t589,0.0,0.0,0.0,21.772050483187392
t590,0.0,0.0,0.0,21.772050483187392
t591,0.0,0.0,0.0,21.772050483187392
t592,0.0,0.0,0.0,21.772050483187392
t593,0.0,0.0,0.0,21.672397103638
t594,0.0,0.0,0.0,21.672397103638
t595,0.0,0.0,0.0,21.672397103638
t596,0.0,0.0,0.0,21.672397103638
t597,0.0,0.0,0.0,21.672397103638
t598,0.0,0.0,0.0,21.672397103638
t599,0.0,0.0,0.0,21.672397103638
t600,0.0,0.0,0.0,21.672397103638
t601,0.0,0.0,0.0,21.672397103638
t602,0.0,0.0,0.0,21.672397103638
t603,0.0,0.0,0.0,21.672397103638
t604,0.0,0.0,0.0,21.672397103638
t605,0.0,0.0,0.0,21.672397103638
t606,0.0,0.0,0.0,21.672397103638
t607,0.0,0.0,0.0,21.672397103638
t608,0.0,0.0,0.0,21.672397103638
t609,0.0,0.0,0.0,21.672397103638
t610,0.0,0.0,0.0,21.672397103638
t611,0.0,0.0,0.0,21.672397103638
t612,0.0,0.0,0.0,21.672397103638
t613,0.0,0.0,0.0,21.672397103638
t614,0.0,0.0,0.0,21.672397103638
t615,0.0,0.0,0.0,21.672397103638
t616,0.0,0.0,0.0,21.672397103638
t617,0.0,0.0,0.0,21.672397103638
t618,0.0,0.0,0.0,21.672397103638
t619,0.0,0.0,0.0,21.672397103638
t620,0.0,0.0,0.0,21.672397103638
t621,0.0,0.0,0.0,21.672397103638
t622,0.0,0.0,0.0,21.672397103638
t623,0.0,0.0,0.0,21.672397103638
t624,0.0,0.0,0.0,21.672397103638
t625,0.0,0.0,0.0,21.672397103638
t626,0.0,0.0,0.0,21.672397103638
t627,0.0,0.0,0.0,21.672397103638
t628,0.0,0.0,0.0,21.672397103638
t629,0.0,0.0,0.0,21.672397103638
t630,0.0,0.0,0.0,21.672397103638
t631,0.0,0.0,0.0,21.672397103638
t632,0.0,0.0,0.0,21.672397103638
t633,0.0,0.0,0.0,21.672397103638
t634,0.0,0.0,0.0,21.672397103638
t635,0.0,0.0,0.0,21.672397103638
t636,0.0,0.0,0.0,21.672397103638
t637,0.0,0.0,0.0,21.672397103638
t638,0.0,0.0,0.0,21.672397103638
t639,0.0,0.0,0.0,21.672397103638
t640,0.0,0.0,0.0,1.7968750000000087
t641,0.0,0.0,0.0,-166.73385959906145
t642,0.0,0.0,0.0,-166.73385959906145
t643,0.0,0.0,0.0,-166.73385959906147
t644,0.0,0.0,0.0,-166.73385959906147
t645,0.0,0.0,0.0,-166.73385959906147
t646,0.0,0.0,0.0,-166.73385959906147
t647,0.0,0.0,0.0,-166.73385959906147
t648,0.0,0.0,0.0,-166.73385959906147
t649,0.0,0.0,0.0,-166.73385959906147
t650,0.0,0.0,0.0,-166.73385959906147
t651,0.0,0.0,0.0,-166.73385959906147
t652,0.0,0.0,0.0,-166.73385959906147
t653,0.0,0.0,0.0,-166.73385959906147
t654,0.0,0.0,0.0,-166.73385959906147
t655,0.0,0.0,0.0,-166.73385959906147
t656,0.0,0.0,0.0,-166.73385959906147
t657,0.0,0.0,0.0,-166.73385959906147
t658,0.0,0.0,0.0,-166.73385959906147
t659,0.0,0.0,0.0,-166.73385959906147
t660,0.0,0.0,0.0,-166.73385959906147
t661,0.0,0.0,0.0,-166.73385959906147
t662,0.0,0.0,0.0,-166.73385959906147
t663,0.0,0.0,0.0,-166.73385959906147
t664,0.0,0.0,0.0,-166.73385959906147
t665,0.0,0.0,0.0,-166.73385959906147
t666,0.0,0.0,0.0,-166.73385959906147
t667,0.0,0.0,0.0,-166.73385959906147
t668,0.0,0.0,0.0,-166.73385959906147
t669,0.0,0.0,0.0,-166.73385959906147
t670,0.0,0.0,0.0,-166.73385959906147
t671,0.0,0.0,0.0,-166.73385959906145
t672,0.0,0.0,0.0,-166.73385959906145
t673,0.0,0.0,0.0,21.672397103638005
t674,0.0,0.0,0.0,21.672397103638005
t675,0.0,0.0,0.0,21.672397103638005
t676,0.0,0.0,0.0,21.672397103638005
t677,0.0,0.0,0.0,21.672397103638005
t678,0.0,0.0,0.0,21.672397103638005
t679,0.0,0.0,0.0,21.672397103638005
t680,0.0,0.0,0.0,21.672397103638005
t681,0.0,0.0,0.0,21.672397103638
t682,0.0,0.0,0.0,21.672397103638005
t683,0.0,0.0,0.0,21.672397103638005
t684,0.0,0.0,0.0,21.672397103638005
t685,0.0,0.0,0.0,21.672397103638005
t686,0.0,0.0,0.0,21.672397103638005
t687,0.0,0.0,0.0,21.672397103638005
t688,0.0,0.0,0.0,21.672397103638005
t689,0.0,0.0,0.0,21.672397103638005
t690,0.0,0.0,0.0,21.672397103638005
t691,0.0,0.0,0.0,21.672397103638005
t692,0.0,0.0,0.0,21.672397103638005
t693,0.0,0.0,0.0,21.672397103638005
t694,0.0,0.0,0.0,21.672397103638005
t695,0.0,0.0,0.0,21.672397103638005
t696,0.0,0.0,0.0,21.672397103638005
t697,0.0,0.0,0.0,21.672397103638005
t698,0.0,0.0,0.0,21.672397103638005
t699,0.0,0.0,0.0,21.672397103638005
t700,0.0,0.0,0.0,21.672397103638005
t701,0.0,0.0,0.0,21.672397103638005
t702,0.0,0.0,0.0,21.672397103638005
t703,0.0,0.0,0.0,21.672397103638005
t704,0.0,0.0,0.0,21.672397103638005
t705,0.0,0.0,0.0,21.672397103638005
t706,0.0,0.0,0.0,21.672397103638005
t707,0.0,0.0,0.0,21.672397103638005
t708,0.0,0.0,0.0,21.672397103638005
t709,0.0,0.0,0.0,21.672397103638005
t710,0.0,0.0,0.0,21.672397103638005
t711,0.0,0.0,0.0,21.672397103638005
t712,0.0,0.0,0.0,21.672397103638005
t713,0.0,0.0,0.0,21.672397103638005
t714,0.0,0.0,0.0,21.672397103638005
t715,0.0,0.0,0.0,21.672397103638005
t716,0.0,0.0,0.0,21.672397103638
t717,0.0,0.0,0.0,21.672397103638
t718,0.0,0.0,0.0,21.672397103637998
t719,0.0,0.0,0.0,21.672397103638005
t720,0.0,0.0,0.0,21.672397103638005
t721,0.0,0.0,0.0,21.672397103638005
t722,0.0,0.0,0.0,21.672397103638005
t723,0.0,0.0,0.0,21.672397103638
t724,0.0,0.0,0.0,21.672397103638005
t725,0.0,0.0,0.0,21.672397103638005
t726,0.0,0.0,0.0,21.672397103638005
t727,0.0,0.0,0.0,21.672397103638005
t728,0.0,0.0,0.0,21.672397103638005
t729,0.0,0.0,0.0,21.672397103638005
t730,0.0,0.0,0.0,21.672397103638005
t731,0.0,0.0,0.0,21.672397103638005
t732,0.0,0.0,0.0,21.672397103638005
t733,0.0,0.0,0.0,21.672397103638005
t734,0.0,0.0,0.0,21.672397103638005
t735,0.0,0.0,0.0,21.672397103638005
t736,0.0,0.0,0.0,21.672397103638005
t737,0.0,0.0,0.0,21.672397103638005
t738,0.0,0.0,0.0,21.672397103638005
t739,0.0,0.0,0.0,21.672397103638005
t740,0.0,0.0,0.0,21.672397103638005
t741,0.0,0.0,0.0,21.672397103638005
t742,0.0,0.0,0.0,21.672397103638005
t743,0.0,0.0,0.0,21.672397103638005
t744,0.0,0.0,0.0,21.672397103638005
t745,0.0,0.0,0.0,21.672397103638005
t746,0.0,0.0,0.0,21.672397103638005
t747,0.0,0.0,0.0,21.672397103638005
t748,0.0,0.0,0.0,21.672397103638005
t749,0.0,0.0,0.0,21.672397103638005
t750,0.0,0.0,0.0,21.672397103638005
t751,0.0,0.0,0.0,21.672397103638005
t752,0.0,0.0,0.0,21.672397103638005
t753,0.0,0.0,0.0,21.672397103638005
t754,0.0,0.0,0.0,21.672397103638005
t755,0.0,0.0,0.0,21.672397103638005
t756,0.0,0.0,0.0,21.672397103638005
t757,0.0,0.0,0.0,21.672397103638005
t758,0.0,0.0,0.0,21.672397103638005
t759,0.0,0.0,0.0,21.672397103638005
t760,0.0,0.0,0.0,21.672397103638005
t761,0.0,0.0,0.0,21.672397103638005
t762,0.0,0.0,0.0,21.672397103638005
t763,0.0,0.0,0.0,-941.4181092749259
t764,0.0,0.0,0.0,-941.4181092749259
t765,0.0,0.0,0.0,-941.4181092749259
t766,0.0,0.0,0.0,-941.4181092749259
t767,0.0,0.0,0.0,-941.4181092749259
t768,0.0,0.0,0.0,-941.4181092749259
t769,0.0,0.0,0.0,18.61951690851921
t770,0.0,0.0,0.0,21.672397103638005
t771,0.0,0.0,0.0,21.672397103638005
t772,0.0,0.0,0.0,21.672397103638005
t773,0.0,0.0,0.0,21.672397103638005
t774,0.0,0.0,0.0,21.672397103638005
t775,0.0,0.0,0.0,21.672397103638005
t776,0.0,0.0,0.0,21.672397103638005
t777,0.0,0.0,0.0,21.772050483187396
t778,0.0,0.0,0.0,21.772050483187396
t779,0.0,0.0,0.0,21.772050483187396
t780,0.0,0.0,0.0,21.772050483187396
t781,0.0,0.0,0.0,21.772050483187396
t782,0.0,0.0,0.0,21.772050483187396
t783,0.0,0.0,0.0,21.772050483187396
t784,0.0,0.0,0.0,21.772050483187396
t785,0.0,0.0,0.0,21.672397103638005
t786,0.0,0.0,0.0,21.672397103638005
t787,0.0,0.0,0.0,21.672397103638005
t788,0.0,0.0,0.0,21.672397103638005
t789,0.0,0.0,0.0,21.672397103638005
t790,0.0,0.0,0.0,21.672397103638005
t791,0.0,0.0,0.0,21.672397103638005
t792,0.0,0.0,0.0,21.672397103638005
t793,0.0,0.0,0.0,21.672397103638005
t794,0.0,0.0,0.0,21.672397103638005
t795,0.0,0.0,0.0,21.672397103638005
t796,0.0,0.0,0.0,21.672397103638005
t797,0.0,0.0,0.0,21.672397103638005
t798,0.0,0.0,0.0,21.672397103638005
t799,0.0,0.0,0.0,21.672397103638005
t800,0.0,0.0,0.0,21.672397103638005
t801,0.0,0.0,0.0,21.772050483187396
t802,0.0,0.0,0.0,21.772050483187396
t803,0.0,0.0,0.0,21.772050483187396
t804,0.0,0.0,0.0,21.772050483187396
t805,0.0,0.0,0.0,21.772050483187396
t806,0.0,0.0,0.0,21.772050483187396
t807,0.0,0.0,0.0,21.772050483187396
t808,0.0,0.0,0.0,21.672397103638005
t809,0.0,0.0,0.0,21.672397103638005
t810,0.0,0.0,0.0,21.672397103638005
t811,0.0,0.0,0.0,21.672397103638005
t812,0.0,0.0,0.0,21.672397103638005
t813,0.0,0.0,0.0,21.672397103638005
t814,0.0,0.0,0.0,21.672397103638005
t815,0.0,0.0,0.0,21.672397103638005
t816,0.0,0.0,0.0,21.672397103638005
t817,0.0,0.0,0.0,21.672397103638005
t818,0.0,0.0,0.0,21.672397103638005
t819,0.0,0.0,0.0,21.672397103638
t820,0.0,0.0,0.0,21.672397103638005
t821,0.0,0.0,0.0,21.672397103638005
t822,0.0,0.0,0.0,21.672397103637998
t823,0.0,0.0,0.0,21.672397103638005
t824,0.0,0.0,0.0,21.672397103638005
t825,0.0,0.0,0.0,21.672397103638005
t826,0.0,0.0,0.0,21.672397103638005
t827,0.0,0.0,0.0,21.672397103638005
t828,0.0,0.0,0.0,21.672397103638005
t829,0.0,0.0,0.0,21.672397103638005
t830,0.0,0.0,0.0,21.672397103638005
t831,0.0,0.0,0.0,21.672397103638005
t832,0.0,0.0,0.0,21.672397103638005
t833,0.0,0.0,0.0,21.672397103638005
t834,0.0,0.0,0.0,21.672397103638005
t835,0.0,0.0,0.0,21.672397103638005
t836,0.0,0.0,0.0,21.672397103638005
t837,0.0,0.0,0.0,21.672397103638005
t838,0.0,0.0,0.0,21.672397103638005
t839,0.0,0.0,0.0,21.672397103638005
t840,0.0,0.0,0.0,21.672397103638005
t841,0.0,0.0,0.0,21.672397103638005
t842,0.0,0.0,0.0,21.672397103638005
t843,0.0,0.0,0.0,21.672397103638005
t844,0.0,0.0,0.0,21.672397103638005
t845,0.0,0.0,0.0,21.672397103638005
t846,0.0,0.0,0.0,21.672397103638005
t847,0.0,0.0,0.0,21.672397103638005
t848,0.0,0.0,0.0,21.672397103638005
t849,0.0,0.0,0.0,21.672397103638005
t850,0.0,0.0,0.0,21.672397103638005
t851,0.0,0.0,0.0,21.672397103638005
t852,0.0,0.0,0.0,21.672397103638005
t853,0.0,0.0,0.0,21.672397103638005
t854,0.0,0.0,0.0,21.672397103638005
t855,0.0,0.0,0.0,21.672397103638005
t856,0.0,0.0,0.0,21.672397103638005
t857,0.0,0.0,0.0,21.672397103638005
t858,0.0,0.0,0.0,21.672397103638005
t859,0.0,0.0,0.0,21.672397103638005
t860,0.0,0.0,0.0,21.672397103638005
t861,0.0,0.0,0.0,21.672397103638005
t862,0.0,0.0,0.0,21.672397103638005
t863,0.0,0.0,0.0,21.672397103638005
t864,0.0,0.0,0.0,21.672397103638005
t865,0.0,0.0,0.0,21.672397103638005
t866,0.0,0.0,0.0,21.672397103638005
t867,0.0,0.0,0.0,21.672397103638005
t868,0.0,0.0,0.0,21.672397103638005
t869,0.0,0.0,0.0,21.672397103638005
t870,0.0,0.0,0.0,21.672397103638005
t871,0.0,0.0,0.0,21.672397103638005
t872,0.0,0.0,0.0,21.672397103638005
t873,0.0,0.0,0.0,21.672397103638005
t874,0.0,0.0,0.0,21.672397103638005
t875,0.0,0.0,0.0,21.672397103638005
t876,0.0,0.0,0.0,21.672397103638005
t877,0.0,0.0,0.0,21.672397103638005
t878,0.0,0.0,0.0,21.672397103638005
t879,0.0,0.0,0.0,21.672397103638005
t880,0.0,0.0,0.0,21.672397103638005
t881,0.0,0.0,0.0,21.672397103638005
t882,0.0,0.0,0.0,21.672397103638005
t883,0.0,0.0,0.0,21.672397103638005
t884,0.0,0.0,0.0,-127.98096710471386
t885,0.0,0.0,0.0,-185.5268000934091
t886,0.0,0.0,0.0,-185.5268000934091
t887,0.0,0.0,0.0,-185.52680009340904
t888,0.0,0.0,0.0,-185.52680009340904
t889,0.0,0.0,0.0,-185.52680009340904
t890,0.0,0.0,0.0,-185.52680009340904
t891,0.0,0.0,0.0,-185.52680009340904
t892,0.0,0.0,0.0,-185.52680009340904
t893,0.0,0.0,0.0,-185.52680009340904
t894,0.0,0.0,0.0,-185.52680009340904
t895,0.0,0.0,0.0,-185.52680009340904
t896,0.0,0.0,0.0,-185.52680009340904
t897,0.0,0.0,0.0,-185.52680009340904
t898,0.0,0.0,0.0,-185.52680009340904
t899,0.0,0.0,0.0,-185.52680009340904
t900,0.0,0.0,0.0,-185.52680009340904
t901,0.0,0.0,0.0,-185.52680009340904
t902,0.0,0.0,0.0,-185.52680009340904
t903,0.0,0.0,0.0,-185.52680009340904
t904,0.0,0.0,0.0,-185.52680009340904
t905,0.0,0.0,0.0,-185.52680009340904
t906,0.0,0.0,0.0,-185.52680009340904
t907,0.0,0.0,0.0,-185.52680009340904
t908,0.0,0.0,0.0,-185.52680009340904
t909,0.0,0.0,0.0,18.61951690851921
t910,0.0,0.0,0.0,21.672397103638005
t911,0.0,0.0,0.0,21.672397103638005
t912,0.0,0.0,0.0,21.672397103638005
t913,0.0,0.0,0.0,21.672397103638005
t914,0.0,0.0,0.0,21.672397103638005
t915,0.0,0.0,0.0,21.672397103638005
t916,0.0,0.0,0.0,21.672397103638005
t917,0.0,0.0,0.0,21.672397103638005
t918,0.0,0.0,0.0,21.672397103638005
t919,0.0,0.0,0.0,21.672397103638005
t920,0.0,0.0,0.0,21.672397103638005
t921,0.0,0.0,0.0,21.672397103638005
t922,0.0,0.0,0.0,21.672397103638005
t923,0.0,0.0,0.0,21.672397103638005
t924,0.0,0.0,0.0,21.672397103638005
t925,0.0,0.0,0.0,21.672397103638005
t926,0.0,0.0,0.0,21.672397103638005
t927,0.0,0.0,0.0,21.672397103638005
t928,0.0,0.0,0.0,1.7968750000000022
t929,0.0,0.0,0.0,-156.75388359906148
t930,0.0,0.0,0.0,-156.75388359906148
t931,0.0,0.0,0.0,-156.75388359906148
t932,0.0,0.0,0.0,-156.75388359906148
t933,0.0,0.0,0.0,-156.75388359906148
t934,0.0,0.0,0.0,-156.75388359906148
t935,0.0,0.0,0.0,-156.75388359906148
t936,0.0,0.0,0.0,-156.75388359906148
t937,0.0,0.0,0.0,-156.75388359906148
t938,0.0,0.0,0.0,-156.75388359906148
t939,0.0,0.0,0.0,-156.75388359906148
t940,0.0,0.0,0.0,-156.75388359906148
t941,0.0,0.0,0.0,-156.75388359906148
t942,0.0,0.0,0.0,18.61951690851921
t943,0.0,0.0,0.0,18.61951690851921
t944,0.0,0.0,0.0,18.61951690851921
t945,0.0,0.0,0.0,21.672397103638005
t946,0.0,0.0,0.0,21.672397103638005
t947,0.0,0.0,0.0,21.672397103638005
t948,0.0,0.0,0.0,21.672397103638005
t949,0.0,0.0,0.0,21.672397103638005
t950,0.0,0.0,0.0,21.672397103638005
t951,0.0,0.0,0.0,21.672397103638005
t952,0.0,0.0,0.0,21.672397103638005
t953,0.0,0.0,0.0,21.672397103638005
t954,0.0,0.0,0.0,21.672397103638005
t955,0.0,0.0,0.0,21.672397103638005
t956,0.0,0.0,0.0,21.672397103638005
t957,0.0,0.0,0.0,21.672397103638005
t958,0.0,0.0,0.0,21.672397103638005
t959,0.0,0.0,0.0,21.672397103638005
t960,0.0,0.0,0.0,21.672397103638005
t961,0.0,0.0,0.0,21.672397103638005
t962,0.0,0.0,0.0,21.672397103638005
t963,0.0,0.0,0.0,21.672397103638005
t964,0.0,0.0,0.0,21.672397103638005
t965,0.0,0.0,0.0,21.672397103638005
t966,0.0,0.0,0.0,21.672397103638005
t967,0.0,0.0,0.0,21.672397103638005
t968,0.0,0.0,0.0,21.672397103638005
t969,0.0,0.0,0.0,21.672397103638005
t970,0.0,0.0,0.0,21.672397103638005
t971,0.0,0.0,0.0,21.672397103638005
t972,0.0,0.0,0.0,21.672397103638005
t973,0.0,0.0,0.0,21.672397103638005
t974,0.0,0.0,0.0,21.672397103638005
t975,0.0,0.0,0.0,21.672397103638005
t976,0.0,0.0,0.0,21.672397103638005
t977,0.0,0.0,0.0,21.672397103638005
t978,0.0,0.0,0.0,21.672397103638005
t979,0.0,0.0,0.0,21.672397103638005
t980,0.0,0.0,0.0,21.672397103638005
t981,0.0,0.0,0.0,-156.75388359906148
t982,0.0,0.0,0.0,-156.75388359906148
t983,0.0,0.0,0.0,-156.75388359906148
t984,0.0,0.0,0.0,-156.75388359906148
t985,0.0,0.0,0.0,-156.75388359906148
t986,0.0,0.0,0.0,-156.75388359906148
t987,0.0,0.0,0.0,-156.75388359906148
t988,0.0,0.0,0.0,-156.75388359906148
t989,0.0,0.0,0.0,-156.75388359906148
t990,0.0,0.0,0.0,-156.75388359906148
t991,0.0,0.0,0.0,-156.75388359906148
t992,0.0,0.0,0.0,18.548125928969817
t993,0.0,0.0,0.0,21.5880504831874
t994,0.0,0.0,0.0,21.772050483187396
t995,0.0,0.0,0.0,21.772050483187396
t996,0.0,0.0,0.0,21.772050483187396
t997,0.0,0.0,0.0,21.772050483187396
t998,0.0,0.0,0.0,21.772050483187396
t999,0.0,0.0,0.0,21.772050483187396
t1000,0.0,0.0,0.0,21.772050483187396
t1001,0.0,0.0,0.0,21.672397103638005
t1002,0.0,0.0,0.0,21.672397103638005
t1003,0.0,0.0,0.0,21.672397103638005
t1004,0.0,0.0,0.0,21.672397103638005
t1005,0.0,0.0,0.0,21.672397103638005
t1006,0.0,0.0,0.0,21.672397103638005
t1007,0.0,0.0,0.0,21.672397103638005
t1008,0.0,0.0,0.0,21.672397103638005
t1009,0.0,0.0,0.0,21.672397103638005
t1010,0.0,0.0,0.0,21.672397103638005
t1011,0.0,0.0,0.0,21.672397103638005
t1012,0.0,0.0,0.0,21.672397103638005
t1013,0.0,0.0,0.0,21.672397103638005
t1014,0.0,0.0,0.0,21.672397103638005
t1015,0.0,0.0,0.0,21.672397103638005
t1016,0.0,0.0,0.0,21.672397103638005
t1017,0.0,0.0,0.0,21.672397103638005
t1018,0.0,0.0,0.0,21.672397103638005
t1019,0.0,0.0,0.0,21.672397103638005
t1020,0.0,0.0,0.0,21.672397103638005
t1021,0.0,0.0,0.0,21.672397103638005
t1022,0.0,0.0,0.0,21.672397103638005
t1023,0.0,0.0,0.0,21.672397103638005
t1024,0.0,0.0,0.0,21.672397103638005
t1025,0.0,0.0,0.0,-186.41516965862647
t1026,0.0,0.0,0.0,-186.41516965862647
t1027,0.0,0.0,0.0,-186.41516965862647
t1028,0.0,0.0,0.0,-186.41516965862647
t1029,0.0,0.0,0.0,-186.41516965862647
t1030,0.0,0.0,0.0,-186.41516965862647
t1031,0.0,0.0,0.0,-186.41516965862647
t1032,0.0,0.0,0.0,-186.41516965862647
t1033,0.0,0.0,0.0,-186.41516965862647
t1034,0.0,0.0,0.0,-186.41516965862647
t1035,0.0,0.0,0.0,-186.41516965862647
t1036,0.0,0.0,0.0,-186.41516965862647
t1037,0.0,0.0,0.0,-186.41516965862647
t1038,0.0,0.0,0.0,-186.41516965862647
t1039,0.0,0.0,0.0,-186.41516965862647
t1040,0.0,0.0,0.0,-186.41516965862647
t1041,0.0,0.0,0.0,-186.41516965862647
t1042,0.0,0.0,0.0,-186.41516965862647
t1043,0.0,0.0,0.0,-186.41516965862647
t1044,0.0,0.0,0.0,-186.41516965862647
t1045,0.0,0.0,0.0,-186.41516965862647
t1046,0.0,0.0,0.0,-186.41516965862647
t1047,0.0,0.0,0.0,-186.41516965862647
t1048,0.0,0.0,0.0,-186.41516965862647
t1049,0.0,0.0,0.0,-186.41516965862647
t1050,0.0,0.0,0.0,-186.41516965862647
t1051,0.0,0.0,0.0,-186.41516965862647
t1052,0.0,0.0,0.0,-186.41516965862647
t1053,0.0,0.0,0.0,-186.41516965862647
t1054,0.0,0.0,0.0,-186.41516965862647
t1055,0.0,0.0,0.0,-186.41516965862647
t1056,0.0,0.0,0.0,-186.41516965862647
t1057,0.0,0.0,0.0,-186.41516965862647
t1058,0.0,0.0,0.0,-186.41516965862647
t1059,0.0,0.0,0.0,-186.41516965862647
t1060,0.0,0.0,0.0,-186.41516965862647
t1061,0.0,0.0,0.0,-186.41516965862647
t1062,0.0,0.0,0.0,-186.41516965862647
t1063,0.0,0.0,0.0,-186.41516965862647
t1064,0.0,0.0,0.0,-186.41516965862647
t1065,0.0,0.0,0.0,-186.41516965862647
t1066,0.0,0.0,0.0,-186.41516965862647
t1067,0.0,0.0,0.0,-186.41516965862647
t1068,0.0,0.0,0.0,-186.41516965862647
t1069,0.0,0.0,0.0,-186.41516965862647
t1070,0.0,0.0,0.0,-186.41516965862647
t1071,0.0,0.0,0.0,-186.41516965862647
t1072,0.0,0.0,0.0,-186.41516965862647
t1073,0.0,0.0,0.0,-186.41516965862647
t1074,0.0,0.0,0.0,-186.41516965862647
t1075,0.0,0.0,0.0,-186.41516965862647
t1076,0.0,0.0,0.0,-186.41516965862647
t1077,0.0,0.0,0.0,-186.41516965862647
t1078,0.0,0.0,0.0,-186.41516965862647
t1079,0.0,0.0,0.0,-46.62497129132594
t1080,0.0,0.0,0.0,-46.62497129132594
t1081,0.0,0.0,0.0,-46.62497129132594
t1082,0.0,0.0,0.0,-46.62497129132594
t1083,0.0,0.0,0.0,-46.62497129132594
t1084,0.0,0.0,0.0,-46.62497129132594
t1085,0.0,0.0,0.0,-46.62497129132594
t1086,0.0,0.0,0.0,-46.62497129132594
t1087,0.0,0.0,0.0,-157.50579959906148
t1088,0.0,0.0,0.0,-157.50579959906148
t1089,0.0,0.0,0.0,-157.50579959906148
t1090,0.0,0.0,0.0,-157.50579959906148
t1091,0.0,0.0,0.0,-157.50579959906148
t1092,0.0,0.0,0.0,-157.50579959906148
t1093,0.0,0.0,0.0,-157.50579959906148
t1094,0.0,0.0,0.0,-157.50579959906148
t1095,0.0,0.0,0.0,-170.75801516362813
t1096,0.0,0.0,0.0,-170.75801516362813
t1097,0.0,0.0,0.0,-170.75801516362813
t1098,0.0,0.0,0.0,-170.75801516362813
t1099,0.0,0.0,0.0,-170.75801516362813
t1100,0.0,0.0,0.0,-170.75801516362813
t1101,0.0,0.0,0.0,-170.75801516362813
t1102,0.0,0.0,0.0,-170.75801516362813
t1103,0.0,0.0,0.0,-170.75801516362813
t1104,0.0,0.0,0.0,-170.75801516362813
t1105,0.0,0.0,0.0,-170.75801516362813
t1106,0.0,0.0,0.0,-170.75801516362813
t1107,0.0,0.0,0.0,-170.75801516362813
t1108,0.0,0.0,0.0,-170.75801516362813
t1109,0.0,0.0,0.0,-170.75801516362813
t1110,0.0,0.0,0.0,-170.75801516362813
t1111,0.0,0.0,0.0,-170.75801516362813
t1112,0.0,0.0,0.0,-170.75801516362813
t1113,0.0,0.0,0.0,-170.75801516362813
t1114,0.0,0.0,0.0,-170.75801516362813
t1115,0.0,0.0,0.0,-170.75801516362813
t1116,0.0,0.0,0.0,-170.75801516362813
t1117,0.0,0.0,0.0,-170.75801516362813
t1118,0.0,0.0,0.0,-170.75801516362813
t1119,0.0,0.0,0.0,-170.75801516362813
t1120,0.0,0.0,0.0,-170.75801516362813
t1121,0.0,0.0,0.0,-170.75801516362813
t1122,0.0,0.0,0.0,-170.75801516362813
t1123,0.0,0.0,0.0,-170.75801516362813
t1124,0.0,0.0,0.0,-170.75801516362813
t1125,0.0,0.0,0.0,-170.75801516362813
t1126,0.0,0.0,0.0,-170.75801516362813
t1127,0.0,0.0,0.0,-170.75801516362813
t1128,0.0,0.0,0.0,-170.75801516362813
t1129,0.0,0.0,0.0,-170.75801516362813
t1130,0.0,0.0,0.0,-170.75801516362813
t1131,0.0,0.0,0.0,1.7968750000000018
t1132,0.0,0.0,0.0,1.7968750000000018
t1133,0.0,0.0,0.0,1.7968750000000018
t1134,0.0,0.0,0.0,1.7968750000000018
t1135,0.0,0.0,0.0,1.7968750000000018
t1136,0.0,0.0,0.0,1.7968750000000018
t1137,0.0,0.0,0.0,1.7968750000000018
t1138,0.0,0.0,0.0,1.7968750000000018
t1139,0.0,0.0,0.0,1.7968750000000018
t1140,0.0,0.0,0.0,1.7968750000000018
t1141,0.0,0.0,0.0,1.7968750000000018
t1142,0.0,0.0,0.0,1.7968750000000018
t1143,0.0,0.0,0.0,1.7968750000000018
t1144,0.0,0.0,0.0,-157.50579959906148
t1145,0.0,0.0,0.0,-157.50579959906148
t1146,0.0,0.0,0.0,-157.50579959906148
t1147,0.0,0.0,0.0,-157.50579959906148
t1148,0.0,0.0,0.0,-157.50579959906148
t1149,0.0,0.0,0.0,-157.50579959906148
t1150,0.0,0.0,0.0,-157.50579959906148
t1151,0.0,0.0,0.0,-157.50579959906148
t1152,0.0,0.0,0.0,-157.50579959906148
t1153,0.0,0.0,0.0,-157.50579959906148
t1154,0.0,0.0,0.0,-157.50579959906148
t1155,0.0,0.0,0.0,-157.50579959906148
t1156,0.0,0.0,0.0,-157.50579959906148
t1157,0.0,0.0,0.0,-157.50579959906148
t1158,0.0,0.0,0.0,-157.50579959906148
t1159,0.0,0.0,0.0,-157.50579959906148
t1160,0.0,0.0,0.0,-157.50579959906148
t1161,0.0,0.0,0.0,-157.50579959906148
t1162,0.0,0.0,0.0,-157.50579959906148
t1163,0.0,0.0,0.0,-157.50579959906148
t1164,0.0,0.0,0.0,-157.50579959906148
t1165,0.0,0.0,0.0,-157.50579959906148
t1166,0.0,0.0,0.0,-157.50579959906148
t1167,0.0,0.0,0.0,-157.50579959906148
t1168,0.0,0.0,0.0,-157.50579959906148
t1169,0.0,0.0,0.0,-157.50579959906148
t1170,0.0,0.0,0.0,-157.50579959906148
t1171,0.0,0.0,0.0,-157.50579959906148
t1172,0.0,0.0,0.0,-157.50579959906148
t1173,0.0,0.0,0.0,-157.50579959906148
t1174,0.0,0.0,0.0,-157.50579959906148
t1175,0.0,0.0,0.0,-157.50579959906148
t1176,0.0,0.0,0.0,-157.50579959906148
t1177,0.0,0.0,0.0,-157.50579959906148
t1178,0.0,0.0,0.0,-157.50579959906148
t1179,0.0,0.0,0.0,-157.50579959906148
t1180,0.0,0.0,0.0,-157.50579959906148
t1181,0.0,0.0,0.0,-157.50579959906148
t1182,0.0,0.0,0.0,-157.50579959906148
t1183,0.0,0.0,0.0,-157.50579959906148
t1184,0.0,0.0,0.0,-157.50579959906148
t1185,0.0,0.0,0.0,-157.50579959906148
t1186,0.0,0.0,0.0,-157.50579959906148
t1187,0.0,0.0,0.0,-157.50579959906148
t1188,0.0,0.0,0.0,-157.50579959906148
t1189,0.0,0.0,0.0,-157.50579959906148
t1190,0.0,0.0,0.0,-157.50579959906148
t1191,0.0,0.0,0.0,-157.50579959906148
t1192,0.0,0.0,0.0,-157.50579959906148
t1193,0.0,0.0,0.0,-170.7580151636281
t1194,0.0,0.0,0.0,-170.7580151636281
t1195,0.0,0.0,0.0,-170.7580151636281
t1196,0.0,0.0,0.0,-170.7580151636281
t1197,0.0,0.0,0.0,-170.7580151636281
t1198,0.0,0.0,0.0,-170.7580151636281
t1199,0.0,0.0,0.0,-170.7580151636281
t1200,0.0,0.0,0.0,-170.7580151636281
t1201,0.0,0.0,0.0,-170.7580151636281
t1202,0.0,0.0,0.0,21.672397103638
t1203,0.0,0.0,0.0,21.672397103638
t1204,0.0,0.0,0.0,21.672397103638
t1205,0.0,0.0,0.0,21.672397103638
t1206,0.0,0.0,0.0,21.672397103638
t1207,0.0,0.0,0.0,21.672397103638
t1208,0.0,0.0,0.0,21.672397103638
t1209,0.0,0.0,0.0,21.672397103638
t1210,0.0,0.0,0.0,21.672397103638
t1211,0.0,0.0,0.0,21.672397103638
t1212,0.0,0.0,0.0,21.67239710363801
t1213,0.0,0.0,0.0,21.67239710363801
t1214,0.0,0.0,0.0,21.672397103638
t1215,0.0,0.0,0.0,21.672397103638
t1216,0.0,0.0,0.0,21.672397103638
t1217,0.0,0.0,0.0,21.672397103638
t1218,0.0,0.0,0.0,21.672397103638
t1219,0.0,0.0,0.0,21.672397103638
t1220,0.0,0.0,0.0,21.672397103638
t1221,0.0,0.0,0.0,21.672397103638
t1222,0.0,0.0,0.0,21.672397103638
t1223,0.0,0.0,0.0,21.672397103638005
t1224,0.0,0.0,0.0,21.672397103638
t1225,0.0,0.0,0.0,21.672397103638
t1226,0.0,0.0,0.0,21.672397103638
t1227,0.0,0.0,0.0,21.672397103638
t1228,0.0,0.0,0.0,21.672397103638
t1229,0.0,0.0,0.0,21.672397103638
t1230,0.0,0.0,0.0,21.672397103638
t1231,0.0,0.0,0.0,-186.4151696586265
t1232,0.0,0.0,0.0,-186.4151696586265
t1233,0.0,0.0,0.0,-186.4151696586265
t1234,0.0,0.0,0.0,-186.4151696586265
t1235,0.0,0.0,0.0,-186.4151696586265
t1236,0.0,0.0,0.0,-186.4151696586265
t1237,0.0,0.0,0.0,-186.4151696586265
t1238,0.0,0.0,0.0,-186.4151696586265
t1239,0.0,0.0,0.0,-186.4151696586265
t1240,0.0,0.0,0.0,-186.4151696586265
t1241,0.0,0.0,0.0,-186.4151696586265
t1242,0.0,0.0,0.0,-186.4151696586265
t1243,0.0,0.0,0.0,-186.4151696586265
t1244,0.0,0.0,0.0,-186.4151696586265
t1245,0.0,0.0,0.0,-186.4151696586265
t1246,0.0,0.0,0.0,-186.4151696586265
t1247,0.0,0.0,0.0,-186.4151696586265
t1248,0.0,0.0,0.0,-186.4151696586265
t1249,0.0,0.0,0.0,-186.4151696586265
t1250,0.0,0.0,0.0,-186.4151696586265
t1251,0.0,0.0,0.0,-186.4151696586265
t1252,0.0,0.0,0.0,-186.4151696586265
t1253,0.0,0.0,0.0,-186.4151696586265
t1254,0.0,0.0,0.0,-186.4151696586265
t1255,0.0,0.0,0.0,-186.4151696586265
t1256,0.0,0.0,0.0,-186.4151696586265
t1257,0.0,0.0,0.0,-186.4151696586265
t1258,0.0,0.0,0.0,-186.4151696586265
t1259,0.0,0.0,0.0,-186.4151696586265
t1260,0.0,0.0,0.0,-186.4151696586265
t1261,0.0,0.0,0.0,-186.4151696586265
t1262,0.0,0.0,0.0,-186.4151696586265
t1263,0.0,0.0,0.0,-186.4151696586265
t1264,0.0,0.0,0.0,-186.4151696586265
t1265,0.0,0.0,0.0,-186.4151696586265
t1266,0.0,0.0,0.0,-186.4151696586265
t1267,0.0,0.0,0.0,-186.4151696586265
t1268,0.0,0.0,0.0,-186.4151696586265
t1269,0.0,0.0,0.0,-186.4151696586265
t1270,0.0,0.0,0.0,-186.4151696586265
t1271,0.0,0.0,0.0,-186.4151696586265
t1272,0.0,0.0,0.0,-186.4151696586265
t1273,0.0,0.0,0.0,-186.4151696586265
t1274,0.0,0.0,0.0,-186.4151696586265
t1275,0.0,0.0,0.0,-186.4151696586265
t1276,0.0,0.0,0.0,-186.4151696586265
t1277,0.0,0.0,0.0,-186.4151696586265
t1278,0.0,0.0,0.0,-186.4151696586265
t1279,0.0,0.0,0.0,-186.4151696586265
t1280,0.0,0.0,0.0,-186.4151696586265
t1281,0.0,0.0,0.0,-186.4151696586265
t1282,0.0,0.0,0.0,-186.4151696586265
t1283,0.0,0.0,0.0,-186.4151696586265
t1284,0.0,0.0,0.0,-186.4151696586265
t1285,0.0,0.0,0.0,-186.4151696586265
t1286,0.0,0.0,0.0,-186.4151696586265
t1287,0.0,0.0,0.0,-186.4151696586265
t1288,0.0,0.0,0.0,-186.4151696586265
t1289,0.0,0.0,0.0,-186.4151696586265
t1290,0.0,0.0,0.0,-186.4151696586265
t1291,0.0,0.0,0.0,-186.4151696586265
t1292,0.0,0.0,0.0,-186.4151696586265
t1293,0.0,0.0,0.0,-186.4151696586265
t1294,0.0,0.0,0.0,-186.4151696586265
t1295,0.0,0.0,0.0,-186.4151696586265
t1296,0.0,0.0,0.0,-186.4151696586265
t1297,0.0,0.0,0.0,-186.4151696586265
t1298,0.0,0.0,0.0,-186.4151696586265
t1299,0.0,0.0,0.0,-186.4151696586265
t1300,0.0,0.0,0.0,-186.4151696586265
t1301,0.0,0.0,0.0,-186.4151696586265
t1302,0.0,0.0,0.0,-186.4151696586265
t1303,0.0,0.0,0.0,-186.4151696586265
t1304,0.0,0.0,0.0,-186.4151696586265
t1305,0.0,0.0,0.0,18.619516908519202
t1306,0.0,0.0,0.0,21.672397103638
t1307,0.0,0.0,0.0,21.672397103638
t1308,0.0,0.0,0.0,21.672397103638
t1309,0.0,0.0,0.0,21.672397103638
t1310,0.0,0.0,0.0,21.672397103638
t1311,0.0,0.0,0.0,21.672397103638
t1312,0.0,0.0,0.0,21.672397103638
t1313,0.0,0.0,0.0,21.672397103638
t1314,0.0,0.0,0.0,21.672397103638
t1315,0.0,0.0,0.0,21.672397103638
t1316,0.0,0.0,0.0,21.672397103638
t1317,0.0,0.0,0.0,21.672397103638
t1318,0.0,0.0,0.0,21.672397103638
t1319,0.0,0.0,0.0,21.672397103638
t1320,0.0,0.0,0.0,21.672397103638
t1321,0.0,0.0,0.0,21.672397103638
t1322,0.0,0.0,0.0,21.672397103638
t1323,0.0,0.0,0.0,-157.50579959906148
t1324,0.0,0.0,0.0,-157.50579959906148
t1325,0.0,0.0,0.0,-157.50579959906148
t1326,0.0,0.0,0.0,-157.50579959906148
t1327,0.0,0.0,0.0,-157.50579959906148
t1328,0.0,0.0,0.0,-0.0
t1329,0.0,0.0,0.0,18.619516908519202
t1330,0.0,0.0,0.0,21.672397103638
t1331,0.0,0.0,0.0,21.672397103638
t1332,0.0,0.0,0.0,21.672397103638
t1333,0.0,0.0,0.0,21.672397103638
t1334,0.0,0.0,0.0,21.672397103638
t1335,0.0,0.0,0.0,21.672397103638
t1336,0.0,0.0,0.0,21.672397103638
t1337,0.0,0.0,0.0,21.672397103638
t1338,0.0,0.0,0.0,21.672397103638
t1339,0.0,0.0,0.0,21.672397103638
t1340,0.0,0.0,0.0,21.672397103638
t1341,0.0,0.0,0.0,21.672397103638
t1342,0.0,0.0,0.0,21.672397103638
t1343,0.0,0.0,0.0,21.672397103638
t1344,0.0,0.0,0.0,21.672397103638
t1345,0.0,0.0,0.0,21.672397103638
t1346,0.0,0.0,0.0,21.672397103638
t1347,0.0,0.0,0.0,21.672397103638
t1348,0.0,0.0,0.0,21.672397103638
t1349,0.0,0.0,0.0,21.672397103638
t1350,0.0,0.0,0.0,21.672397103637994
t1351,0.0,0.0,0.0,21.672397103638005
t1352,0.0,0.0,0.0,21.672397103638005
t1353,0.0,0.0,0.0,21.672397103638005
t1354,0.0,0.0,0.0,21.672397103638005
t1355,0.0,0.0,0.0,21.672397103638005
t1356,0.0,0.0,0.0,21.672397103638005
t1357,0.0,0.0,0.0,21.672397103638005
t1358,0.0,0.0,0.0,21.672397103638005
t1359,0.0,0.0,0.0,21.672397103638005
t1360,0.0,0.0,0.0,21.672397103638005
t1361,0.0,0.0,0.0,21.672397103638005
t1362,0.0,0.0,0.0,21.672397103638005
t1363,0.0,0.0,0.0,21.672397103638005
t1364,0.0,0.0,0.0,21.672397103637994
t1365,0.0,0.0,0.0,21.672397103638005
t1366,0.0,0.0,0.0,21.672397103638005
t1367,0.0,0.0,0.0,21.672397103638
t1368,0.0,0.0,0.0,21.672397103637998
t1369,0.0,0.0,0.0,21.672397103638005
t1370,0.0,0.0,0.0,21.672397103638005
t1371,0.0,0.0,0.0,21.672397103638005
t1372,0.0,0.0,0.0,21.672397103637998
t1373,0.0,0.0,0.0,21.672397103638005
t1374,0.0,0.0,0.0,21.672397103638005
t1375,0.0,0.0,0.0,21.672397103638005
t1376,0.0,0.0,0.0,21.672397103638005
t1377,0.0,0.0,0.0,21.672397103638005
t1378,0.0,0.0,0.0,21.672397103638005
t1379,0.0,0.0,0.0,21.672397103638005
t1380,0.0,0.0,0.0,21.672397103638005
t1381,0.0,0.0,0.0,21.672397103638005
t1382,0.0,0.0,0.0,21.672397103638005
t1383,0.0,0.0,0.0,-125.63101962645301
t1384,0.0,0.0,0.0,-182.1348435716699
t1385,0.0,0.0,0.0,-182.1348435716699
t1386,0.0,0.0,0.0,-182.1348435716699
t1387,0.0,0.0,0.0,-182.1348435716699
t1388,0.0,0.0,0.0,-182.1348435716699
t1389,0.0,0.0,0.0,-182.1348435716699
t1390,0.0,0.0,0.0,-182.1348435716699
t1391,0.0,0.0,0.0,-182.1348435716699
t1392,0.0,0.0,0.0,-182.1348435716699
t1393,0.0,0.0,0.0,-182.1348435716699
t1394,0.0,0.0,0.0,-182.1348435716699
t1395,0.0,0.0,0.0,-182.1348435716699
t1396,0.0,0.0,0.0,-182.1348435716699
t1397,0.0,0.0,0.0,-182.1348435716699
t1398,0.0,0.0,0.0,-182.1348435716699
t1399,0.0,0.0,0.0,-182.1348435716699
t1400,0.0,0.0,0.0,-182.1348435716699
t1401,0.0,0.0,0.0,-182.1348435716699
t1402,0.0,0.0,0.0,-182.1348435716699
t1403,0.0,0.0,0.0,-182.1348435716699
t1404,0.0,0.0,0.0,-182.1348435716699
t1405,0.0,0.0,0.0,-182.1348435716699
t1406,0.0,0.0,0.0,-182.1348435716699
t1407,0.0,0.0,0.0,-182.1348435716699
t1408,0.0,0.0,0.0,-182.1348435716699
t1409,0.0,0.0,0.0,-182.1348435716699
t1410,0.0,0.0,0.0,-182.1348435716699
t1411,0.0,0.0,0.0,-182.1348435716699
t1412,0.0,0.0,0.0,-182.1348435716699
t1413,0.0,0.0,0.0,-182.1348435716699
t1414,0.0,0.0,0.0,-182.1348435716699
t1415,0.0,0.0,0.0,-182.1348435716699
t1416,0.0,0.0,0.0,-182.1348435716699
t1417,0.0,0.0,0.0,-182.1348435716699
t1418,0.0,0.0,0.0,-182.1348435716699
t1419,0.0,0.0,0.0,-182.1348435716699
t1420,0.0,0.0,0.0,-182.1348435716699
t1421,0.0,0.0,0.0,-182.1348435716699
t1422,0.0,0.0,0.0,-182.1348435716699
t1423,0.0,0.0,0.0,-182.1348435716699
t1424,0.0,0.0,0.0,-182.13484357166996
t1425,0.0,0.0,0.0,-182.13484357166996
t1426,0.0,0.0,0.0,-182.1348435716699
t1427,0.0,0.0,0.0,-182.1348435716699
t1428,0.0,0.0,0.0,-182.1348435716699
t1429,0.0,0.0,0.0,-182.1348435716699
t1430,0.0,0.0,0.0,-182.1348435716699
t1431,0.0,0.0,0.0,-182.1348435716699
t1432,0.0,0.0,0.0,-182.1348435716699
t1433,0.0,0.0,0.0,-182.1348435716699
t1434,0.0,0.0,0.0,-182.1348435716699
t1435,0.0,0.0,0.0,-182.1348435716699
t1436,0.0,0.0,0.0,-182.1348435716699
t1437,0.0,0.0,0.0,-182.1348435716699
t1438,0.0,0.0,0.0,-182.1348435716699
t1439,0.0,0.0,0.0,-182.1348435716699
t1440,0.0,0.0,0.0,-182.1348435716699
t1441,0.0,0.0,0.0,-182.1348435716699
t1442,0.0,0.0,0.0,-182.1348435716699
t1443,0.0,0.0,0.0,-182.1348435716699
t1444,0.0,0.0,0.0,-182.1348435716699
t1445,0.0,0.0,0.0,-182.1348435716699
t1446,0.0,0.0,0.0,-182.1348435716699
t1447,0.0,0.0,0.0,-182.1348435716699
t1448,0.0,0.0,0.0,-182.1348435716699
t1449,0.0,0.0,0.0,-182.1348435716699
t1450,0.0,0.0,0.0,-182.1348435716699
t1451,0.0,0.0,0.0,-182.1348435716699
t1452,0.0,0.0,0.0,-182.1348435716699
t1453,0.0,0.0,0.0,-182.1348435716699
t1454,0.0,0.0,0.0,-182.1348435716699
t1455,0.0,0.0,0.0,-182.1348435716699
t1456,0.0,0.0,0.0,-182.1348435716699
t1457,0.0,0.0,0.0,-182.1348435716699
t1458,0.0,0.0,0.0,-182.1348435716699
t1459,0.0,0.0,0.0,-182.1348435716699
t1460,0.0,0.0,0.0,-182.1348435716699
t1461,0.0,0.0,0.0,-182.1348435716699
t1462,0.0,0.0,0.0,-182.1348435716699
t1463,0.0,0.0,0.0,-182.1348435716699
t1464,0.0,0.0,0.0,-182.1348435716699
t1465,0.0,0.0,0.0,-182.1348435716699
t1466,0.0,0.0,0.0,-182.1348435716699
t1467,0.0,0.0,0.0,-182.1348435716699
t1468,0.0,0.0,0.0,-182.1348435716699
t1469,0.0,0.0,0.0,-182.1348435716699
t1470,0.0,0.0,0.0,-182.1348435716699
t1471,0.0,0.0,0.0,-182.1348435716699
t1472,0.0,0.0,0.0,-182.1348435716699
t1473,0.0,0.0,0.0,-182.1348435716699
t1474,0.0,0.0,0.0,-182.1348435716699
t1475,0.0,0.0,0.0,-182.1348435716699
t1476,0.0,0.0,0.0,-182.1348435716699
t1477,0.0,0.0,0.0,-182.1348435716699
t1478,0.0,0.0,0.0,-182.1348435716699
t1479,0.0,0.0,0.0,-182.1348435716699
t1480,0.0,0.0,0.0,-182.1348435716699
t1481,0.0,0.0,0.0,-182.1348435716699
t1482,0.0,0.0,0.0,-182.1348435716699
t1483,0.0,0.0,0.0,-182.1348435716699
t1484,0.0,0.0,0.0,-182.1348435716699
t1485,0.0,0.0,0.0,-182.1348435716699
t1486,0.0,0.0,0.0,-182.1348435716699
t1487,0.0,0.0,0.0,13.848497231864124
t1488,0.0,0.0,0.0,16.035559111370656
t1489,0.0,0.0,0.0,18.619516908519206
t1490,0.0,0.0,0.0,21.672397103638005
t1491,0.0,0.0,0.0,21.672397103638005
t1492,0.0,0.0,0.0,21.672397103638
t1493,0.0,0.0,0.0,21.672397103638
t1494,0.0,0.0,0.0,21.672397103638005
t1495,0.0,0.0,0.0,21.672397103638005
t1496,0.0,0.0,0.0,21.672397103638005
t1497,0.0,0.0,0.0,21.672397103637998
t1498,0.0,0.0,0.0,21.672397103638005
t1499,0.0,0.0,0.0,21.672397103638005
t1500,0.0,0.0,0.0,21.672397103638005
t1501,0.0,0.0,0.0,21.672397103638005
t1502,0.0,0.0,0.0,21.672397103638005
t1503,0.0,0.0,0.0,21.672397103637998
t1504,0.0,0.0,0.0,21.672397103638005
t1505,0.0,0.0,0.0,21.672397103638005
t1506,0.0,0.0,0.0,21.672397103637994
t1507,0.0,0.0,0.0,21.672397103638
t1508,0.0,0.0,0.0,21.672397103638
t1509,0.0,0.0,0.0,21.672397103638
t1510,0.0,0.0,0.0,21.672397103638
t1511,0.0,0.0,0.0,21.672397103638
t1512,0.0,0.0,0.0,21.672397103638
t1513,0.0,0.0,0.0,-189.64560444123515
t1514,0.0,0.0,0.0,-189.64560444123515
t1515,0.0,0.0,0.0,-189.64560444123515
t1516,0.0,0.0,0.0,-189.64560444123515
t1517,0.0,0.0,0.0,-189.64560444123515
t1518,0.0,0.0,0.0,-189.64560444123515
t1519,0.0,0.0,0.0,-189.64560444123515
t1520,0.0,0.0,0.0,-189.64560444123515
t1521,0.0,0.0,0.0,18.619516908519202
t1522,0.0,0.0,0.0,21.672397103638
t1523,0.0,0.0,0.0,21.672397103638
t1524,0.0,0.0,0.0,21.672397103638
t1525,0.0,0.0,0.0,21.672397103638
t1526,0.0,0.0,0.0,21.672397103638
t1527,0.0,0.0,0.0,21.672397103638
t1528,0.0,0.0,0.0,21.672397103638
t1529,0.0,0.0,0.0,-189.64560444123515
t1530,0.0,0.0,0.0,-189.64560444123515
t1531,0.0,0.0,0.0,-189.64560444123515
t1532,0.0,0.0,0.0,-189.64560444123515
t1533,0.0,0.0,0.0,-189.64560444123515
t1534,0.0,0.0,0.0,-189.64560444123515
t1535,0.0,0.0,0.0,-189.64560444123515
t1536,0.0,0.0,0.0,-189.64560444123515
t1537,0.0,0.0,0.0,-189.64560444123515
t1538,0.0,0.0,0.0,-189.64560444123515
t1539,0.0,0.0,0.0,-189.64560444123515
t1540,0.0,0.0,0.0,-189.64560444123515
t1541,0.0,0.0,0.0,-189.64560444123515
t1542,0.0,0.0,0.0,-189.64560444123515
t1543,0.0,0.0,0.0,-189.64560444123515
t1544,0.0,0.0,0.0,-189.64560444123515
t1545,0.0,0.0,0.0,-189.64560444123515
t1546,0.0,0.0,0.0,-189.64560444123515
t1547,0.0,0.0,0.0,-189.64560444123515
t1548,0.0,0.0,0.0,-189.64560444123515
t1549,0.0,0.0,0.0,-189.64560444123515
t1550,0.0,0.0,0.0,-189.64560444123515
t1551,0.0,0.0,0.0,-189.64560444123515
t1552,0.0,0.0,0.0,-189.64560444123515
t1553,0.0,0.0,0.0,-189.64560444123515
t1554,0.0,0.0,0.0,-189.64560444123515
t1555,0.0,0.0,0.0,-189.64560444123515
t1556,0.0,0.0,0.0,-189.64560444123515
t1557,0.0,0.0,0.0,-189.64560444123515
t1558,0.0,0.0,0.0,-189.64560444123515
t1559,0.0,0.0,0.0,-189.64560444123515
t1560,0.0,0.0,0.0,-189.64560444123515
t1561,0.0,0.0,0.0,-189.64560444123515
t1562,0.0,0.0,0.0,-189.64560444123515
t1563,0.0,0.0,0.0,-189.64560444123515
t1564,0.0,0.0,0.0,-189.64560444123515
t1565,0.0,0.0,0.0,-189.64560444123515
t1566,0.0,0.0,0.0,-189.64560444123515
t1567,0.0,0.0,0.0,-189.64560444123515
t1568,0.0,0.0,0.0,-189.64560444123515
t1569,0.0,0.0,0.0,-189.64560444123515
t1570,0.0,0.0,0.0,1.7968749999999982
t1571,0.0,0.0,0.0,1.7968749999999982
t1572,0.0,0.0,0.0,1.7968749999999982
t1573,0.0,0.0,0.0,1.7968749999999982
t1574,0.0,0.0,0.0,1.7968749999999982
t1575,0.0,0.0,0.0,1.7968749999999982
t1576,0.0,0.0,0.0,-160.24003959906148
t1577,0.0,0.0,0.0,-189.64560444123515
t1578,0.0,0.0,0.0,-189.64560444123515
t1579,0.0,0.0,0.0,-189.64560444123515
t1580,0.0,0.0,0.0,-189.64560444123515
t1581,0.0,0.0,0.0,-189.64560444123515
t1582,0.0,0.0,0.0,-189.64560444123515
t1583,0.0,0.0,0.0,-189.64560444123515
t1584,0.0,0.0,0.0,-189.64560444123515
t1585,0.0,0.0,0.0,-189.64560444123515
t1586,0.0,0.0,0.0,-189.64560444123515
t1587,0.0,0.0,0.0,-189.64560444123515
t1588,0.0,0.0,0.0,-189.64560444123515
t1589,0.0,0.0,0.0,-189.64560444123515
t1590,0.0,0.0,0.0,-189.64560444123515
t1591,0.0,0.0,0.0,-189.64560444123515
t1592,0.0,0.0,0.0,-189.64560444123515
t1593,0.0,0.0,0.0,-0.0
t1594,0.0,0.0,0.0,18.619516908519202
t1595,0.0,0.0,0.0,21.672397103638
t1596,0.0,0.0,0.0,21.672397103638
t1597,0.0,0.0,0.0,21.672397103638
t1598,0.0,0.0,0.0,21.672397103638
t1599,0.0,0.0,0.0,21.672397103638
t1600,0.0,0.0,0.0,21.672397103638
t1601,0.0,0.0,0.0,-160.24003959906148
t1602,0.0,0.0,0.0,-160.24003959906148
t1603,0.0,0.0,0.0,-160.24003959906148
t1604,0.0,0.0,0.0,-160.24003959906148
t1605,0.0,0.0,0.0,-160.24003959906148
t1606,0.0,0.0,0.0,-160.24003959906148
t1607,0.0,0.0,0.0,-160.24003959906148
t1608,0.0,0.0,0.0,-160.24003959906148
t1609,0.0,0.0,0.0,-160.24003959906148
t1610,0.0,0.0,0.0,-160.24003959906148
t1611,0.0,0.0,0.0,-160.24003959906148
t1612,0.0,0.0,0.0,-160.24003959906148
t1613,0.0,0.0,0.0,-160.24003959906148
t1614,0.0,0.0,0.0,-160.24003959906148
t1615,0.0,0.0,0.0,-160.24003959906148
t1616,0.0,0.0,0.0,-160.24003959906148
t1617,0.0,0.0,0.0,-160.24003959906148
t1618,0.0,0.0,0.0,-160.24003959906148
t1619,0.0,0.0,0.0,-160.24003959906148
t1620,0.0,0.0,0.0,-160.24003959906148
t1621,0.0,0.0,0.0,-160.24003959906148
t1622,0.0,0.0,0.0,-160.24003959906148
t1623,0.0,0.0,0.0,-160.24003959906148
t1624,0.0,0.0,0.0,-160.24003959906148
t1625,0.0,0.0,0.0,-189.64560444123515
t1626,0.0,0.0,0.0,-189.64560444123515
t1627,0.0,0.0,0.0,-189.64560444123515
t1628,0.0,0.0,0.0,-189.64560444123515
t1629,0.0,0.0,0.0,-189.64560444123515
t1630,0.0,0.0,0.0,-189.64560444123515
t1631,0.0,0.0,0.0,-189.64560444123515
t1632,0.0,0.0,0.0,-189.64560444123515
t1633,0.0,0.0,0.0,-189.64560444123515
t1634,0.0,0.0,0.0,-189.64560444123515
t1635,0.0,0.0,0.0,-189.64560444123515
t1636,0.0,0.0,0.0,-189.64560444123515
t1637,0.0,0.0,0.0,-189.64560444123515
t1638,0.0,0.0,0.0,-189.64560444123515
t1639,0.0,0.0,0.0,-189.64560444123515
t1640,0.0,0.0,0.0,-189.64560444123515
t1641,0.0,0.0,0.0,-189.64560444123515
t1642,0.0,0.0,0.0,-189.64560444123515
t1643,0.0,0.0,0.0,-189.64560444123515
t1644,0.0,0.0,0.0,-189.64560444123515
t1645,0.0,0.0,0.0,-189.64560444123515
t1646,0.0,0.0,0.0,-189.64560444123515
t1647,0.0,0.0,0.0,-189.64560444123515
t1648,0.0,0.0,0.0,-189.64560444123515
t1649,0.0,0.0,0.0,-189.64560444123515
t1650,0.0,0.0,0.0,-189.64560444123515
t1651,0.0,0.0,0.0,-189.64560444123515
t1652,0.0,0.0,0.0,-189.64560444123515
t1653,0.0,0.0,0.0,-189.64560444123515
t1654,0.0,0.0,0.0,-189.64560444123515
t1655,0.0,0.0,0.0,-189.64560444123515
t1656,0.0,0.0,0.0,-189.64560444123515
t1657,0.0,0.0,0.0,-189.64560444123515
t1658,0.0,0.0,0.0,-189.64560444123515
t1659,0.0,0.0,0.0,-189.64560444123515
t1660,0.0,0.0,0.0,-189.64560444123515
t1661,0.0,0.0,0.0,-189.64560444123515
t1662,0.0,0.0,0.0,-189.64560444123515
t1663,0.0,0.0,0.0,-189.64560444123515
t1664,0.0,0.0,0.0,-189.64560444123515
t1665,0.0,0.0,0.0,-189.64560444123515
t1666,0.0,0.0,0.0,-189.64560444123515
t1667,0.0,0.0,0.0,-189.64560444123515
t1668,0.0,0.0,0.0,-189.64560444123515
t1669,0.0,0.0,0.0,-189.64560444123515
t1670,0.0,0.0,0.0,-189.64560444123515
t1671,0.0,0.0,0.0,-189.64560444123515
t1672,0.0,0.0,0.0,-189.64560444123515
t1673,0.0,0.0,0.0,-189.64560444123515
t1674,0.0,0.0,0.0,-189.64560444123515
t1675,0.0,0.0,0.0,-189.64560444123515
t1676,0.0,0.0,0.0,-189.64560444123515
t1677,0.0,0.0,0.0,-189.64560444123515
t1678,0.0,0.0,0.0,-189.64560444123515
t1679,0.0,0.0,0.0,-189.64560444123515
t1680,0.0,0.0,0.0,-189.64560444123515
t1681,0.0,0.0,0.0,21.672397103638
t1682,0.0,0.0,0.0,21.672397103638
t1683,0.0,0.0,0.0,21.672397103638
t1684,0.0,0.0,0.0,21.672397103638
t1685,0.0,0.0,0.0,21.672397103638
t1686,0.0,0.0,0.0,21.672397103638
t1687,0.0,0.0,0.0,21.672397103638
t1688,0.0,0.0,0.0,21.672397103638
t1689,0.0,0.0,0.0,21.672397103638
t1690,0.0,0.0,0.0,21.672397103638
t1691,0.0,0.0,0.0,21.672397103638
t1692,0.0,0.0,0.0,21.672397103638
t1693,0.0,0.0,0.0,-170.76686359906145
t1694,0.0,0.0,0.0,-170.76686359906145
t1695,0.0,0.0,0.0,-170.76686359906145
t1696,0.0,0.0,0.0,-170.76686359906145
t1697,0.0,0.0,0.0,-170.76686359906145
t1698,0.0,0.0,0.0,-170.76686359906145
t1699,0.0,0.0,0.0,-170.76686359906145
t1700,0.0,0.0,0.0,-170.76686359906145
t1701,0.0,0.0,0.0,-170.76686359906145
t1702,0.0,0.0,0.0,21.672397103638
t1703,0.0,0.0,0.0,21.672397103638
t1704,0.0,0.0,0.0,21.672397103638
t1705,0.0,0.0,0.0,21.672397103638
t1706,0.0,0.0,0.0,21.672397103638
t1707,0.0,0.0,0.0,21.672397103638
t1708,0.0,0.0,0.0,21.672397103638
t1709,0.0,0.0,0.0,21.672397103638
t1710,0.0,0.0,0.0,21.672397103638
t1711,0.0,0.0,0.0,21.672397103638
t1712,0.0,0.0,0.0,21.672397103638
t1713,0.0,0.0,0.0,21.672397103638
t1714,0.0,0.0,0.0,21.672397103638
t1715,0.0,0.0,0.0,21.672397103638
t1716,0.0,0.0,0.0,21.672397103638
t1717,0.0,0.0,0.0,21.672397103638
t1718,0.0,0.0,0.0,21.672397103638
t1719,0.0,0.0,0.0,-170.76686359906145
t1720,0.0,0.0,0.0,-170.76686359906145
t1721,0.0,0.0,0.0,-170.76686359906145
t1722,0.0,0.0,0.0,-170.76686359906145
t1723,0.0,0.0,0.0,-170.76686359906145
t1724,0.0,0.0,0.0,-170.76686359906145
t1725,0.0,0.0,0.0,-170.76686359906145
t1726,0.0,0.0,0.0,-170.76686359906145
t1727,0.0,0.0,0.0,21.672397103638
t1728,0.0,0.0,0.0,21.672397103638
t1729,0.0,0.0,0.0,21.672397103638
t1730,0.0,0.0,0.0,21.672397103638
t1731,0.0,0.0,0.0,21.672397103638
t1732,0.0,0.0,0.0,21.672397103638
t1733,0.0,0.0,0.0,21.672397103638
t1734,0.0,0.0,0.0,21.672397103638
t1735,0.0,0.0,0.0,21.672397103638
t1736,0.0,0.0,0.0,21.672397103638
t1737,0.0,0.0,0.0,21.672397103638
t1738,0.0,0.0,0.0,21.672397103638
t1739,0.0,0.0,0.0,21.672397103638
t1740,0.0,0.0,0.0,21.672397103638
t1741,0.0,0.0,0.0,21.672397103638
t1742,0.0,0.0,0.0,21.672397103638005
t1743,0.0,0.0,0.0,21.672397103638
t1744,0.0,0.0,0.0,21.672397103638
t1745,0.0,0.0,0.0,21.672397103638
t1746,0.0,0.0,0.0,21.672397103638
t1747,0.0,0.0,0.0,21.672397103638
t1748,0.0,0.0,0.0,21.672397103638
t1749,0.0,0.0,0.0,21.672397103638
t1750,0.0,0.0,0.0,21.672397103638
t1751,0.0,0.0,0.0,21.672397103638
t1752,0.0,0.0,0.0,21.672397103638
t1753,0.0,0.0,0.0,21.672397103638
t1754,0.0,0.0,0.0,21.672397103638
t1755,0.0,0.0,0.0,21.672397103638
t1756,0.0,0.0,0.0,21.672397103638
t1757,0.0,0.0,0.0,21.672397103638
t1758,0.0,0.0,0.0,1.7968750000000087
t1759,0.0,0.0,0.0,-170.76686359906145
t1760,0.0,0.0,0.0,-170.76686359906145
t1761,0.0,0.0,0.0,-170.76686359906145
t1762,0.0,0.0,0.0,-170.76686359906145
t1763,0.0,0.0,0.0,-170.76686359906145
t1764,0.0,0.0,0.0,-170.76686359906145
t1765,0.0,0.0,0.0,-170.76686359906145
t1766,0.0,0.0,0.0,-170.76686359906145
t1767,0.0,0.0,0.0,-170.76686359906145
t1768,0.0,0.0,0.0,-170.76686359906145
t1769,0.0,0.0,0.0,-170.76686359906145
t1770,0.0,0.0,0.0,-170.76686359906145
t1771,0.0,0.0,0.0,-170.76686359906145
t1772,0.0,0.0,0.0,-170.76686359906145
t1773,0.0,0.0,0.0,-170.76686359906145
t1774,0.0,0.0,0.0,-170.76686359906145
t1775,0.0,0.0,0.0,-170.76686359906145
t1776,0.0,0.0,0.0,21.67239710363801
t1777,0.0,0.0,0.0,21.67239710363801
t1778,0.0,0.0,0.0,21.672397103638
t1779,0.0,0.0,0.0,21.672397103638
t1780,0.0,0.0,0.0,21.672397103638
t1781,0.0,0.0,0.0,21.672397103638
t1782,0.0,0.0,0.0,21.672397103638
t1783,0.0,0.0,0.0,21.672397103638
t1784,0.0,0.0,0.0,21.672397103638
t1785,0.0,0.0,0.0,21.672397103638
t1786,0.0,0.0,0.0,21.672397103638
t1787,0.0,0.0,0.0,21.672397103638
t1788,0.0,0.0,0.0,21.672397103638005
t1789,0.0,0.0,0.0,21.672397103638005
t1790,0.0,0.0,0.0,21.672397103638005
t1791,0.0,0.0,0.0,21.672397103638
t1792,0.0,0.0,0.0,21.672397103638
t1793,0.0,0.0,0.0,21.672397103638
t1794,0.0,0.0,0.0,21.672397103638
t1795,0.0,0.0,0.0,21.672397103638
t1796,0.0,0.0,0.0,21.672397103638
t1797,0.0,0.0,0.0,21.672397103638
t1798,0.0,0.0,0.0,21.672397103638
t1799,0.0,0.0,0.0,21.672397103638
t1800,0.0,0.0,0.0,21.672397103638
t1801,0.0,0.0,0.0,21.672397103638
t1802,0.0,0.0,0.0,21.672397103638
t1803,0.0,0.0,0.0,21.672397103638
t1804,0.0,0.0,0.0,21.672397103638
t1805,0.0,0.0,0.0,21.672397103638
t1806,0.0,0.0,0.0,21.672397103638
t1807,0.0,0.0,0.0,21.672397103638
t1808,0.0,0.0,0.0,21.672397103638
t1809,0.0,0.0,0.0,21.672397103638005
t1810,0.0,0.0,0.0,21.672397103638
t1811,0.0,0.0,0.0,21.672397103638
t1812,0.0,0.0,0.0,21.672397103638005
t1813,0.0,0.0,0.0,21.672397103638
t1814,0.0,0.0,0.0,21.672397103638
t1815,0.0,0.0,0.0,21.672397103638
t1816,0.0,0.0,0.0,21.672397103638
t1817,0.0,0.0,0.0,21.672397103638
t1818,0.0,0.0,0.0,21.672397103638
t1819,0.0,0.0,0.0,21.672397103638
t1820,0.0,0.0,0.0,21.672397103638
t1821,0.0,0.0,0.0,21.672397103638
t1822,0.0,0.0,0.0,21.672397103638
t1823,0.0,0.0,0.0,21.672397103638
t1824,0.0,0.0,0.0,21.672397103638
t1825,0.0,0.0,0.0,21.672397103638005
t1826,0.0,0.0,0.0,21.672397103638005
t1827,0.0,0.0,0.0,21.672397103638
t1828,0.0,0.0,0.0,21.672397103638
t1829,0.0,0.0,0.0,21.672397103638
t1830,0.0,0.0,0.0,21.672397103638
t1831,0.0,0.0,0.0,21.672397103638
t1832,0.0,0.0,0.0,21.672397103638
t1833,0.0,0.0,0.0,21.672397103638005
t1834,0.0,0.0,0.0,21.672397103638
t1835,0.0,0.0,0.0,21.672397103638
t1836,0.0,0.0,0.0,21.672397103638
t1837,0.0,0.0,0.0,21.672397103638
t1838,0.0,0.0,0.0,21.672397103638
t1839,0.0,0.0,0.0,21.672397103638
t1840,0.0,0.0,0.0,21.672397103638
t1841,0.0,0.0,0.0,21.672397103638
t1842,0.0,0.0,0.0,21.672397103638
t1843,0.0,0.0,0.0,21.672397103638
t1844,0.0,0.0,0.0,21.672397103638
t1845,0.0,0.0,0.0,21.672397103638
t1846,0.0,0.0,0.0,21.672397103638
t1847,0.0,0.0,0.0,21.672397103638
t1848,0.0,0.0,0.0,21.672397103638
