Datetime,44562,44562.00347,44562.00694,44562.01042,44562.01389,44562.01736,44562.02083,44562.02431,44562.02778,44562.03125,44562.03472,44562.03819,44562.04167,44562.04514,44562.04861,44562.05208,44562.05556,44562.05903,44562.0625,44562.06597,44562.06944,44562.07292,44562.07639,44562.07986,44562.08333,44562.08681,44562.09028,44562.09375,44562.09722,44562.10069,44562.10417,44562.10764,44562.11111,44562.11458,44562.11806,44562.12153,44562.125,44562.12847,44562.13194,44562.13542,44562.13889,44562.14236,44562.14583,44562.14931,44562.15278,44562.15625,44562.15972,44562.16319,44562.16667,44562.17014,44562.17361,44562.17708,44562.18056,44562.18403,44562.1875,44562.19097,44562.19444,44562.19792,44562.20139,44562.20486,44562.20833,44562.21181,44562.21528,44562.21875,44562.22222,44562.22569,44562.22917,44562.23264,44562.23611,44562.23958,44562.24306,44562.24653,44562.25,44562.25347,44562.25694,44562.26042,44562.26389,44562.26736,44562.27083,44562.27431,44562.27778,44562.28125,44562.28472,44562.28819,44562.29167,44562.29514,44562.29861,44562.30208,44562.30556,44562.30903,44562.3125,44562.31597,44562.31944,44562.32292,44562.32639,44562.32986,44562.33333,44562.33681,44562.34028,44562.34375,44562.34722,44562.35069,44562.35417,44562.35764,44562.36111,44562.36458,44562.36806,44562.37153,44562.375,44562.37847,44562.38194,44562.38542,44562.38889,44562.39236,44562.39583,44562.39931,44562.40278,44562.40625,44562.40972,44562.41319,44562.41667,44562.42014,44562.42361,44562.42708,44562.43056,44562.43403,44562.4375,44562.44097,44562.44444,44562.44792,44562.45139,44562.45486,44562.45833,44562.46181,44562.46528,44562.46875,44562.47222,44562.47569,44562.47917,44562.48264,44562.48611,44562.48958,44562.49306,44562.49653,44562.5,44562.50347,44562.50694,44562.51042,44562.51389,44562.51736,44562.52083,44562.52431,44562.52778,44562.53125,44562.53472,44562.53819,44562.54167,44562.54514,44562.54861,44562.55208,44562.55556,44562.55903,44562.5625,44562.56597,44562.56944,44562.57292,44562.57639,44562.57986,44562.58333,44562.58681,44562.59028,44562.59375,44562.59722,44562.60069,44562.60417,44562.60764,44562.61111,44562.61458,44562.61806,44562.62153,44562.625,44562.62847,44562.63194,44562.63542,44562.63889,44562.64236,44562.64583,44562.64931,44562.65278,44562.65625,44562.65972,44562.66319,44562.66667,44562.67014,44562.67361,44562.67708,44562.68056,44562.68403,44562.6875,44562.69097,44562.69444,44562.69792,44562.70139,44562.70486,44562.70833,44562.71181,44562.71528,44562.71875,44562.72222,44562.72569,44562.72917,44562.73264,44562.73611,44562.73958,44562.74306,44562.74653,44562.75,44562.75347,44562.75694,44562.76042,44562.76389,44562.76736,44562.77083,44562.77431,44562.77778,44562.78125,44562.78472,44562.78819,44562.79167,44562.79514,44562.79861,44562.80208,44562.80556,44562.80903,44562.8125,44562.81597,44562.81944,44562.82292,44562.82639,44562.82986,44562.83333,44562.83681,44562.84028,44562.84375,44562.84722,44562.85069,44562.85417,44562.85764,44562.86111,44562.86458,44562.86806,44562.87153,44562.875,44562.87847,44562.88194,44562.88542,44562.88889,44562.89236,44562.89583,44562.89931,44562.90278,44562.90625,44562.90972,44562.91319,44562.91667,44562.92014,44562.92361,44562.92708,44562.93056,44562.93403,44562.9375,44562.94097,44562.94444,44562.94792,44562.95139,44562.95486,44562.95833,44562.96181,44562.96528,44562.96875,44562.97222,44562.97569,44562.97917,44562.98264,44562.98611,44562.98958,44562.99306,44562.99653,44563
44583,0.197858979,0.196502732,0.195146485,0.193790238,0.192433991,0.191077744,0.189721496,0.188365249,0.187009002,0.185652755,0.184296508,0.182940261,0.181584014,0.180656787,0.17972956,0.178802332,0.177875105,0.176947878,0.176020651,0.175093423,0.174166196,0.173238969,0.172311742,0.171384514,0.170457287,0.170794782,0.171132278,0.171469773,0.171807269,0.172144764,0.17248226,0.172819755,0.17315725,0.173494746,0.173832241,0.174169737,0.174507232,0.175099143,0.175691054,0.176282965,0.176874876,0.177466787,0.178058698,0.178650609,0.17924252,0.179834431,0.180426342,0.181018253,0.181610164,0.183906986,0.186203807,0.188500629,0.190797451,0.193094272,0.195391094,0.197687916,0.199984737,0.202281559,0.204578381,0.206875202,0.209172024,0.214025531,0.218879037,0.223732544,0.22858605,0.233439557,0.238293063,0.24314657,0.248000076,0.252853583,0.257707089,0.262560596,0.267414102,0.269866188,0.272318274,0.27477036,0.277222446,0.279674532,0.282126618,0.284578703,0.287030789,0.289482875,0.291934961,0.294387047,0.296839133,0.291771253,0.286703373,0.281635492,0.276567612,0.271499732,0.266431852,0.261363971,0.256296091,0.251228211,0.24616033,0.24109245,0.23602457,0.230738503,0.225452435,0.220166368,0.214880301,0.209594233,0.204308166,0.199022099,0.193736031,0.188449964,0.183163897,0.177877829,0.172591762,0.17055889,0.168526017,0.166493145,0.164460272,0.1624274,0.160394528,0.158361655,0.156328783,0.15429591,0.152263038,0.150230165,0.148197293,0.147657409,0.147117526,0.146577642,0.146037758,0.145497874,0.144957991,0.144418107,0.143878223,0.143338339,0.142798456,0.142258572,0.141718688,0.141664209,0.141609731,0.141555252,0.141500773,0.141446294,0.141391816,0.141337337,0.141282858,0.141228379,0.141173901,0.141119422,0.141064943,0.141142575,0.141220207,0.14129784,0.141375472,0.141453104,0.141530736,0.141608368,0.141686,0.141763633,0.141841265,0.141918897,0.141996529,0.142474035,0.142951541,0.143429046,0.143906552,0.144384058,0.144861564,0.145339069,0.145816575,0.146294081,0.146771587,0.147249092,0.147726598,0.150013613,0.152300629,0.154587644,0.15687466,0.159161675,0.161448691,0.163735706,0.166022721,0.168309737,0.170596752,0.172883768,0.175170783,0.185321525,0.195472267,0.205623009,0.215773751,0.225924493,0.236075236,0.246225978,0.25637672,0.266527462,0.276678204,0.286828946,0.296979688,0.306560311,0.316140933,0.325721556,0.335302178,0.344882801,0.354463424,0.364044046,0.373624669,0.383205291,0.392785914,0.402366536,0.411947159,0.41335625,0.414765342,0.416174433,0.417583524,0.418992616,0.420401707,0.421810798,0.42321989,0.424628981,0.426038072,0.427447164,0.428856255,0.426641696,0.424427138,0.422212579,0.41999802,0.417783461,0.415568903,0.413354344,0.411139785,0.408925226,0.406710668,0.404496109,0.40228155,0.398910409,0.395539267,0.392168126,0.388796984,0.385425843,0.382054702,0.37868356,0.375312419,0.371941277,0.368570136,0.365198994,0.361827853,0.356971078,0.352114302,0.347257527,0.342400752,0.337543976,0.332687201,0.327830426,0.32297365,0.318116875,0.3132601,0.308403324,0.303546549,0.298642922,0.293739295,0.288835668,0.283932041,0.279028414,0.274124788,0.269221161,0.264317534,0.259413907,0.25451028,0.249606653,0.244703026,0.242569096,0.240435165,0.238301235,0.236167305,0.234033374,0.231899444,0.229765514,0.227631583,0.225497653,0.223363723,0.221229792,0.219095862,0.217326122,0.215556382,0.213786642,0.212016902,0.210247162,0.208477421,0.206707681,0.204937941,0.203168201,0.201398461,0.199628721,0.197858981
44614,0.181220974,0.179824898,0.178428821,0.177032745,0.175636668,0.174240592,0.172844516,0.171448439,0.170052363,0.168656286,0.16726021,0.165864133,0.164468057,0.163924189,0.163380321,0.162836453,0.162292585,0.161748717,0.161204849,0.160660981,0.160117113,0.159573245,0.159029377,0.158485509,0.157941641,0.157680109,0.157418577,0.157157045,0.156895512,0.15663398,0.156372448,0.156110916,0.155849384,0.155587851,0.155326319,0.155064787,0.154803255,0.155519001,0.156234747,0.156950493,0.157666239,0.158381985,0.159097732,0.159813478,0.160529224,0.16124497,0.161960716,0.162676462,0.163392208,0.167461064,0.17152992,0.175598775,0.179667631,0.183736487,0.187805343,0.191874198,0.195943054,0.20001191,0.204080765,0.208149621,0.212218477,0.219533947,0.226849417,0.234164888,0.241480358,0.248795828,0.256111298,0.263426768,0.270742238,0.278057709,0.285373179,0.292688649,0.300004119,0.29835295,0.29670178,0.295050611,0.293399442,0.291748272,0.290097103,0.288445934,0.286794764,0.285143595,0.283492426,0.281841256,0.280190087,0.272380777,0.264571466,0.256762156,0.248952846,0.241143536,0.233334226,0.225524915,0.217715605,0.209906295,0.202096985,0.194287674,0.186478364,0.182238621,0.177998878,0.173759135,0.169519391,0.165279648,0.161039905,0.156800162,0.152560419,0.148320676,0.144080932,0.139841189,0.135601446,0.133379661,0.131157876,0.128936091,0.126714306,0.124492521,0.122270736,0.120048952,0.117827167,0.115605382,0.113383597,0.111161812,0.108940027,0.107932781,0.106925536,0.105918291,0.104911045,0.103903799,0.102896554,0.101889309,0.100882063,0.099874817,0.098867572,0.097860327,0.096853081,0.09617498,0.095496878,0.094818777,0.094140676,0.093462574,0.092784473,0.092106372,0.09142827,0.090750169,0.090072068,0.089393966,0.088715865,0.089072004,0.089428144,0.089784283,0.090140423,0.090496562,0.090852702,0.091208841,0.09156498,0.09192112,0.092277259,0.092633399,0.092989538,0.093045015,0.093100491,0.093155967,0.093211444,0.093266921,0.093322397,0.093377874,0.09343335,0.093488827,0.093544303,0.09359978,0.093655256,0.094837104,0.096018952,0.0972008,0.098382648,0.099564496,0.100746344,0.101928191,0.103110039,0.104291887,0.105473735,0.106655583,0.107837431,0.115449602,0.123061772,0.130673943,0.138286113,0.145898284,0.153510454,0.161122625,0.168734795,0.176346966,0.183959136,0.191571306,0.199183477,0.212540439,0.225897401,0.239254362,0.252611324,0.265968286,0.279325248,0.29268221,0.306039172,0.319396134,0.332753095,0.346110057,0.359467019,0.364623115,0.369779212,0.374935308,0.380091405,0.385247501,0.390403598,0.395559694,0.40071579,0.405871887,0.411027983,0.41618408,0.421340176,0.419346489,0.417352801,0.415359114,0.413365427,0.411371739,0.409378052,0.407384365,0.405390677,0.40339699,0.401403303,0.399409615,0.397415928,0.393174946,0.388933965,0.384692984,0.380452002,0.376211021,0.371970039,0.367729057,0.363488076,0.359247095,0.355006113,0.350765132,0.34652415,0.342927588,0.339331025,0.335734463,0.332137901,0.328541338,0.324944776,0.321348214,0.317751651,0.314155089,0.310558527,0.306961964,0.303365402,0.298699431,0.29403346,0.289367488,0.284701517,0.280035546,0.275369575,0.270703603,0.266037632,0.261371661,0.25670569,0.252039718,0.247373747,0.244805977,0.242238207,0.239670437,0.237102666,0.234534896,0.231967126,0.229399356,0.226831586,0.224263816,0.221696045,0.219128275,0.216560505,0.213615544,0.210670583,0.207725623,0.204780662,0.201835701,0.198890741,0.19594578,0.193000819,0.190055858,0.187110898,0.184165937,0.181220976
44642,0.233262712,0.230900678,0.228538644,0.22617661,0.223814576,0.221452542,0.219090509,0.216728475,0.214366441,0.212004407,0.209642373,0.207280339,0.204918305,0.20388917,0.202860035,0.2018309,0.200801765,0.19977263,0.198743495,0.197714359,0.196685224,0.195656089,0.194626954,0.193597819,0.192568684,0.192361361,0.192154039,0.191946716,0.191739393,0.191532071,0.191324748,0.191117425,0.190910103,0.19070278,0.190495457,0.190288135,0.190080812,0.190835838,0.191590863,0.192345889,0.193100915,0.19385594,0.194610966,0.195365992,0.196121017,0.196876043,0.197631069,0.198386094,0.19914112,0.204489734,0.209838349,0.215186963,0.220535578,0.225884192,0.231232807,0.236581421,0.241930035,0.24727865,0.252627264,0.257975879,0.263324493,0.269947729,0.276570965,0.283194201,0.289817437,0.296440673,0.303063909,0.309687144,0.31631038,0.322933616,0.329556852,0.336180088,0.342803324,0.342928646,0.343053968,0.34317929,0.343304612,0.343429934,0.343555256,0.343680577,0.343805899,0.343931221,0.344056543,0.344181865,0.344307187,0.337282973,0.330258758,0.323234544,0.316210329,0.309186115,0.302161901,0.295137686,0.288113472,0.281089257,0.274065043,0.267040828,0.260016614,0.256027458,0.252038303,0.248049147,0.244059992,0.240070836,0.236081681,0.232092525,0.228103369,0.224114214,0.220125058,0.216135903,0.212146747,0.208509318,0.204871889,0.20123446,0.197597031,0.193959602,0.190322173,0.186684743,0.183047314,0.179409885,0.175772456,0.172135027,0.168497598,0.166941131,0.165384664,0.163828197,0.16227173,0.160715263,0.159158797,0.15760233,0.156045863,0.154489396,0.152932929,0.151376462,0.149819995,0.14948142,0.149142844,0.148804269,0.148465694,0.148127118,0.147788543,0.147449968,0.147111392,0.146772817,0.146434242,0.146095666,0.145757091,0.145269986,0.144782881,0.144295776,0.143808671,0.143321566,0.14283446,0.142347355,0.14186025,0.141373145,0.14088604,0.140398935,0.13991183,0.140308683,0.140705535,0.141102388,0.141499241,0.141896093,0.142292946,0.142689799,0.143086651,0.143483504,0.143880357,0.144277209,0.144674062,0.145943268,0.147212475,0.148481681,0.149750888,0.151020094,0.152289301,0.153558507,0.154827713,0.15609692,0.157366126,0.158635333,0.159904539,0.162391121,0.164877704,0.167364286,0.169850868,0.17233745,0.174824033,0.177310615,0.179797197,0.182283779,0.184770362,0.187256944,0.189743526,0.197450822,0.205158118,0.212865414,0.22057271,0.228280006,0.235987303,0.243694599,0.251401895,0.259109191,0.266816487,0.274523783,0.282231079,0.294456152,0.306681225,0.318906297,0.33113137,0.343356443,0.355581516,0.367806588,0.380031661,0.392256734,0.404481807,0.416706879,0.428931952,0.435212745,0.441493537,0.44777433,0.454055122,0.460335915,0.466616708,0.4728975,0.479178293,0.485459085,0.491739878,0.49802067,0.504301463,0.502882438,0.501463412,0.500044387,0.498625361,0.497206336,0.495787311,0.494368285,0.49294926,0.491530234,0.490111209,0.488692183,0.487273158,0.482524335,0.477775513,0.47302669,0.468277867,0.463529044,0.458780222,0.454031399,0.449282576,0.444533753,0.439784931,0.435036108,0.430287285,0.424151928,0.41801657,0.411881213,0.405745856,0.399610498,0.393475141,0.387339784,0.381204426,0.375069069,0.368933712,0.362798354,0.356662997,0.351259458,0.345855918,0.340452379,0.335048839,0.3296453,0.324241761,0.318838221,0.313434682,0.308031142,0.302627603,0.297224063,0.291820524,0.286940707,0.282060889,0.277181072,0.272301254,0.267421437,0.262541619,0.257661802,0.252781984,0.247902167,0.243022349,0.238142532,0.233262714
44673,0.415362865,0.411157407,0.406951948,0.40274649,0.398541031,0.394335573,0.390130114,0.385924656,0.381719197,0.377513739,0.37330828,0.369102821,0.364897363,0.363577607,0.362257852,0.360938096,0.359618341,0.358298585,0.35697883,0.355659074,0.354339318,0.353019563,0.351699807,0.350380052,0.349060296,0.348481402,0.347902509,0.347323615,0.346744722,0.346165828,0.345586935,0.345008041,0.344429147,0.343850254,0.34327136,0.342692467,0.342113573,0.34450956,0.346905547,0.349301534,0.351697521,0.354093508,0.356489496,0.358885483,0.36128147,0.363677457,0.366073444,0.368469431,0.370865418,0.378616648,0.386367878,0.394119107,0.401870337,0.409621567,0.417372797,0.425124026,0.432875256,0.440626486,0.448377716,0.456128945,0.463880175,0.474538449,0.485196724,0.495854998,0.506513272,0.517171547,0.527829821,0.538488095,0.54914637,0.559804644,0.570462918,0.581121193,0.591779467,0.586096477,0.580413487,0.574730497,0.569047506,0.563364516,0.557681526,0.551998536,0.546315546,0.540632556,0.534949565,0.529266575,0.523583585,0.510392889,0.497202193,0.484011497,0.470820801,0.457630105,0.44443941,0.431248714,0.418058018,0.404867322,0.391676626,0.37848593,0.365295234,0.359384345,0.353473456,0.347562567,0.341651677,0.335740788,0.329829899,0.32391901,0.318008121,0.312097232,0.306186342,0.300275453,0.294364564,0.290885486,0.287406407,0.283927329,0.28044825,0.276969172,0.273490094,0.270011015,0.266531937,0.263052858,0.25957378,0.256094701,0.252615623,0.250289759,0.247963894,0.24563803,0.243312166,0.240986301,0.238660437,0.236334573,0.234008708,0.231682844,0.22935698,0.227031115,0.224705251,0.224286039,0.223866827,0.223447615,0.223028403,0.222609191,0.222189979,0.221770767,0.221351555,0.220932343,0.220513131,0.220093919,0.219674707,0.218872107,0.218069506,0.217266906,0.216464305,0.215661705,0.214859105,0.214056504,0.213253904,0.212451303,0.211648703,0.210846102,0.210043502,0.210078944,0.210114387,0.210149829,0.210185272,0.210220714,0.210256157,0.210291599,0.210327041,0.210362484,0.210397926,0.210433369,0.210468811,0.212488651,0.21450849,0.21652833,0.21854817,0.220568009,0.222587849,0.224607689,0.226627528,0.228647368,0.230667208,0.232687047,0.234706887,0.238249991,0.241793094,0.245336198,0.248879301,0.252422405,0.255965508,0.259508612,0.263051715,0.266594819,0.270137922,0.273681026,0.277224129,0.283965439,0.290706749,0.297448059,0.304189369,0.310930679,0.317671989,0.324413299,0.331154609,0.337895919,0.344637229,0.351378539,0.358119849,0.378250409,0.398380969,0.418511529,0.438642089,0.458772649,0.478903209,0.499033768,0.519164328,0.539294888,0.559425448,0.579556008,0.599686568,0.613406233,0.627125899,0.640845564,0.654565229,0.668284894,0.682004559,0.695724225,0.70944389,0.723163555,0.736883221,0.750602886,0.764322551,0.766936147,0.769549744,0.77216334,0.774776936,0.777390532,0.780004129,0.782617725,0.785231321,0.787844917,0.790458514,0.79307211,0.795685706,0.790634201,0.785582697,0.780531192,0.775479688,0.770428183,0.765376679,0.760325174,0.755273669,0.750222165,0.74517066,0.740119156,0.735067651,0.725119369,0.715171088,0.705222806,0.695274524,0.685326243,0.675377961,0.665429679,0.655481398,0.645533116,0.635584834,0.625636553,0.615688271,0.6057438,0.59579933,0.585854859,0.575910388,0.565965917,0.556021447,0.546076976,0.536132505,0.526188034,0.516243564,0.506299093,0.496354622,0.489605309,0.482855996,0.476106684,0.469357371,0.462608058,0.455858745,0.449109432,0.442360119,0.435610807,0.428861494,0.422112181,0.415362868
44703,0.711771694,0.705861789,0.699951884,0.694041978,0.688132073,0.682222168,0.676312263,0.670402358,0.664492453,0.658582548,0.652672642,0.646762737,0.640852832,0.637493005,0.634133177,0.63077335,0.627413522,0.624053695,0.620693867,0.61733404,0.613974212,0.610614385,0.607254557,0.60389473,0.600534902,0.599910455,0.599286009,0.598661562,0.598037115,0.597412669,0.596788222,0.596163775,0.595539329,0.594914882,0.594290435,0.593665989,0.593041542,0.594952958,0.596864374,0.59877579,0.600687206,0.602598622,0.604510038,0.606421454,0.60833287,0.610244286,0.612155702,0.614067118,0.615978534,0.624020188,0.632061843,0.640103497,0.648145151,0.656186805,0.66422846,0.672270114,0.680311768,0.688353422,0.696395077,0.704436731,0.712478385,0.715171628,0.717864872,0.720558115,0.723251359,0.725944602,0.728637846,0.731331089,0.734024332,0.736717576,0.739410819,0.742104063,0.744797306,0.728466757,0.712136208,0.69580566,0.679475111,0.663144562,0.646814013,0.630483464,0.614152915,0.597822367,0.581491818,0.565161269,0.54883072,0.535618851,0.522406981,0.509195112,0.495983243,0.482771373,0.469559504,0.456347635,0.443135765,0.429923896,0.416712027,0.403500157,0.390288288,0.382374569,0.37446085,0.366547131,0.358633412,0.350719693,0.342805975,0.334892256,0.326978537,0.319064818,0.311151099,0.30323738,0.295323661,0.290389517,0.285455374,0.28052123,0.275587086,0.270652942,0.265718799,0.260784655,0.255850511,0.250916367,0.245982223,0.24104808,0.236113936,0.234093877,0.232073817,0.230053758,0.228033698,0.226013639,0.223993579,0.22197352,0.21995346,0.2179334,0.215913341,0.213893282,0.211873222,0.212098124,0.212323027,0.212547929,0.212772831,0.212997734,0.213222636,0.213447538,0.213672441,0.213897343,0.214122245,0.214347148,0.21457205,0.216276332,0.217980615,0.219684897,0.221389179,0.223093462,0.224797744,0.226502026,0.228206309,0.229910591,0.231614873,0.233319156,0.235023438,0.240132732,0.245242025,0.250351319,0.255460612,0.260569906,0.265679199,0.270788493,0.275897786,0.28100708,0.286116373,0.291225667,0.29633496,0.300355279,0.304375599,0.308395919,0.312416238,0.316436558,0.320456877,0.324477197,0.328497516,0.332517836,0.336538155,0.340558475,0.344578794,0.352215827,0.35985286,0.367489894,0.375126927,0.38276396,0.390400993,0.398038026,0.405675059,0.413312093,0.420949126,0.428586159,0.436223192,0.448427316,0.46063144,0.472835564,0.485039689,0.497243813,0.509447937,0.521652061,0.533856185,0.54606031,0.558264434,0.570468558,0.582672682,0.606381347,0.630090012,0.653798677,0.677507342,0.701216007,0.724924673,0.748633338,0.772342003,0.796050668,0.819759333,0.843467998,0.867176663,0.878245274,0.889313886,0.900382497,0.911451109,0.92251972,0.933588332,0.944656943,0.955725554,0.966794166,0.977862777,0.988931389,1,1,1,1,1,1,1,1,1,1,1,1,1,1,1,1,1,1,1,1,1,1,1,1,1,1,1,1,1,1,1,1,1,1,1,1,1,0.985958413,0.971916827,0.95787524,0.943833653,0.929792067,0.91575048,0.901708893,0.887667307,0.87362572,0.859584133,0.845542547,0.83150096,0.821523522,0.811546083,0.801568645,0.791591206,0.781613768,0.771636329,0.761658891,0.751681453,0.741704014,0.731726576,0.721749137,0.711771699
44734,0.599493454,0.593188521,0.586883588,0.580578654,0.574273721,0.567968788,0.561663855,0.555358921,0.549053988,0.542749055,0.536444122,0.530139188,0.523834255,0.522264663,0.520695072,0.51912548,0.517555888,0.515986296,0.514416705,0.512847113,0.511277521,0.509707929,0.508138337,0.506568746,0.504999154,0.503232275,0.501465395,0.499698516,0.497931636,0.496164756,0.494397877,0.492630998,0.490864118,0.489097239,0.487330359,0.48556348,0.4837966,0.484273488,0.484750375,0.485227263,0.48570415,0.486181038,0.486657926,0.487134813,0.487611701,0.488088588,0.488565476,0.489042363,0.489519251,0.491489951,0.493460651,0.495431351,0.497402051,0.499372751,0.501343451,0.503314151,0.505284851,0.507255551,0.509226251,0.511196951,0.513167651,0.515136609,0.517105567,0.519074524,0.521043482,0.52301244,0.524981398,0.526950356,0.528919314,0.530888272,0.532857229,0.534826187,0.536795145,0.527316187,0.517837229,0.508358272,0.498879314,0.489400356,0.479921398,0.47044244,0.460963482,0.451484525,0.442005567,0.432526609,0.423047651,0.411278326,0.399509001,0.387739677,0.375970352,0.364201027,0.352431702,0.340662377,0.328893052,0.317123728,0.305354403,0.293585078,0.281815753,0.276407543,0.270999332,0.265591122,0.260182912,0.254774701,0.249366491,0.243958281,0.23855007,0.23314186,0.22773365,0.222325439,0.216917229,0.214850716,0.212784203,0.21071769,0.208651177,0.206584664,0.204518151,0.202451638,0.200385125,0.198318612,0.196252099,0.194185586,0.192119073,0.191032466,0.189945859,0.188859252,0.187772645,0.186686038,0.185599432,0.184512825,0.183426218,0.182339611,0.181253004,0.180166397,0.17907979,0.181404563,0.183729335,0.186054108,0.188378881,0.190703653,0.193028426,0.195353199,0.197677971,0.200002744,0.202327517,0.204652289,0.206977062,0.21082352,0.214669978,0.218516436,0.222362893,0.226209351,0.230055809,0.233902267,0.237748725,0.241595183,0.24544164,0.249288098,0.253134556,0.259837984,0.266541413,0.273244841,0.27994827,0.286651698,0.293355127,0.300058555,0.306761983,0.313465412,0.32016884,0.326872269,0.333575697,0.342189289,0.350802881,0.359416473,0.368030064,0.376643656,0.385257248,0.39387084,0.402484432,0.411098024,0.419711615,0.428325207,0.436938799,0.44591169,0.454884581,0.463857472,0.472830362,0.481803253,0.490776144,0.499749035,0.508721926,0.517694816,0.526667707,0.535640598,0.544613489,0.555551418,0.566489347,0.577427276,0.588365205,0.599303134,0.610241063,0.621178992,0.632116921,0.64305485,0.653992779,0.664930708,0.675868637,0.693978607,0.712088578,0.730198548,0.748308518,0.766418489,0.784528459,0.802638429,0.8207484,0.83885837,0.85696834,0.875078311,0.893188281,0.902089258,0.910990234,0.919891211,0.928792187,0.937693164,0.946594141,0.955495117,0.964396094,0.97329707,0.982198047,0.991099023,1,1,1,1,1,1,1,1,1,1,1,1,1,1,1,1,1,1,1,1,1,1,1,1,1,0.992301477,0.984602954,0.976904431,0.969205908,0.961507385,0.953808862,0.946110339,0.938411816,0.930713293,0.92301477,0.915316247,0.907617724,0.892913472,0.878209219,0.863504967,0.848800714,0.834096462,0.819392209,0.804687957,0.789983705,0.775279452,0.7605752,0.745870947,0.731166695,0.720193925,0.709221154,0.698248384,0.687275613,0.676302843,0.665330073,0.654357302,0.643384532,0.632411761,0.621438991,0.61046622,0.59949345
44764,0.6102772,0.60143097,0.592584739,0.583738509,0.574892279,0.566046048,0.557199818,0.548353588,0.539507357,0.530661127,0.521814897,0.512968666,0.504122436,0.499755245,0.495388055,0.491020864,0.486653674,0.482286484,0.477919293,0.473552102,0.469184912,0.464817722,0.460450531,0.456083341,0.45171615,0.448569173,0.445422196,0.442275219,0.439128242,0.435981265,0.432834287,0.42968731,0.426540333,0.423393356,0.420246379,0.417099402,0.413952425,0.412667634,0.411382844,0.410098053,0.408813263,0.407528472,0.406243682,0.404958891,0.4036741,0.40238931,0.401104519,0.399819729,0.398534938,0.399467298,0.400399657,0.401332017,0.402264376,0.403196736,0.404129095,0.405061455,0.405993814,0.406926174,0.407858533,0.408790893,0.409723252,0.413120941,0.416518629,0.419916318,0.423314006,0.426711695,0.430109384,0.433507072,0.436904761,0.440302449,0.443700138,0.447097826,0.450495515,0.449805003,0.449114492,0.44842398,0.447733468,0.447042957,0.446352445,0.445661933,0.444971422,0.44428091,0.443590398,0.442899887,0.442209375,0.432033192,0.42185701,0.411680827,0.401504644,0.391328462,0.381152279,0.370976096,0.360799914,0.350623731,0.340447548,0.330271366,0.320095183,0.314319535,0.308543886,0.302768238,0.296992589,0.291216941,0.285441292,0.279665644,0.273889995,0.268114347,0.262338698,0.25656305,0.250787401,0.250424418,0.250061435,0.249698453,0.24933547,0.248972487,0.248609504,0.248246521,0.247883538,0.247520556,0.247157573,0.24679459,0.246431607,0.24654219,0.246652773,0.246763357,0.24687394,0.246984523,0.247095106,0.247205689,0.247316272,0.247426856,0.247537439,0.247648022,0.247758605,0.249200829,0.250643053,0.252085277,0.2535275,0.254969724,0.256411948,0.257854172,0.259296396,0.26073862,0.262180843,0.263623067,0.265065291,0.270618085,0.276170879,0.281723672,0.287276466,0.29282926,0.298382054,0.303934848,0.309487642,0.315040436,0.320593229,0.326146023,0.331698817,0.339183017,0.346667218,0.354151418,0.361635619,0.369119819,0.37660402,0.38408822,0.39157242,0.399056621,0.406540821,0.414025022,0.421509222,0.431397551,0.44128588,0.451174209,0.461062537,0.470950866,0.480839195,0.490727524,0.500615853,0.510504182,0.52039251,0.530280839,0.540169168,0.550351682,0.560534196,0.57071671,0.580899223,0.591081737,0.601264251,0.611446765,0.621629279,0.631811793,0.641994306,0.65217682,0.662359334,0.672817884,0.683276433,0.693734983,0.704193532,0.714652082,0.725110632,0.735569181,0.746027731,0.75648628,0.76694483,0.777403379,0.787861929,0.80044224,0.813022551,0.825602863,0.838183174,0.850763485,0.863343796,0.875924107,0.888504418,0.90108473,0.913665041,0.926245352,0.938825663,0.943923524,0.949021386,0.954119247,0.959217109,0.96431497,0.969412832,0.974510693,0.979608554,0.984706416,0.989804277,0.994902139,1,1,1,1,1,1,1,1,1,1,1,1,1,1,1,1,1,1,1,1,1,1,1,1,1,0.996551178,0.993102357,0.989653535,0.986204713,0.982755891,0.97930707,0.975858248,0.972409426,0.968960604,0.965511783,0.962062961,0.958614139,0.939875781,0.921137423,0.902399066,0.883660708,0.86492235,0.846183992,0.827445634,0.808707276,0.789968919,0.771230561,0.752492203,0.733753845,0.723464125,0.713174405,0.702884685,0.692594965,0.682305245,0.672015524,0.661725804,0.651436084,0.641146364,0.630856644,0.620566924,0.610277204
44795,0.513497441,0.505271424,0.497045408,0.488819391,0.480593374,0.472367358,0.464141341,0.455915324,0.447689308,0.439463291,0.431237274,0.423011258,0.414785241,0.409139692,0.403494142,0.397848593,0.392203043,0.386557494,0.380911945,0.375266395,0.369620846,0.363975296,0.358329747,0.352684197,0.347038648,0.345171307,0.343303966,0.341436625,0.339569283,0.337701942,0.335834601,0.33396726,0.332099919,0.330232578,0.328365236,0.326497895,0.324630554,0.324173143,0.323715732,0.323258321,0.32280091,0.322343499,0.321886088,0.321428676,0.320971265,0.320513854,0.320056443,0.319599032,0.319141621,0.321704989,0.324268356,0.326831724,0.329395092,0.33195846,0.334521828,0.337085195,0.339648563,0.342211931,0.344775299,0.347338666,0.349902034,0.356109535,0.362317035,0.368524536,0.374732036,0.380939537,0.387147038,0.393354538,0.399562039,0.405769539,0.41197704,0.41818454,0.424392041,0.424656306,0.42492057,0.425184835,0.4254491,0.425713364,0.425977629,0.426241894,0.426506158,0.426770423,0.427034688,0.427298952,0.427563217,0.418911268,0.410259319,0.40160737,0.39295542,0.384303471,0.375651522,0.366999573,0.358347624,0.349695675,0.341043725,0.332391776,0.323739827,0.316824641,0.309909455,0.302994269,0.296079083,0.289163897,0.282248711,0.275333526,0.26841834,0.261503154,0.254587968,0.247672782,0.240757596,0.239189884,0.237622173,0.236054461,0.23448675,0.232919038,0.231351327,0.229783615,0.228215903,0.226648192,0.22508048,0.223512769,0.221945057,0.2228455,0.223745943,0.224646387,0.22554683,0.226447273,0.227347716,0.228248159,0.229148602,0.230049046,0.230949489,0.231849932,0.232750375,0.234292826,0.235835277,0.237377728,0.238920179,0.24046263,0.242005081,0.243547532,0.245089983,0.246632434,0.248174885,0.249717336,0.251259787,0.257011042,0.262762298,0.268513553,0.274264808,0.280016063,0.285767319,0.291518574,0.297269829,0.303021084,0.30877234,0.314523595,0.32027485,0.328624449,0.336974049,0.345323648,0.353673247,0.362022846,0.370372446,0.378722045,0.387071644,0.395421243,0.403770843,0.412120442,0.420470041,0.429082351,0.43769466,0.44630697,0.454919279,0.463531589,0.472143898,0.480756208,0.489368517,0.497980827,0.506593136,0.515205446,0.523817755,0.533227522,0.542637289,0.552047057,0.561456824,0.570866591,0.580276358,0.589686125,0.599095892,0.60850566,0.617915427,0.627325194,0.636734961,0.648588011,0.660441061,0.672294111,0.684147161,0.696000211,0.707853261,0.71970631,0.73155936,0.74341241,0.75526546,0.76711851,0.77897156,0.792001754,0.805031948,0.818062142,0.831092335,0.844122529,0.857152723,0.870182917,0.883213111,0.896243305,0.909273498,0.922303692,0.935333886,0.940722729,0.946111572,0.951500415,0.956889257,0.9622781,0.967666943,0.973055786,0.978444629,0.983833472,0.989222314,0.994611157,1,1,1,1,1,1,1,1,1,1,1,1,1,0.998003073,0.996006145,0.994009218,0.99201229,0.990015363,0.988018436,0.986021508,0.984024581,0.982027653,0.980030726,0.978033798,0.976036871,0.962480868,0.948924865,0.935368862,0.921812859,0.908256856,0.894700854,0.881144851,0.867588848,0.854032845,0.840476842,0.826920839,0.813364836,0.798804239,0.784243641,0.769683044,0.755122446,0.740561849,0.726001252,0.711440654,0.696880057,0.682319459,0.667758862,0.653198264,0.638637667,0.628209315,0.617780963,0.607352611,0.596924258,0.586495906,0.576067554,0.565639202,0.55521085,0.544782498,0.534354145,0.523925793,0.513497441
44826,0.440371374,0.43462899,0.428886605,0.423144221,0.417401837,0.411659452,0.405917068,0.400174684,0.394432299,0.388689915,0.382947531,0.377205146,0.371462762,0.368126197,0.364789633,0.361453068,0.358116504,0.354779939,0.351443374,0.34810681,0.344770245,0.341433681,0.338097116,0.334760552,0.331423987,0.329966312,0.328508638,0.327050963,0.325593289,0.324135614,0.32267794,0.321220265,0.31976259,0.318304916,0.316847241,0.315389567,0.313931892,0.31346734,0.313002788,0.312538237,0.312073685,0.311609133,0.311144582,0.31068003,0.310215478,0.309750926,0.309286374,0.308821823,0.308357271,0.309620589,0.310883907,0.312147225,0.313410543,0.314673861,0.315937179,0.317200497,0.318463815,0.319727133,0.320990451,0.322253769,0.323517087,0.328867803,0.33421852,0.339569236,0.344919952,0.350270669,0.355621385,0.360972101,0.366322818,0.371673534,0.37702425,0.382374967,0.387725683,0.389399382,0.391073082,0.392746781,0.39442048,0.39609418,0.397767879,0.399441578,0.401115278,0.402788977,0.404462676,0.406136376,0.407810075,0.399814861,0.391819647,0.383824434,0.37582922,0.367834006,0.359838792,0.351843578,0.343848364,0.335853151,0.327857937,0.319862723,0.311867509,0.303746554,0.2956256,0.287504645,0.27938369,0.271262736,0.263141781,0.255020826,0.246899872,0.238778917,0.230657962,0.222537008,0.214416053,0.21138514,0.208354228,0.205323315,0.202292403,0.19926149,0.196230578,0.193199665,0.190168752,0.18713784,0.184106927,0.181076015,0.178045102,0.178173798,0.178302493,0.178431189,0.178559884,0.17868858,0.178817276,0.178945971,0.179074667,0.179203362,0.179332058,0.179460753,0.179589449,0.181310753,0.183032056,0.18475336,0.186474663,0.188195967,0.189917271,0.191638574,0.193359878,0.195081181,0.196802485,0.198523788,0.200245092,0.204072144,0.207899197,0.211726249,0.215553302,0.219380354,0.223207407,0.227034459,0.230861511,0.234688564,0.238515616,0.242342669,0.246169721,0.251125815,0.256081908,0.261038002,0.265994096,0.270950189,0.275906283,0.280862377,0.28581847,0.290774564,0.295730658,0.300686751,0.305642845,0.312170863,0.318698882,0.3252269,0.331754918,0.338282937,0.344810955,0.351338973,0.357866992,0.36439501,0.370923028,0.377451047,0.383979065,0.391974607,0.399970149,0.407965692,0.415961234,0.423956776,0.431952318,0.43994786,0.447943402,0.455938945,0.463934487,0.471930029,0.479925571,0.493081413,0.506237254,0.519393096,0.532548937,0.545704779,0.55886062,0.572016462,0.585172303,0.598328144,0.611483986,0.624639827,0.637795669,0.653540524,0.66928538,0.685030235,0.700775091,0.716519946,0.732264802,0.748009657,0.763754512,0.779499368,0.795244223,0.810989079,0.826733934,0.834672023,0.842610112,0.8505482,0.858486289,0.866424378,0.874362467,0.882300555,0.890238644,0.898176733,0.906114822,0.91405291,0.921990999,0.919681044,0.91737109,0.915061135,0.91275118,0.910441226,0.908131271,0.905821316,0.903511362,0.901201407,0.898891452,0.896581498,0.894271543,0.88621428,0.878157016,0.870099753,0.862042489,0.853985226,0.845927963,0.837870699,0.829813436,0.821756172,0.813698909,0.805641645,0.797584382,0.786035266,0.774486149,0.762937033,0.751387916,0.7398388,0.728289684,0.716740567,0.705191451,0.693642334,0.682093218,0.670544101,0.658994985,0.648362825,0.637730664,0.627098504,0.616466344,0.605834183,0.595202023,0.584569863,0.573937702,0.563305542,0.552673382,0.542041221,0.531409061,0.523822587,0.516236113,0.508649639,0.501063165,0.493476691,0.485890216,0.478303742,0.470717268,0.463130794,0.45554432,0.447957846,0.440371372
44856,0.326618794,0.321783385,0.316947975,0.312112566,0.307277156,0.302441747,0.297606338,0.292770928,0.287935519,0.283100109,0.2782647,0.27342929,0.268593881,0.266622827,0.264651772,0.262680718,0.260709664,0.258738609,0.256767555,0.254796501,0.252825446,0.250854392,0.248883338,0.246912283,0.244941229,0.243784588,0.242627946,0.241471305,0.240314663,0.239158022,0.23800138,0.236844738,0.235688097,0.234531455,0.233374814,0.232218173,0.231061531,0.23033782,0.22961411,0.228890399,0.228166688,0.227442977,0.226719267,0.225995556,0.225271845,0.224548134,0.223824423,0.223100713,0.222377002,0.223765734,0.225154466,0.226543198,0.22793193,0.229320662,0.230709394,0.232098126,0.233486858,0.23487559,0.236264322,0.237653054,0.239041786,0.244541836,0.250041885,0.255541935,0.261041984,0.266542034,0.272042083,0.277542133,0.283042182,0.288542232,0.294042281,0.299542331,0.30504238,0.312912878,0.320783375,0.328653873,0.336524371,0.344394868,0.352265366,0.360135864,0.368006361,0.375876859,0.383747357,0.391617854,0.399488352,0.394550427,0.389612501,0.384674576,0.37973665,0.374798725,0.369860799,0.364922873,0.359984948,0.355047023,0.350109097,0.345171172,0.340233246,0.331384843,0.32253644,0.313688037,0.304839635,0.295991232,0.287142829,0.278294426,0.269446023,0.260597621,0.251749218,0.242900815,0.234052412,0.228809987,0.223567561,0.218325136,0.213082711,0.207840286,0.202597861,0.197355435,0.19211301,0.186870585,0.18162816,0.176385734,0.171143309,0.168191682,0.165240055,0.162288428,0.1593368,0.156385173,0.153433546,0.150481919,0.147530292,0.144578664,0.141627037,0.13867541,0.135723783,0.135026749,0.134329716,0.133632682,0.132935648,0.132238614,0.13154158,0.130844547,0.130147513,0.129450479,0.128753446,0.128056412,0.127359378,0.127714183,0.128068988,0.128423793,0.128778598,0.129133403,0.129488208,0.129843013,0.130197818,0.130552623,0.130907428,0.131262233,0.131617038,0.134254638,0.136892238,0.139529838,0.142167438,0.144805038,0.147442638,0.150080238,0.152717838,0.155355438,0.157993038,0.160630638,0.163268238,0.166755693,0.170243148,0.173730604,0.177218059,0.180705514,0.184192969,0.187680424,0.191167879,0.194655335,0.19814279,0.201630245,0.2051177,0.21078391,0.216450119,0.222116329,0.227782538,0.233448748,0.239114958,0.244781167,0.250447377,0.256113586,0.261779796,0.267446005,0.273112215,0.28653726,0.299962304,0.313387349,0.326812393,0.340237438,0.353662483,0.367087527,0.380512572,0.393937616,0.407362661,0.420787705,0.43421275,0.453221686,0.472230623,0.491239559,0.510248495,0.529257432,0.548266368,0.567275304,0.586284241,0.605293177,0.624302113,0.64331105,0.662319986,0.665608125,0.668896265,0.672184404,0.675472544,0.678760683,0.682048823,0.685336962,0.688625101,0.691913241,0.69520138,0.69848952,0.701777659,0.698577554,0.695377449,0.692177344,0.688977239,0.685777134,0.682577029,0.679376923,0.676176818,0.672976713,0.669776608,0.666576503,0.663376398,0.658202571,0.653028744,0.647854917,0.64268109,0.637507263,0.632333436,0.627159609,0.621985782,0.616811955,0.611638128,0.606464301,0.601290474,0.594260685,0.587230896,0.580201107,0.573171318,0.566141529,0.559111741,0.552081952,0.545052163,0.538022374,0.530992585,0.523962796,0.516933007,0.506925295,0.496917583,0.486909871,0.476902159,0.466894447,0.456886735,0.446879023,0.436871311,0.426863599,0.416855887,0.406848175,0.396840463,0.390988657,0.385136852,0.379285046,0.373433241,0.367581435,0.36172963,0.355877824,0.350026018,0.344174213,0.338322407,0.332470602,0.326618796
44887,0.249256211,0.246229363,0.243202514,0.240175666,0.237148818,0.234121969,0.231095121,0.228068273,0.225041424,0.222014576,0.218987728,0.215960879,0.212934031,0.210752032,0.208570033,0.206388034,0.204206034,0.202024035,0.199842036,0.197660037,0.195478038,0.193296039,0.191114039,0.18893204,0.186750041,0.18625774,0.18576544,0.185273139,0.184780839,0.184288538,0.183796238,0.183303937,0.182811636,0.182319336,0.181827035,0.181334735,0.180842434,0.180757716,0.180672997,0.180588279,0.18050356,0.180418842,0.180334124,0.180249405,0.180164687,0.180079968,0.17999525,0.179910531,0.179825813,0.183534745,0.187243676,0.190952608,0.194661539,0.198370471,0.202079403,0.205788334,0.209497266,0.213206197,0.216915129,0.22062406,0.224332992,0.231028414,0.237723836,0.244419258,0.25111468,0.257810102,0.264505524,0.271200945,0.277896367,0.284591789,0.291287211,0.297982633,0.304678055,0.307647202,0.310616348,0.313585495,0.316554641,0.319523788,0.322492934,0.325462081,0.328431227,0.331400374,0.33436952,0.337338667,0.340307813,0.334534954,0.328762096,0.322989237,0.317216379,0.31144352,0.305670662,0.299897803,0.294124944,0.288352086,0.282579227,0.276806369,0.27103351,0.265033179,0.259032848,0.253032518,0.247032187,0.241031856,0.235031525,0.229031194,0.223030863,0.217030532,0.211030202,0.205029871,0.19902954,0.195010753,0.190991965,0.186973178,0.18295439,0.178935603,0.174916815,0.170898028,0.16687924,0.162860453,0.158841665,0.154822878,0.15080409,0.148516693,0.146229296,0.1439419,0.141654503,0.139367106,0.137079709,0.134792312,0.132504915,0.130217519,0.127930122,0.125642725,0.123355328,0.122327367,0.121299406,0.120271445,0.119243484,0.118215523,0.117187562,0.116159601,0.11513164,0.114103679,0.113075718,0.112047757,0.111019796,0.110745629,0.110471461,0.110197294,0.109923126,0.109648959,0.109374792,0.109100624,0.108826457,0.108552289,0.108278122,0.108003954,0.107729787,0.108649682,0.109569577,0.110489472,0.111409367,0.112329262,0.113249157,0.114169052,0.115088947,0.116008842,0.116928737,0.117848632,0.118768527,0.125034353,0.13130018,0.137566006,0.143831832,0.150097659,0.156363485,0.162629311,0.168895138,0.175160964,0.18142679,0.187692617,0.193958443,0.206801953,0.219645463,0.232488972,0.245332482,0.258175992,0.271019502,0.283863011,0.296706521,0.309550031,0.322393541,0.33523705,0.34808056,0.361660186,0.375239812,0.388819438,0.402399064,0.41597869,0.429558316,0.443137941,0.456717567,0.470297193,0.483876819,0.497456445,0.511036071,0.516232911,0.521429751,0.526626592,0.531823432,0.537020272,0.542217112,0.547413952,0.552610792,0.557807633,0.563004473,0.568201313,0.573398153,0.569936706,0.566475259,0.563013812,0.559552364,0.556090917,0.55262947,0.549168023,0.545706576,0.542245129,0.538783681,0.535322234,0.531860787,0.527578505,0.523296224,0.519013942,0.51473166,0.510449379,0.506167097,0.501884815,0.497602534,0.493320252,0.48903797,0.484755689,0.480473407,0.474966711,0.469460015,0.463953319,0.458446623,0.452939927,0.447433231,0.441926534,0.436419838,0.430913142,0.425406446,0.41989975,0.414393054,0.408589844,0.402786633,0.396983423,0.391180212,0.385377002,0.379573792,0.373770581,0.367967371,0.36216416,0.35636095,0.350557739,0.344754529,0.340243441,0.335732353,0.331221265,0.326710177,0.322199089,0.317688001,0.313176912,0.308665824,0.304154736,0.299643648,0.29513256,0.290621472,0.287174367,0.283727262,0.280280157,0.276833051,0.273385946,0.269938841,0.266491736,0.263044631,0.259597526,0.25615042,0.252703315,0.24925621
44917,0.287458091,0.284916793,0.282375495,0.279834197,0.277292899,0.274751601,0.272210303,0.269669004,0.267127706,0.264586408,0.26204511,0.259503812,0.256962514,0.25522776,0.253493006,0.251758252,0.250023498,0.248288744,0.24655399,0.244819236,0.243084482,0.241349728,0.239614974,0.23788022,0.236145466,0.236203895,0.236262324,0.236320754,0.236379183,0.236437612,0.236496041,0.23655447,0.236612899,0.236671329,0.236729758,0.236788187,0.236846616,0.238380566,0.239914516,0.241448466,0.242982416,0.244516366,0.246050316,0.247584266,0.249118216,0.250652166,0.252186116,0.253720066,0.255254016,0.259952385,0.264650754,0.269349123,0.274047492,0.278745861,0.283444231,0.2881426,0.292840969,0.297539338,0.302237707,0.306936076,0.311634445,0.319600409,0.327566372,0.335532336,0.3434983,0.351464263,0.359430227,0.367396191,0.375362154,0.383328118,0.391294082,0.399260045,0.407226009,0.410555731,0.413885453,0.417215174,0.420544896,0.423874618,0.42720434,0.430534061,0.433863783,0.437193505,0.440523227,0.443852948,0.44718267,0.437914624,0.428646578,0.419378532,0.410110486,0.40084244,0.391574394,0.382306347,0.373038301,0.363770255,0.354502209,0.345234163,0.335966117,0.331369444,0.326772771,0.322176099,0.317579426,0.312982753,0.30838608,0.303789407,0.299192734,0.294596062,0.289999389,0.285402716,0.280806043,0.277293638,0.273781233,0.270268827,0.266756422,0.263244017,0.259731612,0.256219206,0.252706801,0.249194396,0.245681991,0.242169585,0.23865718,0.236551512,0.234445844,0.232340176,0.230234507,0.228128839,0.226023171,0.223917503,0.221811835,0.219706167,0.217600498,0.21549483,0.213389162,0.212848508,0.212307853,0.211767199,0.211226544,0.21068589,0.210145235,0.209604581,0.209063926,0.208523272,0.207982617,0.207441963,0.206901308,0.207018166,0.207135025,0.207251883,0.207368741,0.2074856,0.207602458,0.207719316,0.207836175,0.207953033,0.208069891,0.20818675,0.208303608,0.209334624,0.210365639,0.211396655,0.21242767,0.213458686,0.214489702,0.215520717,0.216551733,0.217582748,0.218613764,0.219644779,0.220675795,0.228097036,0.235518278,0.242939519,0.25036076,0.257782001,0.265203243,0.272624484,0.280045725,0.287466966,0.294888208,0.302309449,0.30973069,0.323506656,0.337282622,0.351058587,0.364834553,0.378610519,0.392386485,0.40616245,0.419938416,0.433714382,0.447490348,0.461266313,0.475042279,0.484136887,0.493231494,0.502326102,0.51142071,0.520515317,0.529609925,0.538704533,0.54779914,0.556893748,0.565988356,0.575082963,0.584177571,0.585178632,0.586179694,0.587180755,0.588181817,0.589182878,0.590183939,0.591185001,0.592186062,0.593187124,0.594188185,0.595189247,0.596190308,0.593109465,0.590028622,0.586947778,0.583866935,0.580786092,0.577705249,0.574624406,0.571543563,0.56846272,0.565381876,0.562301033,0.55922019,0.555968867,0.552717544,0.549466221,0.546214897,0.542963574,0.539712251,0.536460928,0.533209605,0.529958281,0.526706958,0.523455635,0.520204312,0.513626965,0.507049618,0.500472271,0.493894924,0.487317577,0.480740231,0.474162884,0.467585537,0.46100819,0.454430843,0.447853496,0.441276149,0.435587813,0.429899476,0.42421114,0.418522804,0.412834467,0.407146131,0.401457795,0.395769458,0.390081122,0.384392786,0.378704449,0.373016113,0.367874718,0.362733323,0.357591928,0.352450532,0.347309137,0.342167742,0.337026347,0.331884952,0.326743557,0.321602161,0.316460766,0.311319371,0.309330931,0.307342491,0.305354051,0.303365611,0.301377171,0.299388731,0.297400291,0.295411851,0.293423411,0.291434971,0.289446531,0.287458091