Resource,onshore_wind,solar_pv_sat,hydro,battery,pumped_hydro,Total
Zone,1,1,1,1,1,0
AnnualSum,0.0,0.0,4.3940521709616985e6,0.05874119999998584,0.0,4.394052229702898e6
t1,0.0,-0.0,41.19223312,0.0,0.0,41.19223312
t2,0.0,-0.0,40.93649664,0.0,0.0,40.93649664
t3,0.0,-0.0,40.74509827,0.0,0.0,40.74509827
t4,0.0,-0.0,40.6008518,0.0,0.0,40.6008518
t5,0.0,-0.0,40.42796076,0.0,0.0,40.42796076
t6,0.0,-0.0,40.2793067,0.0,0.0,40.2793067
t7,0.0,-0.0,40.13197463,0.0,0.0,40.13197463
t8,0.0,-0.0,39.95405918,0.0,0.0,39.95405918
t9,0.0,-0.0,39.85590538,0.0,0.0,39.85590538
t10,0.0,-0.0,39.74541277,0.0,0.0,39.74541277
t11,0.0,-0.0,39.56627032,0.0,0.0,39.56627032
t12,0.0,-0.0,39.4294324,0.0,0.0,39.4294324
t13,0.0,-0.0,39.2842217,0.0,0.0,39.2842217
t14,0.0,-0.0,39.19182181,0.0,0.0,39.19182181
t15,0.0,-0.0,39.06284614,0.0,0.0,39.06284614
t16,0.0,-0.0,38.95193802,0.0,0.0,38.95193802
t17,0.0,-0.0,38.82047064,0.0,0.0,38.82047064
t18,0.0,-0.0,38.7418839,0.0,0.0,38.7418839
t19,0.0,-0.0,38.74085543,0.0,0.0,38.74085543
t20,0.0,-0.0,38.72324406,0.0,0.0,38.72324406
t21,0.0,-0.0,38.66068411,0.0,0.0,38.66068411
t22,0.0,-0.0,38.58534469,0.0,0.0,38.58534469
t23,0.0,-0.0,38.56480099,0.0,0.0,38.56480099
t24,0.0,-0.0,38.49666469,0.0,0.0,38.49666469
t25,0.0,-0.0,38.50652735,0.0,0.0,38.50652735
t26,0.0,-0.0,38.38878681,0.0,0.0,38.38878681
t27,0.0,-0.0,38.33450304,0.0,0.0,38.33450304
t28,0.0,-0.0,38.28065992,0.0,0.0,38.28065992
t29,0.0,-0.0,38.2484096,0.0,0.0,38.2484096
t30,0.0,-0.0,38.24171826,0.0,0.0,38.24171826
t31,0.0,-0.0,38.25661984,0.0,0.0,38.25661984
t32,0.0,-0.0,38.26475232,0.0,0.0,38.26475232
t33,0.0,-0.0,38.20149592,0.0,0.0,38.20149592
t34,0.0,-0.0,38.15939178,0.0,0.0,38.15939178
t35,0.0,-0.0,38.1484914,0.0,0.0,38.1484914
t36,0.0,-0.0,38.09616787,0.0,0.0,38.09616787
t37,0.0,-0.0,38.17031717,0.0,0.0,38.17031717
t38,0.0,-0.0,38.23565051,0.0,0.0,38.23565051
t39,0.0,-0.0,38.22122221,0.0,0.0,38.22122221
t40,0.0,-0.0,38.30021637,0.0,0.0,38.30021637
t41,0.0,-0.0,38.34846806,0.0,0.0,38.34846806
t42,0.0,-0.0,38.33766968,0.0,0.0,38.33766968
t43,0.0,-0.0,38.36829449,0.0,0.0,38.36829449
t44,0.0,-0.0,38.36939344,0.0,0.0,38.36939344
t45,0.0,-0.0,38.41808499,0.0,0.0,38.41808499
t46,0.0,-0.0,38.46853923,0.0,0.0,38.46853923
t47,0.0,-0.0,38.5038412,0.0,0.0,38.5038412
t48,0.0,-0.0,38.5876171,0.0,0.0,38.5876171
t49,0.0,-0.0,38.72427365,0.0,0.0,38.72427365
t50,0.0,-0.0,38.90174238,0.0,0.0,38.90174238
t51,0.0,-0.0,38.97961923,0.0,0.0,38.97961923
t52,0.0,-0.0,39.09671589,0.0,0.0,39.09671589
t53,0.0,-0.0,39.23657591,0.0,0.0,39.23657591
t54,0.0,-0.0,39.36233442,0.0,0.0,39.36233442
t55,0.0,-0.0,39.54802434,0.0,0.0,39.54802434
t56,0.0,-0.0,39.7000196,0.0,0.0,39.7000196
t57,0.0,-0.0,39.8846246,0.0,0.0,39.8846246
t58,0.0,-0.0,40.01326427,0.0,0.0,40.01326427
t59,0.0,-0.0,40.20929867,0.0,0.0,40.20929867
t60,0.0,-0.0,40.44102751,0.0,0.0,40.44102751
t61,0.0,-0.0,40.89265169,0.0,0.0,40.89265169
t62,0.0,-0.0,41.27291167,0.0,0.0,41.27291167
t63,0.0,-0.0,41.57032532,0.0,0.0,41.57032532
t64,0.0,-0.0,41.87831511,0.0,0.0,41.87831511
t65,0.0,-0.0,42.22886596,0.0,0.0,42.22886596
t66,0.0,-0.0,42.53358694,0.0,-0.0,42.53358694
t67,0.0,-0.0,42.97271288,0.0,-0.0,42.97271288
t68,0.0,-0.0,43.46844265,0.0,-0.0,43.46844265
t69,0.0,-0.0,43.89895296,0.0,-0.0,43.89895296
t70,0.0,-0.0,44.37881855,0.0,-0.0,44.37881855
t71,0.0,-0.0,44.82943367,0.0,-0.0,44.82943367
t72,0.0,-0.0,45.38360672,0.0,-0.0,45.38360672
t73,0.0,-0.0,46.1290314,0.0,-0.0,46.1290314
t74,0.0,-0.0,46.8616049,0.0,-0.0,46.8616049
t75,0.0,-0.0,47.35048677,0.0,-0.0,47.35048677
t76,0.0,-0.0,47.80984362,0.0,-0.0,47.80984362
t77,0.0,-0.0,48.24212135,0.0,-0.0,48.24212135
t78,0.0,-0.0,48.53955345,0.0,-0.0,48.53955345
t79,0.0,-0.0,49.03881333,0.0,-0.0,49.03881333
t80,0.0,-0.0,49.4581449,0.0,-0.0,49.4581449
t81,0.0,-0.0,49.72720732,0.0,-0.0,49.72720732
t82,0.0,-0.0,50.00023581,0.0,-0.0,50.00023581
t83,0.0,-0.0,50.22327725,0.0,-0.0,50.22327725
t84,0.0,-0.0,50.47231834,0.0,-0.0,50.47231834
t85,0.0,-0.0,51.05142277,0.0,0.0,51.05142277
t86,0.0,-0.0,50.75837623,0.0,0.0,50.75837623
t87,0.0,-0.0,50.213706,0.0,-0.0,50.213706
t88,0.0,-0.0,49.67212044,0.0,-0.0,49.67212044
t89,0.0,-0.0,48.97132875,0.0,-0.0,48.97132875
t90,0.0,-0.0,48.28551991,0.0,0.0,48.28551991
t91,0.0,-0.0,47.63584618,0.0,0.0,47.63584618
t92,0.0,-0.0,46.94599631,0.0,0.0,46.94599631
t93,0.0,-0.0,46.23411283,0.0,0.0,46.23411283
t94,0.0,-0.0,45.55748312,0.0,-0.0,45.55748312
t95,0.0,-0.0,44.80966142,0.0,-0.0,44.80966142
t96,0.0,-0.0,44.19888873,0.0,-0.0,44.19888873
t97,0.0,-0.0,43.69343664,0.0,-0.0,43.69343664
t98,0.0,-0.0,43.24688337,0.0,-0.0,43.24688337
t99,0.0,-0.0,42.58131613,0.0,-0.0,42.58131613
t100,0.0,-0.0,41.90473207,0.0,-0.0,41.90473207
t101,0.0,-0.0,40.91676185,0.0,-0.0,40.91676185
t102,0.0,-0.0,40.03234956,0.0,-0.0,40.03234956
t103,0.0,-0.0,39.24135972,0.0,-0.0,39.24135972
t104,0.0,-0.0,38.54011278,0.0,-0.0,38.54011278
t105,0.0,-0.0,37.81110352,0.0,-0.0,37.81110352
t106,0.0,-0.0,37.09928047,0.0,-0.0,37.09928047
t107,0.0,-0.0,36.56582189,0.0,0.0,36.56582189
t108,0.0,-0.0,36.13724324,0.0,-0.0,36.13724324
t109,0.0,-0.0,35.66856345,0.0,-0.0,35.66856345
t110,0.0,-0.0,35.21180702,0.0,0.0,35.21180702
t111,0.0,-0.0,34.70701736,0.0,-0.0,34.70701736
t112,0.0,-0.0,34.25026093,0.0,0.0,34.25026093
t113,0.0,-0.0,33.66244451,0.0,-0.0,33.66244451
t114,0.0,-0.0,33.15571174,0.0,0.0,33.15571174
t115,0.0,-0.0,32.69613088,0.0,-0.0,32.69613088
t116,0.0,-0.0,32.27422241,0.0,-0.0,32.27422241
t117,0.0,-0.0,31.77299298,0.0,-0.0,31.77299298
t118,0.0,-0.0,31.32376286,0.0,-0.0,31.32376286
t119,0.0,-0.0,30.90853583,0.0,0.0,30.90853583
t120,0.0,-0.0,30.43646208,0.0,-0.0,30.43646208
t121,0.0,-0.0,30.07323432,0.0,-0.0,30.07323432
t122,0.0,-0.0,29.69429044,0.0,0.0,29.69429044
t123,0.0,-0.0,29.26995735,0.0,-0.0,29.26995735
t124,0.0,-0.0,28.94697882,0.0,-0.0,28.94697882
t125,0.0,-0.0,28.5416683,0.0,0.0,28.5416683
t126,0.0,-0.0,28.19805188,0.0,0.0,28.19805188
t127,0.0,-0.0,27.87911308,0.0,0.0,27.87911308
t128,0.0,-0.0,27.51500238,0.0,0.0,27.51500238
t129,0.0,-0.0,27.08611288,0.0,-0.0,27.08611288
t130,0.0,-0.0,26.80484852,0.0,-0.0,26.80484852
t131,0.0,-0.0,26.54131202,0.0,-0.0,26.54131202
t132,0.0,-0.0,26.26587738,0.0,0.0,26.26587738
t133,0.0,-0.0,26.10017007,0.0,-0.0,26.10017007
t134,0.0,-0.0,25.99457716,0.0,0.0,25.99457716
t135,0.0,-0.0,25.78101964,0.0,0.0,25.78101964
t136,0.0,-0.0,25.67586742,0.0,-0.0,25.67586742
t137,0.0,-0.0,25.51213053,0.0,0.0,25.51213053
t138,0.0,-0.0,25.32151265,0.0,0.0,25.32151265
t139,0.0,-0.0,25.16879257,0.0,0.0,25.16879257
t140,0.0,-0.0,25.06811039,0.0,0.0,25.06811039
t141,0.0,-0.0,24.97536031,0.0,0.0,24.97536031
t142,0.0,-0.0,24.92667743,0.0,0.0,24.92667743
t143,0.0,-0.0,24.84372251,0.0,0.0,24.84372251
t144,0.0,-0.0,24.71581906,0.0,0.0,24.71581906
t145,0.0,-0.0,27.01365358,0.0,0.0,27.01365358
t146,0.0,-0.0,26.98172034,0.0,-0.0,26.98172034
t147,0.0,-0.0,26.85724598,0.0,0.0,26.85724598
t148,0.0,-0.0,26.71602607,0.0,-0.0,26.71602607
t149,0.0,-0.0,26.62836365,0.0,0.0,26.62836365
t150,0.0,-0.0,26.46578698,0.0,-0.0,26.46578698
t151,0.0,-0.0,26.42175108,0.0,-0.0,26.42175108
t152,0.0,-0.0,26.41324644,0.0,-0.0,26.41324644
t153,0.0,-0.0,26.44748699,0.0,0.0,26.44748699
t154,0.0,-0.0,26.45484652,0.0,0.0,26.45484652
t155,0.0,-0.0,26.55020713,0.0,0.0,26.55020713
t156,0.0,-0.0,26.57109419,0.0,-0.0,26.57109419
t157,0.0,-0.0,26.67879365,0.0,-0.0,26.67879365
t158,0.0,-0.0,26.82760582,0.0,-0.0,26.82760582
t159,0.0,-0.0,26.99096019,0.0,-0.0,26.99096019
t160,0.0,-0.0,27.12919626,0.0,-0.0,27.12919626
t161,0.0,-0.0,27.20433362,0.0,-0.0,27.20433362
t162,0.0,-0.0,27.26977618,0.0,-0.0,27.26977618
t163,0.0,-0.0,27.35901505,0.0,-0.0,27.35901505
t164,0.0,-0.0,27.59336683,0.0,-0.0,27.59336683
t165,0.0,-0.0,27.77263463,0.0,-0.0,27.77263463
t166,0.0,-0.0,27.91797069,0.0,-0.0,27.91797069
t167,0.0,-0.0,28.0831148,0.0,-0.0,28.0831148
t168,0.0,-0.0,28.15175175,0.0,-0.0,28.15175175
t169,0.0,-0.0,28.28340479,0.0,-0.0,28.28340479
t170,0.0,-0.0,28.54868576,0.0,-0.0,28.54868576
t171,0.0,-0.0,28.80118729,0.0,0.0,28.80118729
t172,0.0,-0.0,29.04531601,0.0,0.0,29.04531601
t173,0.0,-0.0,29.29004533,0.0,-0.0,29.29004533
t174,0.0,-0.0,29.57443513,0.0,-0.0,29.57443513
t175,0.0,-0.0,29.92801041,0.0,-0.0,29.92801041
t176,0.0,-0.0,30.32305419,0.0,-0.0,30.32305419
t177,0.0,-0.0,30.73792819,0.0,0.0,30.73792819
t178,0.0,-0.0,31.25680079,0.0,-0.0,31.25680079
t179,0.0,-0.0,31.6674416,0.0,-0.0,31.6674416
t180,0.0,-0.0,32.07764174,0.0,-0.0,32.07764174
t181,0.0,-0.0,32.57024755,0.0,0.0,32.57024755
t182,0.0,-0.0,33.16318005,0.0,-0.0,33.16318005
t183,0.0,-0.0,33.72350283,0.0,-0.0,33.72350283
t184,0.0,-0.0,34.37989212,0.0,-0.0,34.37989212
t185,0.0,-0.0,34.92682149,0.0,-0.0,34.92682149
t186,0.0,-0.0,35.48829302,0.0,-0.0,35.48829302
t187,0.0,-0.0,36.09911983,0.0,-0.0,36.09911983
t188,0.0,-0.0,36.80967017,0.0,0.0,36.80967017
t189,0.0,-0.0,37.49157683,0.0,-0.0,37.49157683
t190,0.0,-0.0,38.18317829,0.0,0.0,38.18317829
t191,0.0,-0.0,38.98006525,0.0,-0.0,38.98006525
t192,0.0,-0.0,39.75095254,0.0,0.0,39.75095254
t193,0.0,-0.0,40.5540089,0.0,-0.0,40.5540089
t194,0.0,-0.0,41.40475239,0.0,-0.0,41.40475239
t195,0.0,-0.0,42.34627432,0.0,-0.0,42.34627432
t196,0.0,-0.0,43.24901711,0.0,-0.0,43.24901711
t197,0.0,-0.0,44.22989174,0.0,0.0,44.22989174
t198,0.0,-0.0,45.25483358,0.0,-0.0,45.25483358
t199,0.0,-0.0,46.34852025,0.0,-0.0,46.34852025
t200,0.0,-0.0,47.54249181,0.0,-0.0,47.54249181
t201,0.0,-0.0,48.68182004,0.0,0.0,48.68182004
t202,0.0,-0.0,49.88328302,0.0,0.0,49.88328302
t203,0.0,-0.0,51.06504807,0.0,-0.0,51.06504807
t204,0.0,-0.0,52.21993215,0.0,0.0,52.21993215
t205,0.0,-0.0,53.42725618,0.0,-0.0,53.42725618
t206,0.0,-0.0,53.9056813,0.0,0.0,53.9056813
t207,0.0,-0.0,54.35325936,0.0,-0.0,54.35325936
t208,0.0,-0.0,54.82287103,0.0,0.0,54.82287103
t209,0.0,-0.0,55.23134875,0.0,0.0,55.23134875
t210,0.0,-0.0,55.60369138,0.0,0.0,55.60369138
t211,0.0,-0.0,55.96325451,0.0,0.0,55.96325451
t212,0.0,-0.0,56.23986804,0.0,0.0,56.23986804
t213,0.0,-0.0,56.38427996,0.0,0.0,56.38427996
t214,0.0,-0.0,56.62255502,0.0,0.0,56.62255502
t215,0.0,-0.0,56.76073859,0.0,0.0,56.76073859
t216,0.0,-0.0,56.99014126,0.0,0.0,56.99014126
t217,0.0,-0.0,57.23320474,0.0,0.0,57.23320474
t218,0.0,-0.0,57.49588602,0.0,0.0,57.49588602
t219,0.0,-0.0,57.77002477,0.0,0.0,57.77002477
t220,0.0,-0.0,58.07765458,0.0,0.0,58.07765458
t221,0.0,-0.0,58.47493691,0.0,0.0,58.47493691
t222,0.0,-0.0,59.00089544,0.0,0.0,59.00089544
t223,0.0,-0.0,59.53743012,0.0,0.0,59.53743012
t224,0.0,-0.0,59.70421899,0.0,0.0,59.70421899
t225,0.0,-0.0,59.66168865,0.0,0.0,59.66168865
t226,0.0,-0.0,59.5627523,0.0,0.0,59.5627523
t227,0.0,-0.0,59.31308403,0.0,0.0,59.31308403
t228,0.0,-0.0,59.10483892,0.0,0.0,59.10483892
t229,0.0,-0.0,58.94771179,0.0,0.0,58.94771179
t230,0.0,-0.0,58.63111796,0.0,0.0,58.63111796
t231,0.0,-0.0,58.42909886,0.0,0.0,58.42909886
t232,0.0,-0.0,58.20416479,0.0,0.0,58.20416479
t233,0.0,-0.0,57.91436179,0.0,0.0,57.91436179
t234,0.0,-0.0,57.6695073,0.0,0.0,57.6695073
t235,0.0,-0.0,57.40173788,0.0,0.0,57.40173788
t236,0.0,-0.0,57.18653971,0.0,0.0,57.18653971
t237,0.0,-0.0,56.95239264,0.0,0.0,56.95239264
t238,0.0,-0.0,56.70811011,0.0,0.0,56.70811011
t239,0.0,-0.0,56.61273399,0.0,0.0,56.61273399
t240,0.0,-0.0,56.40454585,0.0,0.0,56.40454585
t241,0.0,-0.0,56.31489845,0.0,0.0,56.31489845
t242,0.0,-0.0,56.17392971,0.0,0.0,56.17392971
t243,0.0,-0.0,56.02546955,0.0,0.0,56.02546955
t244,0.0,-0.0,55.88582284,0.0,0.0,55.88582284
t245,0.0,-0.0,55.7058678,0.0,0.0,55.7058678
t246,0.0,-0.0,55.44218508,0.0,0.0,55.44218508
t247,0.0,-0.0,55.31951741,0.0,-0.0,55.31951741
t248,0.0,-0.0,54.9843992,0.0,-0.0,54.9843992
t249,0.0,-0.0,54.81409231,0.0,0.0,54.81409231
t250,0.0,-0.0,54.55036296,0.0,-0.0,54.55036296
t251,0.0,-0.0,54.24839989,0.0,-0.0,54.24839989
t252,0.0,-0.0,54.03501189,0.0,-0.0,54.03501189
t253,0.0,-0.0,53.73481149,0.0,-0.0,53.73481149
t254,0.0,-0.0,53.54322526,0.0,0.0,53.54322526
t255,0.0,-0.0,53.21459,0.0,-0.0,53.21459
t256,0.0,-0.0,52.9229712,0.0,0.0,52.9229712
t257,0.0,-0.0,52.6936459,0.0,-0.0,52.6936459
t258,0.0,-0.0,52.36384738,0.0,0.0,52.36384738
t259,0.0,-0.0,52.12262394,0.0,-0.0,52.12262394
t260,0.0,-0.0,51.80193783,0.0,0.0,51.80193783
t261,0.0,-0.0,51.48698045,0.0,-0.0,51.48698045
t262,0.0,-0.0,51.25178469,0.0,-0.0,51.25178469
t263,0.0,-0.0,50.88910848,0.0,-0.0,50.88910848
t264,0.0,-0.0,50.56212669,0.0,-0.0,50.56212669
t265,0.0,-0.0,50.22941616,0.0,-0.0,50.22941616
t266,0.0,-0.0,49.90811972,0.0,-0.0,49.90811972
t267,0.0,-0.0,49.64058528,0.0,-0.0,49.64058528
t268,0.0,-0.0,49.37657622,0.0,0.0,49.37657622
t269,0.0,-0.0,48.99348057,0.0,-0.0,48.99348057
t270,0.0,-0.0,48.65841819,0.0,-0.0,48.65841819
t271,0.0,-0.0,48.37579576,0.0,-0.0,48.37579576
t272,0.0,-0.0,48.03884918,0.0,-0.0,48.03884918
t273,0.0,-0.0,47.73142761,0.0,-0.0,47.73142761
t274,0.0,-0.0,47.49231019,0.0,-0.0,47.49231019
t275,0.0,-0.0,47.18131532,0.0,-0.0,47.18131532
t276,0.0,-0.0,46.83727005,0.0,-0.0,46.83727005
t277,0.0,-0.0,46.30373582,0.0,-0.0,46.30373582
t278,0.0,-0.0,45.89183363,0.0,-0.0,45.89183363
t279,0.0,-0.0,45.56850651,0.0,-0.0,45.56850651
t280,0.0,-0.0,45.32405968,0.0,-0.0,45.32405968
t281,0.0,-0.0,45.06786134,0.0,-0.0,45.06786134
t282,0.0,-0.0,44.77376522,0.0,-0.0,44.77376522
t283,0.0,-0.0,44.56736283,0.0,-0.0,44.56736283
t284,0.0,-0.0,44.23776184,0.0,-0.0,44.23776184
t285,0.0,-0.0,43.94077059,0.0,-0.0,43.94077059
t286,0.0,-0.0,43.73940515,0.0,0.0,43.73940515
t287,0.0,-0.0,43.47854899,0.0,-0.0,43.47854899
t288,0.0,-0.0,43.27762422,0.0,0.0,43.27762422
t289,0.0,-0.0,40.89433885,0.0,0.0,40.89433885
t290,0.0,-0.0,40.59056912,0.0,0.0,40.59056912
t291,0.0,-0.0,40.38462857,0.0,0.0,40.38462857
t292,0.0,-0.0,40.21173843,0.0,0.0,40.21173843
t293,0.0,-0.0,39.99830556,0.0,0.0,39.99830556
t294,0.0,-0.0,39.79192346,0.0,0.0,39.79192346
t295,0.0,-0.0,39.57760925,0.0,0.0,39.57760925
t296,0.0,-0.0,39.49047225,0.0,0.0,39.49047225
t297,0.0,-0.0,39.3945218,0.0,0.0,39.3945218
t298,0.0,-0.0,39.27257171,0.0,0.0,39.27257171
t299,0.0,-0.0,39.14014051,0.0,0.0,39.14014051
t300,0.0,-0.0,39.08923362,0.0,0.0,39.08923362
t301,0.0,-0.0,38.95107367,0.0,0.0,38.95107367
t302,0.0,-0.0,38.7608446,0.0,0.0,38.7608446
t303,0.0,-0.0,38.70898653,0.0,0.0,38.70898653
t304,0.0,-0.0,38.59146832,0.0,0.0,38.59146832
t305,0.0,-0.0,38.57898239,0.0,0.0,38.57898239
t306,0.0,-0.0,38.5532763,0.0,0.0,38.5532763
t307,0.0,-0.0,38.50024852,0.0,0.0,38.50024852
t308,0.0,-0.0,38.47690841,0.0,0.0,38.47690841
t309,0.0,-0.0,38.40685704,0.0,0.0,38.40685704
t310,0.0,-0.0,38.30022989,0.0,0.0,38.30022989
t311,0.0,-0.0,38.34534632,0.0,0.0,38.34534632
t312,0.0,-0.0,38.29219289,0.0,0.0,38.29219289
t313,0.0,-0.0,38.30161487,0.0,0.0,38.30161487
t314,0.0,-0.0,38.25261916,0.0,0.0,38.25261916
t315,0.0,-0.0,38.20582681,0.0,0.0,38.20582681
t316,0.0,-0.0,38.07574745,0.0,0.0,38.07574745
t317,0.0,-0.0,38.08095425,0.0,0.0,38.08095425
t318,0.0,-0.0,37.99009455,0.0,0.0,37.99009455
t319,0.0,-0.0,37.99353866,0.0,0.0,37.99353866
t320,0.0,-0.0,37.93248562,0.0,0.0,37.93248562
t321,0.0,-0.0,37.91109307,0.0,0.0,37.91109307
t322,0.0,-0.0,37.90997143,0.0,0.0,37.90997143
t323,0.0,-0.0,37.90920652,0.0,0.0,37.90920652
t324,0.0,-0.0,37.84586617,0.0,0.0,37.84586617
t325,0.0,-0.0,37.92794758,0.0,0.0,37.92794758
t326,0.0,-0.0,37.92409541,0.0,0.0,37.92409541
t327,0.0,-0.0,37.92420928,0.0,0.0,37.92420928
t328,0.0,-0.0,37.90757762,0.0,0.0,37.90757762
t329,0.0,-0.0,37.94789721,0.0,0.0,37.94789721
t330,0.0,-0.0,37.91021785,0.0,0.0,37.91021785
t331,0.0,-0.0,37.95141877,0.0,0.0,37.95141877
t332,0.0,-0.0,37.96265319,0.0,0.0,37.96265319
t333,0.0,-0.0,38.00870071,0.0,0.0,38.00870071
t334,0.0,-0.0,38.04417208,0.0,0.0,38.04417208
t335,0.0,-0.0,38.08123675,0.0,0.0,38.08123675
t336,0.0,-0.0,38.2099612,0.0,0.0,38.2099612
t337,0.0,-0.0,38.37173605,0.0,0.0,38.37173605
t338,0.0,-0.0,38.57300108,0.0,0.0,38.57300108
t339,0.0,-0.0,38.69538579,0.0,0.0,38.69538579
t340,0.0,-0.0,38.7803134,0.0,0.0,38.7803134
t341,0.0,-0.0,38.8734622,0.0,0.0,38.8734622
t342,0.0,-0.0,39.06532151,0.0,0.0,39.06532151
t343,0.0,-0.0,39.26158754,0.0,0.0,39.26158754
t344,0.0,-0.0,39.39683727,0.0,0.0,39.39683727
t345,0.0,-0.0,39.49198585,0.0,0.0,39.49198585
t346,0.0,-0.0,39.61798147,0.0,0.0,39.61798147
t347,0.0,-0.0,39.82811739,0.0,0.0,39.82811739
t348,0.0,-0.0,40.07042236,0.0,0.0,40.07042236
t349,0.0,-0.0,40.47136928,0.0,0.0,40.47136928
t350,0.0,-0.0,40.87366284,0.0,0.0,40.87366284
t351,0.0,-0.0,41.21822841,0.0,0.0,41.21822841
t352,0.0,-0.0,41.59187831,0.0,0.0,41.59187831
t353,0.0,-0.0,41.91290414,0.0,0.0,41.91290414
t354,0.0,-0.0,42.28813262,0.0,-0.0,42.28813262
t355,0.0,-0.0,42.79512206,0.0,-0.0,42.79512206
t356,0.0,-0.0,43.33624105,0.0,0.0,43.33624105
t357,0.0,-0.0,43.78041218,0.0,0.0,43.78041218
t358,0.0,-0.0,44.415835,0.0,0.0,44.415835
t359,0.0,-0.0,44.9752961,0.0,0.0,44.9752961
t360,0.0,-0.0,45.62377295,0.0,0.0,45.62377295
t361,0.0,-0.0,46.54722914,0.0,0.0,46.54722914
t362,0.0,-0.0,47.35471687,0.0,0.0,47.35471687
t363,0.0,-0.0,47.98549512,0.0,0.0,47.98549512
t364,0.0,-0.0,48.53210502,0.0,0.0,48.53210502
t365,0.0,-0.0,48.95600998,0.0,0.0,48.95600998
t366,0.0,-0.0,49.25388275,0.0,0.0,49.25388275
t367,0.0,-0.0,49.79148111,0.0,0.0,49.79148111
t368,0.0,-0.0,50.20332125,0.0,0.0,50.20332125
t369,0.0,-0.0,50.45784149,0.0,0.0,50.45784149
t370,0.0,-0.0,50.79344541,0.0,0.0,50.79344541
t371,0.0,-0.0,50.96580957,0.0,0.0,50.96580957
t372,0.0,-0.0,51.18356296,0.0,0.0,51.18356296
t373,0.0,-0.0,51.85344582,0.0,0.0,51.85344582
t374,0.0,-0.0,52.36656273,0.0,-0.0,52.36656273
t375,0.0,-0.0,52.3865677,0.0,-0.0,52.3865677
t376,0.0,-0.0,52.48985966,0.0,-0.0,52.48985966
t377,0.0,-0.0,52.42997943,0.0,-0.0,52.42997943
t378,0.0,-0.0,52.42562388,0.0,-0.0,52.42562388
t379,0.0,-0.0,52.61736736,0.0,-0.0,52.61736736
t380,0.0,-0.0,52.6499554,0.0,-0.0,52.6499554
t381,0.0,-0.0,52.59484973,0.0,0.0,52.59484973
t382,0.0,-0.0,52.52387985,0.0,-0.0,52.52387985
t383,0.0,-0.0,52.38920943,0.0,-0.0,52.38920943
t384,0.0,-0.0,52.31887711,0.0,-0.0,52.31887711
t385,0.0,-0.0,52.57287939,0.0,0.0,52.57287939
t386,0.0,-0.0,52.50900758,0.0,-0.0,52.50900758
t387,0.0,-0.0,52.08775078,0.0,-0.0,52.08775078
t388,0.0,-0.0,51.5951051,0.0,-0.0,51.5951051
t389,0.0,-0.0,50.96117265,0.0,-0.0,50.96117265
t390,0.0,-0.0,50.22764832,0.0,-0.0,50.22764832
t391,0.0,-0.0,49.67656222,0.0,-0.0,49.67656222
t392,0.0,-0.0,47.29712676,0.0,-0.0,47.29712676
t393,0.0,-0.0,44.93267416,0.0,-0.0,44.93267416
t394,0.0,-0.0,42.59598387,0.0,-0.0,42.59598387
t395,0.0,-0.0,40.40813306,0.0,-0.0,40.40813306
t396,0.0,-0.0,38.25818003,0.0,-0.0,38.25818003
t397,0.0,-0.0,36.25408943,0.0,-0.0,36.25408943
t398,0.0,-0.0,38.89048116,0.0,-0.0,38.89048116
t399,0.0,-0.0,41.45151795,0.0,-0.0,41.45151795
t400,0.0,-0.0,44.18617953,0.0,0.0,44.18617953
t401,0.0,-0.0,46.81710278,0.0,-0.0,46.81710278
t402,0.0,-0.0,49.40087412,0.0,-0.0,49.40087412
t403,0.0,-0.0,52.13799931,0.0,-0.0,52.13799931
t404,0.0,-0.0,52.00859981,0.0,-0.0,52.00859981
t405,0.0,-0.0,51.87920032,0.0,-0.0,51.87920032
t406,0.0,-0.0,51.79078331,0.0,0.0,51.79078331
t407,0.0,-0.0,51.65572641,0.0,0.0,51.65572641
t408,0.0,-0.0,51.61893935,0.0,0.0,51.61893935
t409,0.0,-0.0,51.60242321,0.0,0.0,51.60242321
t410,0.0,-0.0,50.85142174,0.0,0.0,50.85142174
t411,0.0,-0.0,50.10879304,0.0,-0.0,50.10879304
t412,0.0,-0.0,49.42036697,0.0,0.0,49.42036697
t413,0.0,-0.0,48.67516792,0.0,0.0,48.67516792
t414,0.0,-0.0,47.92864686,0.0,0.0,47.92864686
t415,0.0,-0.0,47.2041594,0.0,-0.0,47.2041594
t416,0.0,-0.0,47.60073227,0.0,-0.0,47.60073227
t417,0.0,-0.0,48.00347456,0.0,-0.0,48.00347456
t418,0.0,-0.0,48.38682729,0.0,-0.0,48.38682729
t419,0.0,-0.0,48.86546615,0.0,-0.0,48.86546615
t420,0.0,-0.0,49.25200458,0.0,-0.0,49.25200458
t421,0.0,-0.0,49.7156606,0.0,-0.0,49.7156606
t422,0.0,-0.0,49.88854594,0.0,-0.0,49.88854594
t423,0.0,-0.0,49.93187371,0.0,-0.0,49.93187371
t424,0.0,-0.0,50.08448812,0.0,0.0,50.08448812
t425,0.0,-0.0,50.16485706,0.0,0.0,50.16485706
t426,0.0,-0.0,50.15268485,0.0,0.0,50.15268485
t427,0.0,-0.0,50.18810523,0.0,0.0,50.18810523
t428,0.0,-0.0,50.04720947,0.0,0.0,50.04720947
t429,0.0,-0.0,49.77543412,0.0,0.0,49.77543412
t430,0.0,-0.0,49.60942006,0.0,0.0,49.60942006
t431,0.0,-0.0,49.45981124,0.0,0.0,49.45981124
t432,0.0,-0.0,49.34633753,0.0,0.0,49.34633753
t433,0.0,-0.0,63.97966838,0.0,-0.0,63.97966838
t434,0.0,-0.0,64.50777457,0.0,-0.0,64.50777457
t435,0.0,-0.0,64.96096654,0.0,-0.0,64.96096654
t436,0.0,-0.0,65.51727572,0.0,0.0,65.51727572
t437,0.0,-0.0,65.93280603,0.0,-0.0,65.93280603
t438,0.0,-0.0,66.44440287,0.0,0.0,66.44440287
t439,0.0,-0.0,67.00094821,0.0,-0.0,67.00094821
t440,0.0,-0.0,67.34410408,0.0,-0.0,67.34410408
t441,0.0,-0.0,67.8639694,0.0,-0.0,67.8639694
t442,0.0,-0.0,68.37237725,0.0,-0.0,68.37237725
t443,0.0,-0.0,68.88505851,0.0,-0.0,68.88505851
t444,0.0,-0.0,69.30696132,0.0,-0.0,69.30696132
t445,0.0,-0.0,69.93950536,0.0,-0.0,69.93950536
t446,0.0,-0.0,70.6924042,0.0,-0.0,70.6924042
t447,0.0,-0.0,71.18530653,0.0,-0.0,71.18530653
t448,0.0,-0.0,71.69759836,0.0,-0.0,71.69759836
t449,0.0,-0.0,72.12519863,0.0,-0.0,72.12519863
t450,0.0,-0.0,72.5113757,0.0,-0.0,72.5113757
t451,0.0,-0.0,72.96938227,0.0,-0.0,72.96938227
t452,0.0,-0.0,73.65162113,0.0,-0.0,73.65162113
t453,0.0,-0.0,74.1690486,0.0,-0.0,74.1690486
t454,0.0,-0.0,74.77945786,0.0,-0.0,74.77945786
t455,0.0,-0.0,75.27042278,0.0,-0.0,75.27042278
t456,0.0,-0.0,75.77857402,0.0,-0.0,75.77857402
t457,0.0,-0.0,76.16377764,0.0,-0.0,76.16377764
t458,0.0,-0.0,76.73772963,0.0,-0.0,76.73772963
t459,0.0,-0.0,77.32666434,0.0,-0.0,77.32666434
t460,0.0,-0.0,77.91427713,0.0,-0.0,77.91427713
t461,0.0,-0.0,78.52232066,0.0,-0.0,78.52232066
t462,0.0,-0.0,79.04575521,0.0,-0.0,79.04575521
t463,0.0,-0.0,79.57668124,0.0,-0.0,79.57668124
t464,0.0,-0.0,80.22577102,0.0,-0.0,80.22577102
t465,0.0,-0.0,80.73560859,0.0,-0.0,80.73560859
t466,0.0,-0.0,81.44066377,0.0,-0.0,81.44066377
t467,0.0,-0.0,82.19480708,0.0,0.0,82.19480708
t468,0.0,-0.0,82.73081769,0.0,0.0,82.73081769
t469,0.0,-0.0,83.2954721,0.0,-0.0,83.2954721
t470,0.0,-0.0,83.9263811,0.0,0.0,83.9263811
t471,0.0,-0.0,84.600476,0.0,-0.0,84.600476
t472,0.0,-0.0,85.3437565,0.0,0.0,85.3437565
t473,0.0,-0.0,85.72066521,0.0,-0.0,85.72066521
t474,0.0,-0.0,86.127099,0.0,-0.0,86.127099
t475,0.0,-0.0,86.5727525,0.0,-0.0,86.5727525
t476,0.0,-0.0,87.24490218,0.0,-0.0,87.24490218
t477,0.0,-0.0,87.83949357,0.0,-0.0,87.83949357
t478,0.0,-0.0,88.35167936,0.0,-0.0,88.35167936
t479,0.0,-0.0,89.00220091,0.0,0.0,89.00220091
t480,0.0,-0.0,89.60512998,0.0,-0.0,89.60512998
t481,0.0,-0.0,90.08775563,0.0,-0.0,90.08775563
t482,0.0,-0.0,90.64115718,0.0,-0.0,90.64115718
t483,0.0,-0.0,91.37126832,0.0,0.0,91.37126832
t484,0.0,-0.0,91.99209276,0.0,-0.0,91.99209276
t485,0.0,-0.0,92.57162694,0.0,0.0,92.57162694
t486,0.0,-0.0,92.99295981,0.0,0.0,92.99295981
t487,0.0,-0.0,93.37066618,0.0,-0.0,93.37066618
t488,0.0,-0.0,93.83876356,0.0,0.0,93.83876356
t489,0.0,-0.0,94.46858755,0.0,-0.0,94.46858755
t490,0.0,-0.0,95.02217532,0.0,-0.0,95.02217532
t491,0.0,-0.0,95.45559188,0.0,-0.0,95.45559188
t492,0.0,-0.0,95.86829685,0.0,-0.0,95.86829685
t493,0.0,-0.0,96.03951361,0.0,-0.0,96.03951361
t494,0.0,-0.0,96.28972629,0.0,-0.0,96.28972629
t495,0.0,-0.0,96.45929607,0.0,-0.0,96.45929607
t496,0.0,-0.0,96.91970926,0.0,-0.0,96.91970926
t497,0.0,-0.0,97.4864439,0.0,0.0,97.4864439
t498,0.0,-0.0,98.02938234,0.0,-0.0,98.02938234
t499,0.0,-0.0,98.53221948,0.0,0.0,98.53221948
t500,0.0,-0.0,98.94382814,0.0,-0.0,98.94382814
t501,0.0,-0.0,99.43307901873345,0.0,0.0,99.43307901873345
t502,0.0,-0.0,99.81640075,0.0,0.0,99.81640075
t503,0.0,-0.0,100.21359919999999,0.0,-0.0,100.21359919999999
t504,-0.0,-0.0,100.3546352,0.01958039999999528,-0.0,100.3742156
t505,0.0,-0.0,100.1062491,0.0,-0.0,100.1062491
t506,0.0,-0.0,99.92007357,0.0,0.0,99.92007357
t507,0.0,-0.0,99.98822474,0.0,-0.0,99.98822474
t508,0.0,-0.0,100.147536,0.0,-0.0,100.147536
t509,0.0,-0.0,100.334424,0.0,0.0,100.334424
t510,-0.0,-0.0,100.3546352,0.01958039999999528,-0.0,100.3742156
t511,-0.0,-0.0,100.3546352,0.01958039999999528,-0.0,100.3742156
t512,-0.0,-0.0,100.3546352,0.0,-0.0,100.3546352
t513,0.0,-0.0,100.1875336,0.0,-0.0,100.1875336
t514,0.0,-0.0,99.8842643,0.0,-0.0,99.8842643
t515,0.0,-0.0,99.66734466,0.0,0.0,99.66734466
t516,0.0,-0.0,99.41605259,0.0,0.0,99.41605259
t517,0.0,-0.0,98.91489951,0.0,0.0,98.91489951
t518,0.0,-0.0,98.46874811,0.0,0.0,98.46874811
t519,0.0,-0.0,98.06181652,0.0,0.0,98.06181652
t520,0.0,-0.0,97.67603718,0.0,-0.0,97.67603718
t521,0.0,-0.0,97.21084671,0.0,-0.0,97.21084671
t522,0.0,-0.0,96.77429992,0.0,-0.0,96.77429992
t523,0.0,-0.0,96.31483817,0.0,-0.0,96.31483817
t524,0.0,-0.0,95.96876041,0.0,-0.0,95.96876041
t525,0.0,-0.0,95.52926019,0.0,-0.0,95.52926019
t526,0.0,-0.0,95.20036863,0.0,0.0,95.20036863
t527,0.0,-0.0,94.62818541,0.0,-0.0,94.62818541
t528,0.0,-0.0,94.08993395,0.0,-0.0,94.08993395
t529,0.0,-0.0,93.55608917,0.0,-0.0,93.55608917
t530,0.0,-0.0,93.11149742,0.0,-0.0,93.11149742
t531,0.0,-0.0,92.6351773,0.0,-0.0,92.6351773
t532,0.0,-0.0,92.2906181,0.0,-0.0,92.2906181
t533,0.0,-0.0,91.89958118,0.0,0.0,91.89958118
t534,0.0,-0.0,91.55878087,0.0,-0.0,91.55878087
t535,0.0,-0.0,91.12720211,0.0,0.0,91.12720211
t536,0.0,-0.0,90.70174615,0.0,-0.0,90.70174615
t537,0.0,-0.0,90.15819008,0.0,0.0,90.15819008
t538,0.0,-0.0,89.50490668,0.0,0.0,89.50490668
t539,0.0,-0.0,88.58027407,0.0,-0.0,88.58027407
t540,0.0,-0.0,87.38462817,0.0,0.0,87.38462817
t541,0.0,-0.0,86.18633824,0.0,-0.0,86.18633824
t542,0.0,-0.0,85.03144301,0.0,-0.0,85.03144301
t543,0.0,-0.0,83.95498739,0.0,-0.0,83.95498739
t544,0.0,-0.0,82.80714288,0.0,-0.0,82.80714288
t545,0.0,-0.0,81.81765839,0.0,-0.0,81.81765839
t546,0.0,-0.0,80.66776927,0.0,0.0,80.66776927
t547,0.0,-0.0,79.58882836,0.0,-0.0,79.58882836
t548,0.0,-0.0,78.66001488,0.0,0.0,78.66001488
t549,0.0,-0.0,77.74354022,0.0,0.0,77.74354022
t550,0.0,-0.0,76.83147229,0.0,-0.0,76.83147229
t551,0.0,-0.0,75.94219302,0.0,-0.0,75.94219302
t552,0.0,-0.0,74.84844196,0.0,-0.0,74.84844196
t553,0.0,-0.0,73.51099926,0.0,-0.0,73.51099926
t554,0.0,-0.0,72.33039244,0.0,-0.0,72.33039244
t555,0.0,-0.0,71.7936074,0.0,-0.0,71.7936074
t556,0.0,-0.0,71.17177267,0.0,-0.0,71.17177267
t557,0.0,-0.0,70.53044324,0.0,0.0,70.53044324
t558,0.0,-0.0,69.89616455,0.0,0.0,69.89616455
t559,0.0,-0.0,69.19402239,0.0,-0.0,69.19402239
t560,0.0,-0.0,68.56623228,0.0,0.0,68.56623228
t561,0.0,-0.0,67.94417089,0.0,-0.0,67.94417089
t562,0.0,-0.0,67.26790686,0.0,-0.0,67.26790686
t563,0.0,-0.0,66.60701842,0.0,-0.0,66.60701842
t564,0.0,-0.0,65.94348595,0.0,0.0,65.94348595
t565,0.0,-0.0,65.23808965,0.0,-0.0,65.23808965
t566,0.0,-0.0,64.50802228,0.0,-0.0,64.50802228
t567,0.0,-0.0,63.88591952,0.0,-0.0,63.88591952
t568,0.0,-0.0,63.43083148,0.0,-0.0,63.43083148
t569,0.0,-0.0,62.94900909,0.0,-0.0,62.94900909
t570,0.0,-0.0,62.27108767,0.0,-0.0,62.27108767
t571,0.0,-0.0,61.6927581,0.0,0.0,61.6927581
t572,0.0,-0.0,61.11594012,0.0,-0.0,61.11594012
t573,0.0,-0.0,60.56468112,0.0,-0.0,60.56468112
t574,0.0,-0.0,60.05792998,0.0,-0.0,60.05792998
t575,0.0,-0.0,59.54809414,0.0,0.0,59.54809414
t576,0.0,-0.0,59.03473292,0.0,-0.0,59.03473292
t577,0.0,-0.0,25.82997678,0.0,-0.0,25.82997678
t578,0.0,-0.0,25.97520623,0.0,-0.0,25.97520623
t579,0.0,-0.0,26.09002935,0.0,-0.0,26.09002935
t580,0.0,-0.0,26.0448885,0.0,0.0,26.0448885
t581,0.0,-0.0,26.11588055,0.0,0.0,26.11588055
t582,0.0,-0.0,26.1586696,0.0,-0.0,26.1586696
t583,0.0,-0.0,26.23671241,0.0,0.0,26.23671241
t584,0.0,-0.0,26.48834542,0.0,-0.0,26.48834542
t585,0.0,-0.0,26.69635188,0.0,-0.0,26.69635188
t586,0.0,-0.0,26.87130795,0.0,-0.0,26.87130795
t587,0.0,-0.0,27.08711319,0.0,0.0,27.08711319
t588,0.0,-0.0,27.30468112,0.0,0.0,27.30468112
t589,0.0,-0.0,27.49669008,0.0,-0.0,27.49669008
t590,0.0,-0.0,27.8334834,0.0,-0.0,27.8334834
t591,0.0,-0.0,28.11122666,0.0,-0.0,28.11122666
t592,0.0,-0.0,28.33476728,0.0,-0.0,28.33476728
t593,0.0,-0.0,28.55822527,0.0,-0.0,28.55822527
t594,0.0,-0.0,28.75876831,0.0,-0.0,28.75876831
t595,0.0,-0.0,29.01615805,0.0,0.0,29.01615805
t596,0.0,-0.0,29.47550847,0.0,-0.0,29.47550847
t597,0.0,-0.0,29.8039793,0.0,-0.0,29.8039793
t598,0.0,-0.0,30.08529821,0.0,0.0,30.08529821
t599,0.0,-0.0,30.45957675,0.0,0.0,30.45957675
t600,0.0,-0.0,30.671688,0.0,-0.0,30.671688
t601,0.0,-0.0,30.97017094,0.0,0.0,30.97017094
t602,0.0,-0.0,31.42340049,0.0,-0.0,31.42340049
t603,0.0,-0.0,31.82947813,0.0,-0.0,31.82947813
t604,0.0,-0.0,32.25097928,0.0,-0.0,32.25097928
t605,0.0,-0.0,32.66558958,0.0,-0.0,32.66558958
t606,0.0,-0.0,33.04626815,0.0,-0.0,33.04626815
t607,0.0,-0.0,33.51155574,0.0,-0.0,33.51155574
t608,0.0,-0.0,34.04330634,0.0,-0.0,34.04330634
t609,0.0,-0.0,34.67068274,0.0,-0.0,34.67068274
t610,0.0,-0.0,35.21477217,0.0,-0.0,35.21477217
t611,0.0,-0.0,35.80706835,0.0,-0.0,35.80706835
t612,0.0,-0.0,36.22882447,0.0,-0.0,36.22882447
t613,0.0,-0.0,36.84579828,0.0,-0.0,36.84579828
t614,0.0,-0.0,37.56696456,0.0,-0.0,37.56696456
t615,0.0,-0.0,38.14314976,0.0,-0.0,38.14314976
t616,0.0,-0.0,38.81584212,0.0,-0.0,38.81584212
t617,0.0,-0.0,39.4870392,0.0,-0.0,39.4870392
t618,0.0,-0.0,40.08288139,0.0,-0.0,40.08288139
t619,0.0,-0.0,40.72279075,0.0,-0.0,40.72279075
t620,0.0,-0.0,41.48832665,0.0,-0.0,41.48832665
t621,0.0,-0.0,42.37108131,0.0,-0.0,42.37108131
t622,0.0,-0.0,43.14058326,0.0,-0.0,43.14058326
t623,0.0,-0.0,43.97967627,0.0,-0.0,43.97967627
t624,0.0,-0.0,44.81744726,0.0,-0.0,44.81744726
t625,0.0,-0.0,45.61335441,0.0,-0.0,45.61335441
t626,0.0,-0.0,46.55795074,0.0,-0.0,46.55795074
t627,0.0,-0.0,47.41000595,0.0,0.0,47.41000595
t628,0.0,-0.0,48.44317734,0.0,-0.0,48.44317734
t629,0.0,-0.0,49.42800771,0.0,0.0,49.42800771
t630,0.0,-0.0,50.37670299,0.0,0.0,50.37670299
t631,0.0,-0.0,51.44349835,0.0,-0.0,51.44349835
t632,0.0,-0.0,51.82025562,0.0,-0.0,51.82025562
t633,0.0,-0.0,52.29131668,0.0,-0.0,52.29131668
t634,0.0,-0.0,52.7694285,0.0,-0.0,52.7694285
t635,0.0,-0.0,53.2798417,0.0,0.0,53.2798417
t636,0.0,-0.0,53.69859511,0.0,0.0,53.69859511
t637,0.0,-0.0,54.18300866,0.0,0.0,54.18300866
t638,0.0,-0.0,54.61868858,0.0,0.0,54.61868858
t639,0.0,-0.0,54.93098034,0.0,0.0,54.93098034
t640,0.0,-0.0,55.21815381,0.0,0.0,55.21815381
t641,0.0,-0.0,55.43582056,0.0,0.0,55.43582056
t642,0.0,-0.0,55.69667317,0.0,0.0,55.69667317
t643,0.0,-0.0,55.9306448,0.0,0.0,55.9306448
t644,0.0,-0.0,56.05566715,0.0,0.0,56.05566715
t645,0.0,-0.0,56.19346899,0.0,0.0,56.19346899
t646,0.0,-0.0,56.30615252,0.0,0.0,56.30615252
t647,0.0,-0.0,56.48443724,0.0,0.0,56.48443724
t648,0.0,-0.0,56.66051859,0.0,0.0,56.66051859
t649,0.0,-0.0,57.00714001,0.0,0.0,57.00714001
t650,0.0,-0.0,57.23721156,0.0,0.0,57.23721156
t651,0.0,-0.0,57.40338565,0.0,0.0,57.40338565
t652,0.0,-0.0,57.2368524,0.0,0.0,57.2368524
t653,0.0,-0.0,57.07580331,0.0,0.0,57.07580331
t654,0.0,-0.0,56.85526348,0.0,0.0,56.85526348
t655,0.0,-0.0,56.6514692,0.0,0.0,56.6514692
t656,0.0,-0.0,56.49656749,0.0,0.0,56.49656749
t657,0.0,-0.0,56.40556325,0.0,0.0,56.40556325
t658,0.0,-0.0,56.29296605,0.0,0.0,56.29296605
t659,0.0,-0.0,56.2949215,0.0,0.0,56.2949215
t660,0.0,-0.0,56.18053954,0.0,0.0,56.18053954
t661,0.0,-0.0,55.94585412,0.0,0.0,55.94585412
t662,0.0,-0.0,55.84254554,0.0,0.0,55.84254554
t663,0.0,-0.0,55.79035492,0.0,0.0,55.79035492
t664,0.0,-0.0,55.74257101,0.0,0.0,55.74257101
t665,0.0,-0.0,55.68059541,0.0,0.0,55.68059541
t666,0.0,-0.0,55.57763732,0.0,0.0,55.57763732
t667,0.0,-0.0,55.48878073,0.0,0.0,55.48878073
t668,0.0,-0.0,55.36788636,0.0,0.0,55.36788636
t669,0.0,-0.0,55.23950058,0.0,0.0,55.23950058
t670,0.0,-0.0,55.06969161,0.0,0.0,55.06969161
t671,0.0,-0.0,54.92055351,0.0,0.0,54.92055351
t672,0.0,-0.0,54.71324672,0.0,0.0,54.71324672
t673,0.0,-0.0,54.41251743,0.0,0.0,54.41251743
t674,0.0,-0.0,54.21382066,0.0,0.0,54.21382066
t675,0.0,-0.0,54.00498843,0.0,0.0,54.00498843
t676,0.0,-0.0,53.92086639,0.0,0.0,53.92086639
t677,0.0,-0.0,53.72725051,0.0,0.0,53.72725051
t678,0.0,-0.0,53.49397418,0.0,0.0,53.49397418
t679,0.0,-0.0,53.29330756,0.0,0.0,53.29330756
t680,0.0,-0.0,53.06703533,0.0,0.0,53.06703533
t681,0.0,-0.0,52.9288975,0.0,-0.0,52.9288975
t682,0.0,-0.0,52.76431934,0.0,0.0,52.76431934
t683,0.0,-0.0,52.56679554,0.0,-0.0,52.56679554
t684,0.0,-0.0,52.31727244,0.0,-0.0,52.31727244
t685,0.0,-0.0,52.02897019,0.0,-0.0,52.02897019
t686,0.0,-0.0,51.82724848,0.0,-0.0,51.82724848
t687,0.0,-0.0,51.52064684,0.0,-0.0,51.52064684
t688,0.0,-0.0,51.2973322,0.0,-0.0,51.2973322
t689,0.0,-0.0,50.98075385,0.0,-0.0,50.98075385
t690,0.0,-0.0,50.7205815,0.0,-0.0,50.7205815
t691,0.0,-0.0,50.39739306,0.0,-0.0,50.39739306
t692,0.0,-0.0,50.03616513,0.0,-0.0,50.03616513
t693,0.0,-0.0,49.75822418,0.0,-0.0,49.75822418
t694,0.0,-0.0,49.38245408,0.0,-0.0,49.38245408
t695,0.0,-0.0,49.05194692,0.0,-0.0,49.05194692
t696,0.0,-0.0,48.66283037,0.0,-0.0,48.66283037
t697,0.0,-0.0,48.3371706,0.0,0.0,48.3371706
t698,0.0,-0.0,47.97445099,0.0,-0.0,47.97445099
t699,0.0,-0.0,47.54695262,0.0,-0.0,47.54695262
t700,0.0,-0.0,47.12870833,0.0,-0.0,47.12870833
t701,0.0,-0.0,46.76896832,0.0,-0.0,46.76896832
t702,0.0,-0.0,46.39424545,0.0,-0.0,46.39424545
t703,0.0,-0.0,46.04684424,0.0,-0.0,46.04684424
t704,0.0,-0.0,45.7187111,0.0,-0.0,45.7187111
t705,0.0,-0.0,45.41305221,0.0,-0.0,45.41305221
t706,0.0,-0.0,45.08447839,0.0,-0.0,45.08447839
t707,0.0,-0.0,44.73778907,0.0,-0.0,44.73778907
t708,0.0,-0.0,44.39065911,0.0,-0.0,44.39065911
t709,0.0,-0.0,43.89414132,0.0,-0.0,43.89414132
t710,0.0,-0.0,43.48973056,0.0,-0.0,43.48973056
t711,0.0,-0.0,43.16640342,0.0,-0.0,43.16640342
t712,0.0,-0.0,42.85849984,0.0,-0.0,42.85849984
t713,0.0,-0.0,42.60230151,0.0,-0.0,42.60230151
t714,0.0,-0.0,42.31040875,0.0,-0.0,42.31040875
t715,0.0,-0.0,42.05244773,0.0,-0.0,42.05244773
t716,0.0,-0.0,41.70037247,0.0,-0.0,41.70037247
t717,0.0,-0.0,41.44480439,0.0,-0.0,41.44480439
t718,0.0,-0.0,41.21038853,0.0,0.0,41.21038853
t719,0.0,-0.0,40.96715925,0.0,-0.0,40.96715925
t720,0.0,-0.0,40.7093878,0.0,-0.0,40.7093878
