BalanceComponent,Generation,Storage_Discharge,Storage_Charge,Flexible_Demand_Defer,Flexible_Demand_Stasify,Demand_Response,Nonserved_Energy,Transmission_NetExport,Transmission_Losses,Demand
Zone,1,1,1,1,1,1,1,1,1,1
AnnualSum,4.765071742179087e6,2.571054821786062e6,-3.037635659009995e6,0.0,0.0,0.0,0.0,0.0,0.0,-4.298490904955146e6
t1,133.97415683126928,0.0,-106.96050325126929,0.0,0.0,0.0,0.0,0.0,0.0,-27.01365358
t2,134.2700347144563,0.0,-107.2883143744563,0.0,0.0,0.0,0.0,0.0,0.0,-26.98172034
t3,134.56591240697384,0.0,-107.70866642697383,0.0,0.0,0.0,0.0,0.0,0.0,-26.85724598
t4,134.86179029016017,0.0,-108.14576422016017,0.0,0.0,0.0,0.0,0.0,0.0,-26.71602607
t5,135.1576681733465,0.0,-108.52930452334651,0.0,0.0,0.0,0.0,0.0,0.0,-26.62836365
t6,135.45354586586407,0.0,-108.98775888586407,0.0,0.0,0.0,0.0,0.0,0.0,-26.46578698
t7,135.74942374905038,0.0,-109.32767266905037,0.0,0.0,0.0,0.0,0.0,0.0,-26.42175108
t8,136.19805133744524,0.0,-109.78480489744524,0.0,0.0,0.0,0.0,0.0,0.0,-26.41324644
t9,136.64667873517132,0.0,-110.19919174517132,0.0,0.0,0.0,0.0,0.0,0.0,-26.44748699
t10,137.09530632356615,0.0,-110.64045980356615,0.0,0.0,0.0,0.0,0.0,0.0,-26.45484652
t11,137.543933911961,0.0,-110.993726781961,0.0,0.0,0.0,0.0,0.0,0.0,-26.55020713
t12,137.9925613096871,0.0,-111.4214671196871,0.0,0.0,0.0,0.0,0.0,0.0,-26.57109419
t13,138.44118889808195,0.0,-111.76239524808194,0.0,0.0,0.0,0.0,0.0,0.0,-26.67879365
t14,139.00130585222843,0.0,-112.17370003222842,0.0,0.0,0.0,0.0,0.0,0.0,-26.82760582
t15,139.56142280637494,0.0,-112.57046261637494,0.0,0.0,0.0,0.0,0.0,0.0,-26.99096019
t16,140.12153995119021,0.0,-112.99234369119021,0.0,0.0,0.0,0.0,0.0,0.0,-27.12919626
t17,140.68165690533672,0.0,-113.47732328533672,0.0,0.0,0.0,0.0,0.0,0.0,-27.20433362
t18,141.24177385948323,0.0,-113.97199767948322,0.0,0.0,0.0,0.0,0.0,0.0,-27.26977618
t19,141.80189081362974,0.0,-114.44287576362974,0.0,0.0,0.0,0.0,0.0,0.0,-27.35901505
t20,142.39333140453348,0.0,-114.79996457453348,0.0,0.0,0.0,0.0,0.0,0.0,-27.59336683
t21,142.98477218610597,0.0,-115.21213755610597,0.0,0.0,0.0,0.0,0.0,0.0,-27.77263463
t22,143.57621277700972,0.0,-115.65824208700971,0.0,0.0,0.0,0.0,0.0,0.0,-27.91797069
t23,144.16765336791343,0.0,-116.08453856791343,0.0,0.0,0.0,0.0,0.0,0.0,-28.0831148
t24,144.75909414948595,0.0,-116.60734239948594,0.0,0.0,0.0,0.0,0.0,0.0,-28.15175175
t25,145.35053474038966,0.0,-117.06712995038967,0.0,0.0,0.0,0.0,0.0,0.0,-28.28340479
t26,145.66543717163248,0.0,-117.11675141163248,0.0,0.0,0.0,0.0,0.0,0.0,-28.54868576
t27,145.98033941220652,0.0,-117.17915212220652,0.0,0.0,0.0,0.0,0.0,0.0,-28.80118729
t28,146.29524165278056,0.0,-117.24992564278057,0.0,0.0,0.0,0.0,0.0,0.0,-29.04531601
t29,146.61014408402337,0.0,-117.32009875402338,0.0,0.0,0.0,0.0,0.0,0.0,-29.29004533
t30,146.92504651526616,0.0,-117.35061138526616,0.0,0.0,0.0,0.0,0.0,0.0,-29.57443513
t31,147.2399487558402,0.0,-117.3119383458402,0.0,0.0,0.0,0.0,0.0,0.0,-29.92801041
t32,146.7662562329066,0.0,-116.44320204290662,0.0,0.0,0.0,0.0,0.0,0.0,-30.32305419
t33,146.292563709973,0.0,-115.55463551997299,0.0,0.0,0.0,0.0,0.0,0.0,-30.73792819
t34,145.81887118703938,0.0,-114.56207039703938,0.0,0.0,0.0,0.0,0.0,0.0,-31.25680079
t35,145.3451786641058,0.0,-113.67773706410578,0.0,0.0,0.0,0.0,0.0,0.0,-31.6674416
t36,144.87148614117217,0.0,-112.79384440117218,0.0,0.0,0.0,0.0,0.0,0.0,-32.07764174
t37,144.39779361823858,0.0,-111.82754606823858,0.0,0.0,0.0,0.0,0.0,0.0,-32.57024755
t38,142.76005779683283,0.0,-109.59687774683283,0.0,0.0,0.0,0.0,0.0,0.0,-33.16318005
t39,141.1223217847583,0.0,-107.3988189547583,0.0,0.0,0.0,0.0,0.0,0.0,-33.72350283
t40,139.48458596335254,0.0,-105.10469384335255,0.0,0.0,0.0,0.0,0.0,0.0,-34.37989212
t41,137.8468501419468,0.0,-102.92002865194678,0.0,0.0,0.0,0.0,0.0,0.0,-34.92682149
t42,136.2091141298723,0.0,-100.72082110987229,0.0,0.0,0.0,0.0,0.0,0.0,-35.48829302
t43,134.57137830846654,0.0,-98.47225847846653,0.0,0.0,0.0,0.0,0.0,0.0,-36.09911983
t44,129.62049908162268,0.0,-92.81082891162268,0.0,0.0,0.0,0.0,0.0,0.0,-36.80967017
t45,124.6696200454476,0.0,-87.1780432154476,0.0,0.0,0.0,0.0,0.0,0.0,-37.49157683
t46,119.71874081860376,0.0,-81.53556252860376,0.0,0.0,0.0,0.0,0.0,0.0,-38.18317829
t47,114.76786159175994,0.0,-75.78779634176024,0.0,0.0,0.0,0.0,0.0,0.0,-38.98006525
t48,109.81698255558486,0.0,-70.0660300155851,0.0,0.0,0.0,0.0,0.0,0.0,-39.75095254
t49,104.86610332874102,0.0,-64.31209442874146,0.0,0.0,0.0,0.0,0.0,0.0,-40.5540089
t50,95.05047262566755,0.0,-53.645720235667596,0.0,0.0,0.0,0.0,0.0,0.0,-41.40475239
t51,85.23484192259407,0.0,-42.88856760259458,0.0,0.0,0.0,0.0,0.0,0.0,-42.34627432
t52,75.41921121952062,0.0,-32.17019410952062,0.0,0.0,0.0,0.0,0.0,0.0,-43.24901711
t53,65.60358051644714,0.0,-21.37368877644714,0.0,0.0,0.0,0.0,0.0,0.0,-44.22989174
t54,55.78794981337367,0.0,-10.533116233373669,0.0,0.0,0.0,0.0,0.0,0.0,-45.25483358
t55,45.97231911030021,0.37620113969978775,-0.0,0.0,0.0,0.0,0.0,0.0,0.0,-46.34852025
t56,38.31026598880643,9.232225821193573,-0.0,0.0,0.0,0.0,0.0,0.0,0.0,-47.54249181
t57,30.648212676643887,18.03360736335611,-0.0,0.0,0.0,0.0,0.0,0.0,0.0,-48.68182004
t58,22.986159555150106,26.897123464849894,-0.0,0.0,0.0,0.0,0.0,0.0,0.0,-49.88328302
t59,15.324106433656326,35.74094163634368,-0.0,0.0,0.0,0.0,0.0,0.0,0.0,-51.06504807
t60,7.66205312149378,44.55787902850622,-0.0,0.0,0.0,0.0,0.0,0.0,0.0,-52.21993215
t61,0.0,53.42725618,-0.0,0.0,0.0,0.0,0.0,0.0,0.0,-53.42725618
t62,0.0,53.9056813,-0.0,0.0,0.0,0.0,0.0,0.0,0.0,-53.9056813
t63,0.0,54.35325936,-0.0,0.0,0.0,0.0,0.0,0.0,0.0,-54.35325936
t64,0.0,54.82287103,-0.0,0.0,0.0,0.0,0.0,0.0,0.0,-54.82287103
t65,0.0,55.23134875,-0.0,0.0,0.0,0.0,0.0,0.0,0.0,-55.23134875
t66,0.0,55.60369138,-0.0,0.0,0.0,0.0,0.0,0.0,0.0,-55.60369138
t67,0.0,55.96325451,-0.0,0.0,0.0,0.0,0.0,0.0,0.0,-55.96325451
t68,0.0,56.23986804,-0.0,0.0,0.0,0.0,0.0,0.0,0.0,-56.23986804
t69,0.0,56.38427996,-0.0,0.0,0.0,0.0,0.0,0.0,0.0,-56.38427996
t70,0.0,56.62255502,-0.0,0.0,0.0,0.0,0.0,0.0,0.0,-56.62255502
t71,0.0,56.76073859,-0.0,0.0,0.0,0.0,0.0,0.0,0.0,-56.76073859
t72,0.0,56.99014126,-0.0,0.0,0.0,0.0,0.0,0.0,0.0,-56.99014126
t73,0.0,57.23320474,-0.0,0.0,0.0,0.0,0.0,0.0,0.0,-57.23320474
t74,0.0,57.49588602,-0.0,0.0,0.0,0.0,0.0,0.0,0.0,-57.49588602
t75,0.0,57.77002477,-0.0,0.0,0.0,0.0,0.0,0.0,0.0,-57.77002477
t76,0.0,58.07765458,-0.0,0.0,0.0,0.0,0.0,0.0,0.0,-58.07765458
t77,0.0,58.47493691,-0.0,0.0,0.0,0.0,0.0,0.0,0.0,-58.47493691
t78,0.0,59.00089544,-0.0,0.0,0.0,0.0,0.0,0.0,0.0,-59.00089544
t79,0.0,59.53743012,-0.0,0.0,0.0,0.0,0.0,0.0,0.0,-59.53743012
t80,0.0,59.70421899,-0.0,0.0,0.0,0.0,0.0,0.0,0.0,-59.70421899
t81,0.0,59.66168865,-0.0,0.0,0.0,0.0,0.0,0.0,0.0,-59.66168865
t82,0.0,59.5627523,-0.0,0.0,0.0,0.0,0.0,0.0,0.0,-59.5627523
t83,0.0,59.31308403,-0.0,0.0,0.0,0.0,0.0,0.0,0.0,-59.31308403
t84,0.0,59.10483892,-0.0,0.0,0.0,0.0,0.0,0.0,0.0,-59.10483892
t85,0.0,58.94771179,-0.0,0.0,0.0,0.0,0.0,0.0,0.0,-58.94771179
t86,0.0,58.63111796,-0.0,0.0,0.0,0.0,0.0,0.0,0.0,-58.63111796
t87,0.0,58.42909886,-0.0,0.0,0.0,0.0,0.0,0.0,0.0,-58.42909886
t88,0.0,58.20416479,-0.0,0.0,0.0,0.0,0.0,0.0,0.0,-58.20416479
t89,0.0,57.91436179,-0.0,0.0,0.0,0.0,0.0,0.0,0.0,-57.91436179
t90,0.0,57.6695073,-0.0,0.0,0.0,0.0,0.0,0.0,0.0,-57.6695073
t91,0.0,57.40173788,-0.0,0.0,0.0,0.0,0.0,0.0,0.0,-57.40173788
t92,0.0,57.18653971,-0.0,0.0,0.0,0.0,0.0,0.0,0.0,-57.18653971
t93,0.0,56.95239264,-0.0,0.0,0.0,0.0,0.0,0.0,0.0,-56.95239264
t94,0.0,56.70811011,-0.0,0.0,0.0,0.0,0.0,0.0,0.0,-56.70811011
t95,0.0,56.61273399,-0.0,0.0,0.0,0.0,0.0,0.0,0.0,-56.61273399
t96,0.0,56.40454585,-0.0,0.0,0.0,0.0,0.0,0.0,0.0,-56.40454585
t97,0.0,56.31489845,-0.0,0.0,0.0,0.0,0.0,0.0,0.0,-56.31489845
t98,0.0,56.17392971,-0.0,0.0,0.0,0.0,0.0,0.0,0.0,-56.17392971
t99,0.0,56.02546955,-0.0,0.0,0.0,0.0,0.0,0.0,0.0,-56.02546955
t100,0.0,55.88582284,-0.0,0.0,0.0,0.0,0.0,0.0,0.0,-55.88582284
t101,0.0,55.7058678,-0.0,0.0,0.0,0.0,0.0,0.0,0.0,-55.7058678
t102,0.0,55.44218508,-0.0,0.0,0.0,0.0,0.0,0.0,0.0,-55.44218508
t103,0.0,55.31951741,-0.0,0.0,0.0,0.0,0.0,0.0,0.0,-55.31951741
t104,0.0,54.9843992,-0.0,0.0,0.0,0.0,0.0,0.0,0.0,-54.9843992
t105,0.0,54.81409231,-0.0,0.0,0.0,0.0,0.0,0.0,0.0,-54.81409231
t106,0.0,54.55036296,-0.0,0.0,0.0,0.0,0.0,0.0,0.0,-54.55036296
t107,0.0,54.24839989,-0.0,0.0,0.0,0.0,0.0,0.0,0.0,-54.24839989
t108,0.0,54.03501189,-0.0,0.0,0.0,0.0,0.0,0.0,0.0,-54.03501189
t109,0.0,53.73481149,-0.0,0.0,0.0,0.0,0.0,0.0,0.0,-53.73481149
t110,0.0,53.54322526,-0.0,0.0,0.0,0.0,0.0,0.0,0.0,-53.54322526
t111,0.0,53.21459,-0.0,0.0,0.0,0.0,0.0,0.0,0.0,-53.21459
t112,0.0,52.9229712,-0.0,0.0,0.0,0.0,0.0,0.0,0.0,-52.9229712
t113,0.0,52.6936459,-0.0,0.0,0.0,0.0,0.0,0.0,0.0,-52.6936459
t114,0.0,52.36384738,-0.0,0.0,0.0,0.0,0.0,0.0,0.0,-52.36384738
t115,0.0,52.12262394,-0.0,0.0,0.0,0.0,0.0,0.0,0.0,-52.12262394
t116,0.0,51.80193783,-0.0,0.0,0.0,0.0,0.0,0.0,0.0,-51.80193783
t117,0.0,51.48698045,-0.0,0.0,0.0,0.0,0.0,0.0,0.0,-51.48698045
t118,0.0,51.25178469,-0.0,0.0,0.0,0.0,0.0,0.0,0.0,-51.25178469
t119,0.0,50.88910848,-0.0,0.0,0.0,0.0,0.0,0.0,0.0,-50.88910848
t120,0.0,50.56212669,-0.0,0.0,0.0,0.0,0.0,0.0,0.0,-50.56212669
t121,0.0,50.22941616,-0.0,0.0,0.0,0.0,0.0,0.0,0.0,-50.22941616
t122,0.0,49.90811972,-0.0,0.0,0.0,0.0,0.0,0.0,0.0,-49.90811972
t123,0.0,49.64058528,-0.0,0.0,0.0,0.0,0.0,0.0,0.0,-49.64058528
t124,0.0,49.37657622,-0.0,0.0,0.0,0.0,0.0,0.0,0.0,-49.37657622
t125,0.0,48.99348057,-0.0,0.0,0.0,0.0,0.0,0.0,0.0,-48.99348057
t126,0.0,48.65841819,-0.0,0.0,0.0,0.0,0.0,0.0,0.0,-48.65841819
t127,0.0,48.37579576,-0.0,0.0,0.0,0.0,0.0,0.0,0.0,-48.37579576
t128,0.0,48.03884918,-0.0,0.0,0.0,0.0,0.0,0.0,0.0,-48.03884918
t129,0.0,47.73142761,-0.0,0.0,0.0,0.0,0.0,0.0,0.0,-47.73142761
t130,0.0,47.49231019,-0.0,0.0,0.0,0.0,0.0,0.0,0.0,-47.49231019
t131,0.0,47.18131532,-0.0,0.0,0.0,0.0,0.0,0.0,0.0,-47.18131532
t132,0.0,46.83727005,-0.0,0.0,0.0,0.0,0.0,0.0,0.0,-46.83727005
t133,0.0,46.30373582,-0.0,0.0,0.0,0.0,0.0,0.0,0.0,-46.30373582
t134,0.0,45.89183363,-0.0,0.0,0.0,0.0,0.0,0.0,0.0,-45.89183363
t135,0.0,45.56850651,-0.0,0.0,0.0,0.0,0.0,0.0,0.0,-45.56850651
t136,0.0,45.32405968,-0.0,0.0,0.0,0.0,0.0,0.0,0.0,-45.32405968
t137,0.0,45.06786134,-0.0,0.0,0.0,0.0,0.0,0.0,0.0,-45.06786134
t138,0.0,44.77376522,-0.0,0.0,0.0,0.0,0.0,0.0,0.0,-44.77376522
t139,0.0,44.56736283,-0.0,0.0,0.0,0.0,0.0,0.0,0.0,-44.56736283
t140,0.0,44.23776184,-0.0,0.0,0.0,0.0,0.0,0.0,0.0,-44.23776184
t141,0.0,43.94077059,-0.0,0.0,0.0,0.0,0.0,0.0,0.0,-43.94077059
t142,0.0,43.73940515,-0.0,0.0,0.0,0.0,0.0,0.0,0.0,-43.73940515
t143,0.0,43.47854899,-0.0,0.0,0.0,0.0,0.0,0.0,0.0,-43.47854899
t144,0.0,43.27762422,-0.0,0.0,0.0,0.0,0.0,0.0,0.0,-43.27762422
t145,34.804863735318484,6.0894751146815125,-0.0,0.0,0.0,0.0,0.0,0.0,0.0,-40.89433885
t146,34.261028952914856,6.329540167085142,-0.0,0.0,0.0,0.0,0.0,0.0,0.0,-40.59056912
t147,33.71719417051122,6.667434399488776,-0.0,0.0,0.0,0.0,0.0,0.0,0.0,-40.38462857
t148,33.17335945264775,7.038378977352245,-0.0,0.0,0.0,0.0,0.0,0.0,0.0,-40.21173843
t149,32.62952467024412,7.368780889755875,-0.0,0.0,0.0,0.0,0.0,0.0,0.0,-39.99830556
t150,32.08568988784049,7.706233572159512,-0.0,0.0,0.0,0.0,0.0,0.0,0.0,-39.79192346
t151,31.541855105436852,8.03575414456315,-0.0,0.0,0.0,0.0,0.0,0.0,0.0,-39.57760925
t152,30.99802032303322,8.492451926966783,-0.0,0.0,0.0,0.0,0.0,0.0,0.0,-39.49047225
t153,30.454185540629584,8.940336259370415,-0.0,0.0,0.0,0.0,0.0,0.0,0.0,-39.3945218
t154,29.910350822766123,9.362220887233878,-0.0,0.0,0.0,0.0,0.0,0.0,0.0,-39.27257171
t155,29.366516040362487,9.773624469637515,-0.0,0.0,0.0,0.0,0.0,0.0,0.0,-39.14014051
t156,28.822681257958852,10.26655236204115,-0.0,0.0,0.0,0.0,0.0,0.0,0.0,-39.08923362
t157,28.27884647555522,10.67222719444478,-0.0,0.0,0.0,0.0,0.0,0.0,0.0,-38.95107367
t158,28.28863418618071,10.47221041381929,-0.0,0.0,0.0,0.0,0.0,0.0,0.0,-38.7608446
t159,28.2984218968062,10.410564633193797,-0.0,0.0,0.0,0.0,0.0,0.0,0.0,-38.70898653
t160,28.308209542891518,10.283258777108479,-0.0,0.0,0.0,0.0,0.0,0.0,0.0,-38.59146832
t161,28.31799725351701,10.26098513648299,-0.0,0.0,0.0,0.0,0.0,0.0,0.0,-38.57898239
t162,28.3277849641425,10.225491335857502,-0.0,0.0,0.0,0.0,0.0,0.0,0.0,-38.5532763
t163,28.33757267476799,10.162675845232009,-0.0,0.0,0.0,0.0,0.0,0.0,0.0,-38.50024852
t164,28.34736032085331,10.129548089146692,-0.0,0.0,0.0,0.0,0.0,0.0,0.0,-38.47690841
t165,28.357148031478797,10.049709008521202,-0.0,0.0,0.0,0.0,0.0,0.0,0.0,-38.40685704
t166,28.36693574210429,9.933294147895708,-0.0,0.0,0.0,0.0,0.0,0.0,0.0,-38.30022989
t167,28.376723452729777,9.96862286727022,-0.0,0.0,0.0,0.0,0.0,0.0,0.0,-38.34534632
t168,28.3865110988151,9.905681791184904,-0.0,0.0,0.0,0.0,0.0,0.0,0.0,-38.29219289
t169,28.39629880944059,9.90531606055941,-0.0,0.0,0.0,0.0,0.0,0.0,0.0,-38.30161487
t170,27.498815382929013,10.753803777070988,-0.0,0.0,0.0,0.0,0.0,0.0,0.0,-38.25261916
t171,26.601331956417436,11.604494853582562,-0.0,0.0,0.0,0.0,0.0,0.0,0.0,-38.20582681
t172,25.703848529905862,12.37189892009414,-0.0,0.0,0.0,0.0,0.0,0.0,0.0,-38.07574745
t173,24.806365103394285,13.274589146605713,-0.0,0.0,0.0,0.0,0.0,0.0,0.0,-38.08095425
t174,23.90888167688271,14.081212873117291,-0.0,0.0,0.0,0.0,0.0,0.0,0.0,-37.99009455
t175,23.011398314911304,14.982140345088695,-0.0,0.0,0.0,0.0,0.0,0.0,0.0,-37.99353866
t176,22.11391488839973,15.818570731600271,-0.0,0.0,0.0,0.0,0.0,0.0,0.0,-37.93248562
t177,21.216431461888156,16.694661608111844,-0.0,0.0,0.0,0.0,0.0,0.0,0.0,-37.91109307
t178,20.31894803537658,17.59102339462342,-0.0,0.0,0.0,0.0,0.0,0.0,0.0,-37.90997143
t179,19.421464608865,18.487741911134997,-0.0,0.0,0.0,0.0,0.0,0.0,0.0,-37.90920652
t180,18.523981182353424,19.321884987646577,-0.0,0.0,0.0,0.0,0.0,0.0,0.0,-37.84586617
t181,17.62649775584185,20.30144982415815,-0.0,0.0,0.0,0.0,0.0,0.0,0.0,-37.92794758
t182,17.98255316748446,19.94154224251554,-0.0,0.0,0.0,0.0,0.0,0.0,0.0,-37.92409541
t183,18.338608514586902,19.585600765413098,-0.0,0.0,0.0,0.0,0.0,0.0,0.0,-37.92420928
t184,18.694663926229513,19.212913693770485,-0.0,0.0,0.0,0.0,0.0,0.0,0.0,-37.90757762
t185,19.050719337872124,18.897177872127877,-0.0,0.0,0.0,0.0,0.0,0.0,0.0,-37.94789721
t186,19.40677468497456,18.50344316502544,-0.0,0.0,0.0,0.0,0.0,0.0,0.0,-37.91021785
t187,19.76283009661717,18.188588673382828,-0.0,0.0,0.0,0.0,0.0,0.0,0.0,-37.95141877
t188,20.11888550825978,17.843767681740218,-0.0,0.0,0.0,0.0,0.0,0.0,0.0,-37.96265319
t189,20.474940855362217,17.533759854637783,-0.0,0.0,0.0,0.0,0.0,0.0,0.0,-38.00870071
t190,20.83099626700483,17.21317581299517,-0.0,0.0,0.0,0.0,0.0,0.0,0.0,-38.04417208
t191,21.187051678647443,16.89418507135256,-0.0,0.0,0.0,0.0,0.0,0.0,0.0,-38.08123675
t192,21.54310702574988,16.666854174250123,-0.0,0.0,0.0,0.0,0.0,0.0,0.0,-38.2099612
t193,21.89916243739249,16.472573612607512,-0.0,0.0,0.0,0.0,0.0,0.0,0.0,-38.37173605
t194,22.08779986973334,16.485201210266656,-0.0,0.0,0.0,0.0,0.0,0.0,0.0,-38.57300108
t195,22.2764373020742,16.418948487925803,-0.0,0.0,0.0,0.0,0.0,0.0,0.0,-38.69538579
t196,22.46507473441505,16.315238665584946,-0.0,0.0,0.0,0.0,0.0,0.0,0.0,-38.7803134
t197,22.653712166755902,16.219750033244097,-0.0,0.0,0.0,0.0,0.0,0.0,0.0,-38.8734622
t198,22.84234959909676,16.222971910903237,-0.0,0.0,0.0,0.0,0.0,0.0,0.0,-39.06532151
t199,23.03098703143761,16.23060050856239,-0.0,0.0,0.0,0.0,0.0,0.0,0.0,-39.26158754
t200,23.219624399238292,16.177212870761707,-0.0,0.0,0.0,0.0,0.0,0.0,0.0,-39.39683727
t201,23.408261831579146,16.083724018420853,-0.0,0.0,0.0,0.0,0.0,0.0,0.0,-39.49198585
t202,23.59689926392,16.021082206079996,-0.0,0.0,0.0,0.0,0.0,0.0,0.0,-39.61798147
t203,23.785536696260852,16.04258069373915,-0.0,0.0,0.0,0.0,0.0,0.0,0.0,-39.82811739
t204,23.974174128601707,16.096248231398295,-0.0,0.0,0.0,0.0,0.0,0.0,0.0,-40.07042236
t205,24.16281156094256,16.308557719057436,-0.0,0.0,0.0,0.0,0.0,0.0,0.0,-40.47136928
t206,24.422103829690016,16.451559010309985,-0.0,0.0,0.0,0.0,0.0,0.0,0.0,-40.87366284
t207,24.68139609843747,16.53683231156253,-0.0,0.0,0.0,0.0,0.0,0.0,0.0,-41.21822841
t208,24.94068836718493,16.65118994281507,-0.0,0.0,0.0,0.0,0.0,0.0,0.0,-41.59187831
t209,25.199980571392214,16.71292356860779,-0.0,0.0,0.0,0.0,0.0,0.0,0.0,-41.91290414
t210,25.45927284013967,16.82885977986033,-0.0,0.0,0.0,0.0,0.0,0.0,0.0,-42.28813262
t211,25.718565108887123,17.076556951112874,-0.0,0.0,0.0,0.0,0.0,0.0,0.0,-42.79512206
t212,25.97785737763458,17.358383672365417,-0.0,0.0,0.0,0.0,0.0,0.0,0.0,-43.33624105
t213,26.237149646382036,17.543262533617963,-0.0,0.0,0.0,0.0,0.0,0.0,0.0,-43.78041218
t214,26.49644191512949,17.91939308487051,-0.0,0.0,0.0,0.0,0.0,0.0,0.0,-44.415835
t215,26.75573411933678,18.219561980663222,-0.0,0.0,0.0,0.0,0.0,0.0,0.0,-44.9752961
t216,27.015026388084234,18.60874656191577,-0.0,0.0,0.0,0.0,0.0,0.0,0.0,-45.62377295
t217,27.27431865683169,19.27291048316831,-0.0,0.0,0.0,0.0,0.0,0.0,0.0,-46.54722914
t218,28.008132468120735,19.346584401879262,-0.0,0.0,0.0,0.0,0.0,0.0,0.0,-47.35471687
t219,28.741946279409785,19.24354884059022,-0.0,0.0,0.0,0.0,0.0,0.0,0.0,-47.98549512
t220,29.47576002615866,19.056344993841343,-0.0,0.0,0.0,0.0,0.0,0.0,0.0,-48.53210502
t221,30.209573837447707,18.74643614255229,-0.0,0.0,0.0,0.0,0.0,0.0,0.0,-48.95600998
t222,30.943387648736753,18.31049510126325,-0.0,0.0,0.0,0.0,0.0,0.0,0.0,-49.25388275
t223,31.6772014600258,18.1142796499742,-0.0,0.0,0.0,0.0,0.0,0.0,0.0,-49.79148111
t224,32.484207416349825,17.719113833650177,-0.0,0.0,0.0,0.0,0.0,0.0,0.0,-50.20332125
t225,33.291213627882776,17.166627862117224,-0.0,0.0,0.0,0.0,0.0,0.0,0.0,-50.45784149
t226,34.098219648746976,16.69522576125302,-0.0,0.0,0.0,0.0,0.0,0.0,0.0,-50.79344541
t227,34.90522566961117,16.060583900388828,-0.0,0.0,0.0,0.0,0.0,0.0,0.0,-50.96580957
t228,35.71223181660395,15.47133114339605,-0.0,0.0,0.0,0.0,0.0,0.0,0.0,-51.18356296
t229,36.519237837468154,15.334207982531844,-0.0,0.0,0.0,0.0,0.0,0.0,0.0,-51.85344582
t230,39.56643863402383,12.800124095976166,-0.0,0.0,0.0,0.0,0.0,0.0,0.0,-52.36656273
t231,42.613639430579504,9.772928269420497,-0.0,0.0,0.0,0.0,0.0,0.0,0.0,-52.3865677
t232,45.660840417803946,6.829019242196054,-0.0,0.0,0.0,0.0,0.0,0.0,0.0,-52.48985966
t233,48.70804121435963,3.721938215640371,-0.0,0.0,0.0,0.0,0.0,0.0,0.0,-52.42997943
t234,51.7552420109153,0.6703818690837868,-0.0,0.0,0.0,0.0,0.0,0.0,0.0,-52.42562388
t235,54.80244280747099,0.0,-2.185075447470986,0.0,0.0,0.0,0.0,0.0,0.0,-52.61736736
t236,58.11554238204794,0.0,-5.465586982047938,0.0,0.0,0.0,0.0,0.0,0.0,-52.6499554
t237,61.428641830496304,0.0,-8.833792100496304,0.0,0.0,0.0,0.0,0.0,0.0,-52.59484973
t238,64.74174146961344,0.0,-12.217861619613444,0.0,0.0,0.0,0.0,0.0,0.0,-52.52387985
t239,68.05484110873057,0.0,-15.665631678730573,0.0,0.0,0.0,0.0,0.0,0.0,-52.38920943
t240,71.36794055717894,0.0,-19.049063447178938,0.0,0.0,0.0,0.0,0.0,0.0,-52.31887711
t241,74.68104019629607,0.0,-22.10816080629599,0.0,0.0,0.0,0.0,0.0,0.0,-52.57287939
t242,73.8382852073516,0.0,-21.3292776273516,0.0,0.0,0.0,0.0,0.0,0.0,-52.50900758
t243,72.99553021840713,0.0,-20.907779438407125,0.0,0.0,0.0,0.0,0.0,0.0,-52.08775078
t244,72.15277522946266,0.0,-20.557670129462664,0.0,0.0,0.0,0.0,0.0,0.0,-51.5951051
t245,71.31002024051818,0.0,-20.348847590518172,0.0,0.0,0.0,0.0,0.0,0.0,-50.96117265
t246,70.46726525157372,0.0,-20.239616931573725,0.0,0.0,0.0,0.0,0.0,0.0,-50.22764832
t247,69.62451026262924,0.0,-19.947948042629218,0.0,0.0,0.0,0.0,0.0,0.0,-49.67656222
t248,71.12978334477751,0.0,-23.832656584777514,0.0,0.0,0.0,0.0,0.0,0.0,-47.29712676
t249,72.63505661759453,0.0,-27.702382457594524,0.0,0.0,0.0,0.0,0.0,0.0,-44.93267416
t250,74.14032969974278,0.0,-31.54434582974282,0.0,0.0,0.0,0.0,0.0,0.0,-42.59598387
t251,75.64560278189104,0.0,-35.23746972189108,0.0,0.0,0.0,0.0,0.0,0.0,-40.40813306
t252,77.15087605470806,0.0,-38.89269602470805,0.0,0.0,0.0,0.0,0.0,0.0,-38.25818003
t253,78.65614913685633,0.0,-42.40205970685634,0.0,0.0,0.0,0.0,0.0,0.0,-36.25408943
t254,77.44365995584111,0.0,-38.5531787958411,0.0,0.0,0.0,0.0,0.0,0.0,-38.89048116
t255,76.23117058415713,0.0,-34.77965263415708,0.0,0.0,0.0,0.0,0.0,0.0,-41.45151795
t256,75.01868140314191,0.0,-30.832501873141975,0.0,0.0,0.0,0.0,0.0,0.0,-44.18617953
t257,73.8061922221267,0.0,-26.989089442126673,0.0,0.0,0.0,0.0,0.0,0.0,-46.81710278
t258,72.59370285044271,0.0,-23.192828730442603,0.0,0.0,0.0,0.0,0.0,0.0,-49.40087412
t259,71.3812136694275,0.0,-19.2432143594275,0.0,0.0,0.0,0.0,0.0,0.0,-52.13799931
t260,71.9050570350028,0.0,-19.89645722500286,0.0,0.0,0.0,0.0,0.0,0.0,-52.00859981
t261,72.42890020990934,0.0,-20.549699889909334,0.0,0.0,0.0,0.0,0.0,0.0,-51.87920032
t262,72.95274357548466,0.0,-21.161960265484687,0.0,0.0,0.0,0.0,0.0,0.0,-51.79078331
t263,73.4765867503912,0.0,-21.82086034039119,0.0,0.0,0.0,0.0,0.0,0.0,-51.65572641
t264,74.00043011596651,0.0,-22.38149076596647,0.0,0.0,0.0,0.0,0.0,0.0,-51.61893935
t265,74.52427329087305,0.0,-22.92185008087304,0.0,0.0,0.0,0.0,0.0,0.0,-51.60242321
t266,75.54741904525174,0.0,-24.695997305251737,0.0,0.0,0.0,0.0,0.0,0.0,-50.85142174
t267,76.57056460896166,0.0,-26.46177156896163,0.0,0.0,0.0,0.0,0.0,0.0,-50.10879304
t268,77.59371036334036,0.0,-28.173343393340417,0.0,0.0,0.0,0.0,0.0,0.0,-49.42036697
t269,78.61685592705028,0.0,-29.941688007050228,0.0,0.0,0.0,0.0,0.0,0.0,-48.67516792
t270,79.64000168142897,0.0,-31.711354821429005,0.0,0.0,0.0,0.0,0.0,0.0,-47.92864686
t271,80.6631472451389,0.0,-33.458987845138765,0.0,0.0,0.0,0.0,0.0,0.0,-47.2041594
t272,80.86168815167228,0.0,-33.26095588167252,0.0,0.0,0.0,0.0,0.0,0.0,-47.60073227
t273,81.06022886753689,0.0,-33.0567543075369,0.0,0.0,0.0,0.0,0.0,0.0,-48.00347456
t274,81.25876977407029,0.0,-32.871942484070274,0.0,0.0,0.0,0.0,0.0,0.0,-48.38682729
t275,81.45731068060367,0.0,-32.591844530603616,0.0,0.0,0.0,0.0,0.0,0.0,-48.86546615
t276,81.65585139646828,0.0,-32.403846816468295,0.0,0.0,0.0,0.0,0.0,0.0,-49.25200458
t277,81.85439230300167,0.0,-32.13873170300167,0.0,0.0,0.0,0.0,0.0,0.0,-49.7156606
t278,84.06955970912388,0.0,-34.18101376912385,0.0,0.0,0.0,0.0,0.0,0.0,-49.88854594
t279,86.2847271152461,0.0,-36.35285340524601,0.0,0.0,0.0,0.0,0.0,0.0,-49.93187371
t280,88.4998945213683,0.0,-38.41540640136837,0.0,0.0,0.0,0.0,0.0,0.0,-50.08448812
t281,90.71506173682175,0.0,-40.55020467682173,0.0,0.0,0.0,0.0,0.0,0.0,-50.16485706
t282,92.93022914294397,0.0,-42.777544292944036,0.0,0.0,0.0,0.0,0.0,0.0,-50.15268485
t283,95.14539654906619,0.0,-44.957291319065995,0.0,0.0,0.0,0.0,0.0,0.0,-50.18810523
t284,92.84361995369757,0.0,-42.79641048369765,0.0,0.0,0.0,0.0,0.0,0.0,-50.04720947
t285,90.54184335832895,0.0,-40.76640923832898,0.0,0.0,0.0,0.0,0.0,0.0,-49.77543412
t286,88.24006695362911,0.0,-38.63064689362916,0.0,0.0,0.0,0.0,0.0,0.0,-49.60942006
t287,85.93829035826049,0.0,-36.47847911826049,0.0,0.0,0.0,0.0,0.0,0.0,-49.45981124
t288,83.63651376289187,0.0,-34.29017623289175,0.0,0.0,0.0,0.0,0.0,0.0,-49.34633753
t289,63.97966838,0.0,-0.0,0.0,0.0,0.0,0.0,0.0,0.0,-63.97966838
t290,64.50777457,0.0,-0.0,0.0,0.0,0.0,0.0,0.0,0.0,-64.50777457
t291,64.96096654,0.0,-0.0,0.0,0.0,0.0,0.0,0.0,0.0,-64.96096654
t292,65.51727572,0.0,-0.0,0.0,0.0,0.0,0.0,0.0,0.0,-65.51727572
t293,65.93280603,0.0,-0.0,0.0,0.0,0.0,0.0,0.0,0.0,-65.93280603
t294,66.44440287,0.0,-0.0,0.0,0.0,0.0,0.0,0.0,0.0,-66.44440287
t295,67.00094821,0.0,-0.0,0.0,0.0,0.0,0.0,0.0,0.0,-67.00094821
t296,67.34410408,0.0,-0.0,0.0,0.0,0.0,0.0,0.0,0.0,-67.34410408
t297,67.8639694,0.0,-0.0,0.0,0.0,0.0,0.0,0.0,0.0,-67.8639694
t298,68.37237725,0.0,-0.0,0.0,0.0,0.0,0.0,0.0,0.0,-68.37237725
t299,87.3393661714458,0.0,-18.454307661445807,0.0,0.0,0.0,0.0,0.0,0.0,-68.88505851
t300,69.30696132,0.0,-0.0,0.0,0.0,0.0,0.0,0.0,0.0,-69.30696132
t301,190.66876522359664,0.0,-120.72925986359664,0.0,0.0,0.0,0.0,0.0,0.0,-69.93950536
t302,190.66876522359664,0.0,-119.97636102359664,0.0,0.0,0.0,0.0,0.0,0.0,-70.6924042
t303,190.66876522359664,0.0,-119.48345869359663,0.0,0.0,0.0,0.0,0.0,0.0,-71.18530653
t304,190.66876522359664,0.0,-118.97116686359664,0.0,0.0,0.0,0.0,0.0,0.0,-71.69759836
t305,190.66876522359664,0.0,-118.54356659359664,0.0,0.0,0.0,0.0,0.0,0.0,-72.12519863
t306,190.66876522359664,0.0,-118.15738952359663,0.0,0.0,0.0,0.0,0.0,0.0,-72.5113757
t307,190.66876522359664,0.0,-117.69938295359664,0.0,0.0,0.0,0.0,0.0,0.0,-72.96938227
t308,190.66876522359664,0.0,-117.01714409359664,0.0,0.0,0.0,0.0,0.0,0.0,-73.65162113
t309,190.66876522359664,0.0,-116.49971662359664,0.0,0.0,0.0,0.0,0.0,0.0,-74.1690486
t310,190.66876522359664,0.0,-115.88930736359664,0.0,0.0,0.0,0.0,0.0,0.0,-74.77945786
t311,190.66876522359664,0.0,-115.39834244359663,0.0,0.0,0.0,0.0,0.0,0.0,-75.27042278
t312,190.66876522359664,0.0,-114.89019120359664,0.0,0.0,0.0,0.0,0.0,0.0,-75.77857402
t313,190.66876522359664,0.0,-114.50498758359663,0.0,0.0,0.0,0.0,0.0,0.0,-76.16377764
t314,190.66876522359664,0.0,-113.93103559359663,0.0,0.0,0.0,0.0,0.0,0.0,-76.73772963
t315,190.66876522359664,0.0,-113.34210088359664,0.0,0.0,0.0,0.0,0.0,0.0,-77.32666434
t316,190.66876522359664,0.0,-112.75448809359663,0.0,0.0,0.0,0.0,0.0,0.0,-77.91427713
t317,190.66876522359664,0.0,-112.14644456359663,0.0,0.0,0.0,0.0,0.0,0.0,-78.52232066
t318,190.66876522359664,0.0,-111.62301001359664,0.0,0.0,0.0,0.0,0.0,0.0,-79.04575521
t319,190.66876522359664,0.0,-111.09208398359664,0.0,0.0,0.0,0.0,0.0,0.0,-79.57668124
t320,190.66876522359664,0.0,-110.44299420359664,0.0,0.0,0.0,0.0,0.0,0.0,-80.22577102
t321,190.66876522359664,0.0,-109.93315663359664,0.0,0.0,0.0,0.0,0.0,0.0,-80.73560859
t322,190.66876522359664,0.0,-109.22810145359664,0.0,0.0,0.0,0.0,0.0,0.0,-81.44066377
t323,190.66876522359664,0.0,-108.47395814359663,0.0,0.0,0.0,0.0,0.0,0.0,-82.19480708
t324,190.66876522359664,0.0,-107.93794753359664,0.0,0.0,0.0,0.0,0.0,0.0,-82.73081769
t325,190.66876522359664,0.0,-107.37329312359664,0.0,0.0,0.0,0.0,0.0,0.0,-83.2954721
t326,190.66876522359664,0.0,-106.74238412359664,0.0,0.0,0.0,0.0,0.0,0.0,-83.9263811
t327,190.66876522359664,0.0,-106.06828922359664,0.0,0.0,0.0,0.0,0.0,0.0,-84.600476
t328,190.66876522359664,0.0,-105.32500872359664,0.0,0.0,0.0,0.0,0.0,0.0,-85.3437565
t329,190.66876522359664,0.0,-104.94810001359663,0.0,0.0,0.0,0.0,0.0,0.0,-85.72066521
t330,190.66876522359664,0.0,-104.54166622359664,0.0,0.0,0.0,0.0,0.0,0.0,-86.127099
t331,190.66876522359664,0.0,-104.09601272359663,0.0,0.0,0.0,0.0,0.0,0.0,-86.5727525
t332,190.30140809902193,0.0,-103.05650591902193,0.0,0.0,0.0,0.0,0.0,0.0,-87.24490218
t333,189.93405097444725,0.0,-102.09455740444724,0.0,0.0,0.0,0.0,0.0,0.0,-87.83949357
t334,189.56669384987254,0.0,-101.21501448987253,0.0,0.0,0.0,0.0,0.0,0.0,-88.35167936
t335,189.19933672529783,0.0,-100.19713581529783,0.0,0.0,0.0,0.0,0.0,0.0,-89.00220091
t336,188.83197960072312,0.0,-99.22684962072312,0.0,0.0,0.0,0.0,0.0,0.0,-89.60512998
t337,188.4646224761484,0.0,-98.3768668461484,0.0,0.0,0.0,0.0,0.0,0.0,-90.08775563
t338,186.6505182375796,0.0,-96.00936105757961,0.0,0.0,0.0,0.0,0.0,0.0,-90.64115718
t339,184.8364139990108,0.0,-93.4651456790108,0.0,0.0,0.0,0.0,0.0,0.0,-91.37126832
t340,183.02230976044197,0.0,-91.03021700044197,0.0,0.0,0.0,0.0,0.0,0.0,-91.99209276
t341,181.2082053312044,0.0,-88.6365783912044,0.0,0.0,0.0,0.0,0.0,0.0,-92.57162694
t342,179.3941010926356,0.0,-86.40114128263559,0.0,0.0,0.0,0.0,0.0,0.0,-92.99295981
t343,177.57999685406676,0.0,-84.20933067406676,0.0,0.0,0.0,0.0,0.0,0.0,-93.37066618
t344,175.00093582149015,0.0,-81.16217226149014,0.0,0.0,0.0,0.0,0.0,0.0,-93.83876356
t345,172.42187459824473,0.0,-77.95328704824473,0.0,0.0,0.0,0.0,0.0,0.0,-94.46858755
t346,169.8428135656681,0.0,-74.8206382456681,0.0,0.0,0.0,0.0,0.0,0.0,-95.02217532
t347,167.2637525330915,0.0,-71.80816065309149,0.0,0.0,0.0,0.0,0.0,0.0,-95.45559188
t348,164.68469130984607,0.0,-68.81639445984608,0.0,0.0,0.0,0.0,0.0,0.0,-95.86829685
t349,162.10563027726946,0.0,-66.06611666726945,0.0,0.0,0.0,0.0,0.0,0.0,-96.03951361
t350,157.88913467993612,0.0,-61.599408389936116,0.0,0.0,0.0,0.0,0.0,0.0,-96.28972629
t351,153.67263908260279,0.0,-57.21334301260279,0.0,0.0,0.0,0.0,0.0,0.0,-96.45929607
t352,149.45614348526945,0.0,-52.536434225269446,0.0,0.0,0.0,0.0,0.0,0.0,-96.91970926
t353,145.23964769726737,0.0,-47.753203797267375,0.0,0.0,0.0,0.0,0.0,0.0,-97.4864439
t354,141.023152099934,0.0,-42.99376975993401,0.0,0.0,0.0,0.0,0.0,0.0,-98.02938234
t355,136.8066565026007,0.0,-38.27443702260071,0.0,0.0,0.0,0.0,0.0,0.0,-98.53221948
t356,126.53043870350251,0.0,-27.586610563502518,0.0,0.0,0.0,0.0,0.0,0.0,-98.94382814
t357,116.2542209044043,0.0,-16.83180191440431,0.0,0.0,0.0,0.0,0.0,0.0,-99.42241899
t358,105.97800329597487,0.0,-6.161602545974873,0.0,0.0,0.0,0.0,0.0,0.0,-99.81640075
t359,95.70178549687668,4.492233303123314,-0.0,0.0,0.0,0.0,0.0,0.0,0.0,-100.1940188
t360,85.42556769777848,14.948647902221524,-0.0,0.0,0.0,0.0,0.0,0.0,0.0,-100.3742156
t361,75.14934989868028,24.956899201319715,-0.0,0.0,0.0,0.0,0.0,0.0,0.0,-100.1062491
t362,65.07550602030275,34.82498714969725,-0.0,0.0,0.0,0.0,0.0,0.0,0.0,-99.90049317
t363,55.001661951256466,44.98656278874354,-0.0,0.0,0.0,0.0,0.0,0.0,0.0,-99.98822474
t364,44.92781807287894,55.200137527121065,-0.0,0.0,0.0,0.0,0.0,0.0,0.0,-100.1279556
t365,34.853974003832654,65.48044999616735,-0.0,0.0,0.0,0.0,0.0,0.0,0.0,-100.334424
t366,24.780130125455134,75.73916947454487,-0.0,0.0,0.0,0.0,0.0,0.0,0.0,-100.5192996
t367,14.706286056408844,85.83572174359115,-0.0,0.0,0.0,0.0,0.0,0.0,0.0,-100.5420078
t368,12.255238316784448,88.09939688321556,-0.0,0.0,0.0,0.0,0.0,0.0,0.0,-100.3546352
t369,9.804190767828818,90.38334283217118,-0.0,0.0,0.0,0.0,0.0,0.0,0.0,-100.1875336
t370,7.353143028204422,92.53112127179557,-0.0,0.0,0.0,0.0,0.0,0.0,0.0,-99.8842643
t371,4.902095288580026,94.76524937141997,-0.0,0.0,0.0,0.0,0.0,0.0,0.0,-99.66734466
t372,2.4510477396243955,96.9650048503756,-0.0,0.0,0.0,0.0,0.0,0.0,0.0,-99.41605259
t373,0.0,98.91489951,-0.0,0.0,0.0,0.0,0.0,0.0,0.0,-98.91489951
t374,0.0,98.46874811,-0.0,0.0,0.0,0.0,0.0,0.0,0.0,-98.46874811
t375,0.0,98.06181652,-0.0,0.0,0.0,0.0,0.0,0.0,0.0,-98.06181652
t376,0.0,97.67603718,-0.0,0.0,0.0,0.0,0.0,0.0,0.0,-97.67603718
t377,0.0,97.21084671,-0.0,0.0,0.0,0.0,0.0,0.0,0.0,-97.21084671
t378,0.0,96.77429992,-0.0,0.0,0.0,0.0,0.0,0.0,0.0,-96.77429992
t379,0.0,96.31483817,-0.0,0.0,0.0,0.0,0.0,0.0,0.0,-96.31483817
t380,0.0,95.96876041,-0.0,0.0,0.0,0.0,0.0,0.0,0.0,-95.96876041
t381,0.0,95.52926019,-0.0,0.0,0.0,0.0,0.0,0.0,0.0,-95.52926019
t382,0.0,95.20036863,-0.0,0.0,0.0,0.0,0.0,0.0,0.0,-95.20036863
t383,0.0,94.62818541,-0.0,0.0,0.0,0.0,0.0,0.0,0.0,-94.62818541
t384,0.0,94.08993395,-0.0,0.0,0.0,0.0,0.0,0.0,0.0,-94.08993395
t385,0.0,93.55608917,-0.0,0.0,0.0,0.0,0.0,0.0,0.0,-93.55608917
t386,0.0,93.11149742,-0.0,0.0,0.0,0.0,0.0,0.0,0.0,-93.11149742
t387,0.0,92.6351773,-0.0,0.0,0.0,0.0,0.0,0.0,0.0,-92.6351773
t388,0.0,92.2906181,-0.0,0.0,0.0,0.0,0.0,0.0,0.0,-92.2906181
t389,0.0,91.89958118,-0.0,0.0,0.0,0.0,0.0,0.0,0.0,-91.89958118
t390,8.427427676464461,83.13135319353555,-0.0,0.0,0.0,0.0,0.0,0.0,0.0,-91.55878087
t391,0.0,91.12720211,-0.0,0.0,0.0,0.0,0.0,0.0,0.0,-91.12720211
t392,0.0,90.70174615,-0.0,0.0,0.0,0.0,0.0,0.0,0.0,-90.70174615
t393,36.116860608272944,54.04132947172705,-0.0,0.0,0.0,0.0,0.0,0.0,0.0,-90.15819008
t394,35.28227854920737,54.222628130792636,-0.0,0.0,0.0,0.0,0.0,0.0,0.0,-89.50490668
t395,0.0,88.58027407,-0.0,0.0,0.0,0.0,0.0,0.0,0.0,-88.58027407
t396,33.61311443107621,53.77151373892379,-0.0,0.0,0.0,0.0,0.0,0.0,0.0,-87.38462817
t397,32.77853237201063,53.40780586798937,-0.0,0.0,0.0,0.0,0.0,0.0,0.0,-86.18633824
t398,32.48131320057317,52.550129809426835,-0.0,0.0,0.0,0.0,0.0,0.0,0.0,-85.03144301
t399,32.1840940291357,51.7708933608643,-0.0,0.0,0.0,0.0,0.0,0.0,0.0,-83.95498739
t400,31.886874922238405,50.920267957761595,-0.0,0.0,0.0,0.0,0.0,0.0,0.0,-82.80714288
t401,31.589655750800937,50.22800263919907,-0.0,0.0,0.0,0.0,0.0,0.0,0.0,-81.81765839
t402,31.29243657936347,49.375332690636526,-0.0,0.0,0.0,0.0,0.0,0.0,0.0,-80.66776927
t403,30.995217407926003,48.59361095207399,-0.0,0.0,0.0,0.0,0.0,0.0,0.0,-79.58882836
t404,30.69799823648854,47.96201664351146,-0.0,0.0,0.0,0.0,0.0,0.0,0.0,-78.66001488
t405,30.400779065051072,47.34276115494893,-0.0,0.0,0.0,0.0,0.0,0.0,0.0,-77.74354022
t406,30.103559958153777,46.72791233184621,-0.0,0.0,0.0,0.0,0.0,0.0,0.0,-76.83147229
t407,29.806340786716312,46.13585223328369,-0.0,0.0,0.0,0.0,0.0,0.0,0.0,-75.94219302
t408,29.509121615278843,45.33932034472116,-0.0,0.0,0.0,0.0,0.0,0.0,0.0,-74.84844196
t409,29.211902443841378,44.299096816158624,-0.0,0.0,0.0,0.0,0.0,0.0,0.0,-73.51099926
t410,28.245738400228607,44.084654039771394,-0.0,0.0,0.0,0.0,0.0,0.0,0.0,-72.33039244
t411,27.27957435661584,44.51403304338416,-0.0,0.0,0.0,0.0,0.0,0.0,0.0,-71.7936074
t412,26.31341031300307,44.85836235699692,-0.0,0.0,0.0,0.0,0.0,0.0,0.0,-71.17177267
t413,25.3472462693903,45.1831969706097,-0.0,0.0,0.0,0.0,0.0,0.0,0.0,-70.53044324
t414,24.38108222577753,45.51508232422246,-0.0,0.0,0.0,0.0,0.0,0.0,0.0,-69.89616455
t415,23.41491818216476,45.77910420783524,-0.0,0.0,0.0,0.0,0.0,0.0,0.0,-69.19402239
t416,22.44875413855199,46.117478141448004,-0.0,0.0,0.0,0.0,0.0,0.0,0.0,-68.56623228
t417,21.48259009493922,46.461580795060776,-0.0,0.0,0.0,0.0,0.0,0.0,0.0,-67.94417089
t418,20.51642605132645,46.75148080867355,-0.0,0.0,0.0,0.0,0.0,0.0,0.0,-67.26790686
t419,19.55026200771368,47.05675641228632,-0.0,0.0,0.0,0.0,0.0,0.0,0.0,-66.60701842
t420,18.58409796410091,47.35938798589909,-0.0,0.0,0.0,0.0,0.0,0.0,0.0,-65.94348595
t421,17.61793392048814,47.620155729511865,-0.0,0.0,0.0,0.0,0.0,0.0,0.0,-65.23808965
t422,18.715933397901505,45.7920888820985,-0.0,0.0,0.0,0.0,0.0,0.0,0.0,-64.50802228
t423,19.81393287531487,44.07198664468513,-0.0,0.0,0.0,0.0,0.0,0.0,0.0,-63.88591952
t424,20.911932352728233,42.518899127271766,-0.0,0.0,0.0,0.0,0.0,0.0,0.0,-63.43083148
t425,22.0099318301416,40.939077259858394,-0.0,0.0,0.0,0.0,0.0,0.0,0.0,-62.94900909
t426,23.10793130755496,39.16315636244504,-0.0,0.0,0.0,0.0,0.0,0.0,0.0,-62.27108767
t427,24.205930784968324,37.486827315031675,-0.0,0.0,0.0,0.0,0.0,0.0,0.0,-61.6927581
t428,25.30393026238169,35.81200985761831,-0.0,0.0,0.0,0.0,0.0,0.0,0.0,-61.11594012
t429,26.40192973979505,34.16275138020495,-0.0,0.0,0.0,0.0,0.0,0.0,0.0,-60.56468112
t430,27.499929217208418,32.55800076279158,-0.0,0.0,0.0,0.0,0.0,0.0,0.0,-60.05792998
t431,28.597928694621782,30.95016544537822,-0.0,0.0,0.0,0.0,0.0,0.0,0.0,-59.54809414
t432,29.69592817203515,29.338804747964854,-0.0,0.0,0.0,0.0,0.0,0.0,0.0,-59.03473292
t433,21.92914042,0.0,-0.0,0.0,0.0,0.0,0.0,0.0,0.0,-21.92914042
t434,22.15979067,0.0,-0.0,0.0,0.0,0.0,0.0,0.0,0.0,-22.15979067
t435,172.1847089665962,0.0,-149.7502008265962,0.0,0.0,0.0,0.0,0.0,0.0,-22.43450814
t436,22.7687163,0.0,-0.0,0.0,0.0,0.0,0.0,0.0,0.0,-22.7687163
t437,78.54959969000927,0.0,-55.51606523000928,0.0,0.0,0.0,0.0,0.0,0.0,-23.03353446
t438,23.19611672,0.0,-0.0,0.0,0.0,0.0,0.0,0.0,0.0,-23.19611672
t439,23.48781586,0.0,-0.0,0.0,0.0,0.0,0.0,0.0,0.0,-23.48781586
t440,23.87279395,0.0,-0.0,0.0,0.0,0.0,0.0,0.0,0.0,-23.87279395
t441,24.18990855,0.0,-0.0,0.0,0.0,0.0,0.0,0.0,0.0,-24.18990855
t442,173.0957540711619,0.0,-148.6081204811619,0.0,0.0,0.0,0.0,0.0,0.0,-24.48763359
t443,173.22459639190532,0.0,-148.41513415190533,0.0,0.0,0.0,0.0,0.0,0.0,-24.80946224
t444,25.19959507,0.0,-0.0,0.0,0.0,0.0,0.0,0.0,0.0,-25.19959507
t445,173.4822808427234,0.0,-147.8916715927234,0.0,0.0,0.0,0.0,0.0,0.0,-25.59060925
t446,173.54337111510105,0.0,-147.46078649510105,0.0,0.0,0.0,0.0,0.0,0.0,-26.08258462
t447,26.62435594,0.0,-0.0,0.0,0.0,0.0,0.0,0.0,0.0,-26.62435594
t448,173.6655514691876,0.0,-146.6488120091876,0.0,0.0,0.0,0.0,0.0,0.0,-27.01673946
t449,27.44737883,0.0,-0.0,0.0,0.0,0.0,0.0,0.0,0.0,-27.44737883
t450,173.78773182327407,0.0,-145.86168039327407,0.0,0.0,0.0,0.0,0.0,0.0,-27.92605143
t451,28.43733377,0.0,-0.0,0.0,0.0,0.0,0.0,0.0,0.0,-28.43733377
t452,29.03005774,0.0,-0.0,0.0,0.0,0.0,0.0,0.0,0.0,-29.03005774
t453,173.78053770009345,0.0,-144.18023029009345,0.0,0.0,0.0,0.0,0.0,0.0,-29.60030741
t454,30.22652246,0.0,-0.0,0.0,0.0,0.0,0.0,0.0,0.0,-30.22652246
t455,173.71225330453515,0.0,-142.97014665453514,0.0,0.0,0.0,0.0,0.0,0.0,-30.74210665
t456,173.67811120209038,0.0,-142.48960587209038,0.0,0.0,0.0,0.0,0.0,0.0,-31.18850533
t457,31.66883576,0.0,-0.0,0.0,0.0,0.0,0.0,0.0,0.0,-31.66883576
t458,32.44383924,0.0,-0.0,0.0,0.0,0.0,0.0,0.0,0.0,-32.44383924
t459,173.88598534468147,0.0,-140.71914194468147,0.0,0.0,0.0,0.0,0.0,0.0,-33.1668434
t460,174.00699365786815,0.0,-140.17884015786814,0.0,0.0,0.0,0.0,0.0,0.0,-33.8281535
t461,174.12800178038609,0.0,-139.5907857103861,0.0,0.0,0.0,0.0,0.0,0.0,-34.53721607
t462,174.249009902904,0.0,-139.035781662904,0.0,0.0,0.0,0.0,0.0,0.0,-35.21322824
t463,174.37001802542193,0.0,-138.45125260542193,0.0,0.0,0.0,0.0,0.0,0.0,-35.91876542
t464,36.68810692,0.0,-0.0,0.0,0.0,0.0,0.0,0.0,0.0,-36.68810692
t465,173.39465843965863,0.0,-135.99053136965864,0.0,0.0,0.0,0.0,0.0,0.0,-37.40412707
t466,172.90697864677696,0.0,-134.78815342677697,0.0,0.0,0.0,0.0,0.0,0.0,-38.11882522
t467,38.92271265,0.0,-0.0,0.0,0.0,0.0,0.0,0.0,0.0,-38.92271265
t468,171.9316190610137,0.0,-132.30417020101368,0.0,0.0,0.0,0.0,0.0,0.0,-39.62744886
t469,171.44393926813203,0.0,-131.08443253813203,0.0,0.0,0.0,0.0,0.0,0.0,-40.35950673
t470,170.31219792785149,0.0,-129.10738327785148,0.0,0.0,0.0,0.0,0.0,0.0,-41.20481465
t471,42.0479192,0.0,-0.0,0.0,0.0,0.0,0.0,0.0,0.0,-42.0479192
t472,42.85973605,0.0,-0.0,0.0,0.0,0.0,0.0,0.0,0.0,-42.85973605
t473,43.54799149,0.0,-0.0,0.0,0.0,0.0,0.0,0.0,0.0,-43.54799149
t474,165.7852323760605,0.0,-121.4630544260605,0.0,0.0,0.0,0.0,0.0,0.0,-44.32217795
t475,45.0589073,0.0,-0.0,0.0,0.0,0.0,0.0,0.0,0.0,-45.0589073
t476,162.8034779579878,0.0,-116.89050732798782,0.0,0.0,0.0,0.0,0.0,0.0,-45.91297063
t477,160.9534646895269,0.0,-114.1613123995269,0.0,0.0,0.0,0.0,0.0,0.0,-46.79215229
t478,159.10345161173478,0.0,-111.51937072173479,0.0,0.0,0.0,0.0,0.0,0.0,-47.58408089
t479,157.25343834327387,0.0,-108.91183640327387,0.0,0.0,0.0,0.0,0.0,0.0,-48.34160194
t480,155.40342526548173,0.0,-106.21881186548173,0.0,0.0,0.0,0.0,0.0,0.0,-49.1846134
t481,153.55341199702082,0.0,-103.53239724702081,0.0,0.0,0.0,0.0,0.0,0.0,-50.02101475
t482,150.47160852977865,0.0,-99.73060127977865,0.0,0.0,0.0,0.0,0.0,0.0,-50.74100725
t483,147.3898048718677,0.0,-95.98609250186772,0.0,0.0,0.0,0.0,0.0,0.0,-51.40371237
t484,144.30800140462554,0.0,-92.17239841462555,0.0,0.0,0.0,0.0,0.0,0.0,-52.13560299
t485,141.22619793738335,0.0,-88.41409605738335,0.0,0.0,0.0,0.0,0.0,0.0,-52.81210188
t486,138.1443942794724,0.0,-84.6888439394724,0.0,0.0,0.0,0.0,0.0,0.0,-53.45555034
t487,135.0625908122302,0.0,-80.95257520223021,0.0,0.0,0.0,0.0,0.0,0.0,-54.11001561
t488,128.71878339973935,0.0,-74.05848310973934,0.0,0.0,0.0,0.0,0.0,0.0,-54.66030029
t489,122.3749757965797,0.0,-67.16086543657971,0.0,0.0,0.0,0.0,0.0,0.0,-55.21411036
t490,116.03116838408883,0.0,-60.27118004408883,0.0,0.0,0.0,0.0,0.0,0.0,-55.75998834
t491,109.68736097159795,0.0,-53.473903461597956,0.0,0.0,0.0,0.0,0.0,0.0,-56.21345751
t492,103.34355336843832,0.0,-46.72421928843832,0.0,0.0,0.0,0.0,0.0,0.0,-56.61933408
t493,96.99974595594743,0.0,-39.930908745947434,0.0,0.0,0.0,0.0,0.0,0.0,-57.06883721
t494,87.60011026343832,0.0,-30.148351803438324,0.0,0.0,0.0,0.0,0.0,0.0,-57.45175846
t495,78.20047457092922,0.0,-20.424844890929215,0.0,0.0,0.0,0.0,0.0,0.0,-57.77562968
t496,68.80083906908887,0.0,-10.70927027908887,0.0,0.0,0.0,0.0,0.0,0.0,-58.09156879
t497,59.40120337657976,0.0,-0.9512714965797571,0.0,0.0,0.0,0.0,0.0,0.0,-58.44993188
t498,50.00156768407064,8.83845566592936,-0.0,0.0,0.0,0.0,0.0,0.0,0.0,-58.84002335
t499,40.60193199156153,18.57882758843847,-0.0,0.0,0.0,0.0,0.0,0.0,0.0,-59.18075958
t500,33.83494326274502,25.47022463725498,-0.0,0.0,0.0,0.0,0.0,0.0,0.0,-59.3051679
t501,27.067954724597275,32.494704455402726,-0.0,0.0,0.0,0.0,0.0,0.0,0.0,-59.56265918
t502,20.300965995780764,39.46454112421924,-0.0,0.0,0.0,0.0,0.0,0.0,0.0,-59.76550712
t503,13.533977266964255,46.37791281303574,-0.0,0.0,0.0,0.0,0.0,0.0,0.0,-59.91189008
t504,6.76698872881651,53.226505561183494,-0.0,0.0,0.0,0.0,0.0,0.0,0.0,-59.99349429
t505,0.0,60.10242014,-0.0,0.0,0.0,0.0,0.0,0.0,0.0,-60.10242014
t506,0.0,59.78958379,-0.0,0.0,0.0,0.0,0.0,0.0,0.0,-59.78958379
t507,0.0,59.38068092,-0.0,0.0,0.0,0.0,0.0,0.0,0.0,-59.38068092
t508,0.0,59.09692892,-0.0,0.0,0.0,0.0,0.0,0.0,0.0,-59.09692892
t509,0.0,58.93764251,-0.0,0.0,0.0,0.0,0.0,0.0,0.0,-58.93764251
t510,0.0,58.71533999,-0.0,0.0,0.0,0.0,0.0,0.0,0.0,-58.71533999
t511,0.0,58.50757967,-0.0,0.0,0.0,0.0,0.0,0.0,0.0,-58.50757967
t512,0.0,58.31874623,-0.0,0.0,0.0,0.0,0.0,0.0,0.0,-58.31874623
t513,0.0,58.1973356,-0.0,0.0,0.0,0.0,0.0,0.0,0.0,-58.1973356
t514,0.0,58.06534883,-0.0,0.0,0.0,0.0,0.0,0.0,0.0,-58.06534883
t515,0.0,57.95493292,-0.0,0.0,0.0,0.0,0.0,0.0,0.0,-57.95493292
t516,0.0,57.85068642,-0.0,0.0,0.0,0.0,0.0,0.0,0.0,-57.85068642
t517,0.0,57.76142276,-0.0,0.0,0.0,0.0,0.0,0.0,0.0,-57.76142276
t518,0.0,57.61889438,-0.0,0.0,0.0,0.0,0.0,0.0,0.0,-57.61889438
t519,0.0,57.50280631,-0.0,0.0,0.0,0.0,0.0,0.0,0.0,-57.50280631
t520,0.0,57.39949773,-0.0,0.0,0.0,0.0,0.0,0.0,0.0,-57.39949773
t521,0.0,57.28552284,-0.0,0.0,0.0,0.0,0.0,0.0,0.0,-57.28552284
t522,0.0,57.17595467,-0.0,0.0,0.0,0.0,0.0,0.0,0.0,-57.17595467
t523,0.0,57.05625103,-0.0,0.0,0.0,0.0,0.0,0.0,0.0,-57.05625103
t524,0.0,57.17552291,-0.0,0.0,0.0,0.0,0.0,0.0,0.0,-57.17552291
t525,0.0,57.17581334,-0.0,0.0,0.0,0.0,0.0,0.0,0.0,-57.17581334
t526,0.0,57.12498581,-0.0,0.0,0.0,0.0,0.0,0.0,0.0,-57.12498581
t527,0.0,56.92737381,-0.0,0.0,0.0,0.0,0.0,0.0,0.0,-56.92737381
t528,0.0,56.51206982,-0.0,0.0,0.0,0.0,0.0,0.0,0.0,-56.51206982
t529,0.0,56.00775007,-0.0,0.0,0.0,0.0,0.0,0.0,0.0,-56.00775007
t530,0.0,55.47282056,-0.0,0.0,0.0,0.0,0.0,0.0,0.0,-55.47282056
t531,0.0,54.95331458,-0.0,0.0,0.0,0.0,0.0,0.0,0.0,-54.95331458
t532,0.0,54.39502945,-0.0,0.0,0.0,0.0,0.0,0.0,0.0,-54.39502945
t533,0.0,53.86518085,-0.0,0.0,0.0,0.0,0.0,0.0,0.0,-53.86518085
t534,0.0,53.35207778,-0.0,0.0,0.0,0.0,0.0,0.0,0.0,-53.35207778
t535,0.0,52.85395756,-0.0,0.0,0.0,0.0,0.0,0.0,0.0,-52.85395756
t536,0.0,52.35006198,-0.0,0.0,0.0,0.0,0.0,0.0,0.0,-52.35006198
t537,0.0,51.95897843,-0.0,0.0,0.0,0.0,0.0,0.0,0.0,-51.95897843
t538,0.0,51.58419973,-0.0,0.0,0.0,0.0,0.0,0.0,0.0,-51.58419973
t539,0.0,51.19939032,-0.0,0.0,0.0,0.0,0.0,0.0,0.0,-51.19939032
t540,0.0,50.89390187,-0.0,0.0,0.0,0.0,0.0,0.0,0.0,-50.89390187
t541,0.0,50.45577114,-0.0,0.0,0.0,0.0,0.0,0.0,0.0,-50.45577114
t542,0.0,50.17957588,-0.0,0.0,0.0,0.0,0.0,0.0,0.0,-50.17957588
t543,0.0,49.98270155,-0.0,0.0,0.0,0.0,0.0,0.0,0.0,-49.98270155
t544,0.0,49.7219298,-0.0,0.0,0.0,0.0,0.0,0.0,0.0,-49.7219298
t545,0.0,49.45118134,-0.0,0.0,0.0,0.0,0.0,0.0,0.0,-49.45118134
t546,0.0,49.17073807,-0.0,0.0,0.0,0.0,0.0,0.0,0.0,-49.17073807
t547,0.0,48.89690491,-0.0,0.0,0.0,0.0,0.0,0.0,0.0,-48.89690491
t548,0.0,48.566524,-0.0,0.0,0.0,0.0,0.0,0.0,0.0,-48.566524
t549,0.0,48.283295,-0.0,0.0,0.0,0.0,0.0,0.0,0.0,-48.283295
t550,0.0,47.97230368,-0.0,0.0,0.0,0.0,0.0,0.0,0.0,-47.97230368
t551,0.0,47.6686775,-0.0,0.0,0.0,0.0,0.0,0.0,0.0,-47.6686775
t552,0.0,47.27339156,-0.0,0.0,0.0,0.0,0.0,0.0,0.0,-47.27339156
t553,0.0,46.92746086,-0.0,0.0,0.0,0.0,0.0,0.0,0.0,-46.92746086
t554,0.0,46.53609759,-0.0,0.0,0.0,0.0,0.0,0.0,0.0,-46.53609759
t555,0.0,46.17734405,-0.0,0.0,0.0,0.0,0.0,0.0,0.0,-46.17734405
t556,0.0,45.92258908,-0.0,0.0,0.0,0.0,0.0,0.0,0.0,-45.92258908
t557,0.0,45.63820397,-0.0,0.0,0.0,0.0,0.0,0.0,0.0,-45.63820397
t558,0.0,45.39259799,-0.0,0.0,0.0,0.0,0.0,0.0,0.0,-45.39259799
t559,0.0,45.16329688,-0.0,0.0,0.0,0.0,0.0,0.0,0.0,-45.16329688
t560,0.0,44.88848505,-0.0,0.0,0.0,0.0,0.0,0.0,0.0,-44.88848505
t561,0.0,44.68374004,-0.0,0.0,0.0,0.0,0.0,0.0,0.0,-44.68374004
t562,0.0,44.44197861,-0.0,0.0,0.0,0.0,0.0,0.0,0.0,-44.44197861
t563,0.0,44.29755776,-0.0,0.0,0.0,0.0,0.0,0.0,0.0,-44.29755776
t564,0.0,44.08923946,-0.0,0.0,0.0,0.0,0.0,0.0,0.0,-44.08923946
t565,0.0,43.88753125,-0.0,0.0,0.0,0.0,0.0,0.0,0.0,-43.88753125
t566,0.0,43.69596505,-0.0,0.0,0.0,0.0,0.0,0.0,0.0,-43.69596505
t567,0.0,43.45945031,-0.0,0.0,0.0,0.0,0.0,0.0,0.0,-43.45945031
t568,0.0,43.24496918,-0.0,0.0,0.0,0.0,0.0,0.0,0.0,-43.24496918
t569,0.0,43.11039632,-0.0,0.0,0.0,0.0,0.0,0.0,0.0,-43.11039632
t570,0.0,42.90972267,-0.0,0.0,0.0,0.0,0.0,0.0,0.0,-42.90972267
t571,0.0,42.81436962,-0.0,0.0,0.0,0.0,0.0,0.0,0.0,-42.81436962
t572,0.0,42.61785157,-0.0,0.0,0.0,0.0,0.0,0.0,0.0,-42.61785157
t573,0.0,42.49272239,-0.0,0.0,0.0,0.0,0.0,0.0,0.0,-42.49272239
t574,0.0,42.34335625,-0.0,0.0,0.0,0.0,0.0,0.0,0.0,-42.34335625
t575,0.0,42.1768039,-0.0,0.0,0.0,0.0,0.0,0.0,0.0,-42.1768039
t576,0.0,42.00716685,-0.0,0.0,0.0,0.0,0.0,0.0,0.0,-42.00716685
t577,0.0,39.93984329,-0.0,0.0,0.0,0.0,0.0,0.0,0.0,-39.93984329
t578,0.0,39.9092902,-0.0,0.0,0.0,0.0,0.0,0.0,0.0,-39.9092902
t579,0.0,39.89327929,-0.0,0.0,0.0,0.0,0.0,0.0,0.0,-39.89327929
t580,0.0,39.79221868,-0.0,0.0,0.0,0.0,0.0,0.0,0.0,-39.79221868
t581,0.0,39.70878406,-0.0,0.0,0.0,0.0,0.0,0.0,0.0,-39.70878406
t582,0.0,39.69233158,-0.0,0.0,0.0,0.0,0.0,0.0,0.0,-39.69233158
t583,0.0,39.65648955,-0.0,0.0,0.0,0.0,0.0,0.0,0.0,-39.65648955
t584,0.0,39.67819851,-0.0,0.0,0.0,0.0,0.0,0.0,0.0,-39.67819851
t585,0.0,39.62014586,-0.0,0.0,0.0,0.0,0.0,0.0,0.0,-39.62014586
t586,0.0,39.56649994,-0.0,0.0,0.0,0.0,0.0,0.0,0.0,-39.56649994
t587,0.0,39.56759234,-0.0,0.0,0.0,0.0,0.0,0.0,0.0,-39.56759234
t588,0.0,39.55414258,-0.0,0.0,0.0,0.0,0.0,0.0,0.0,-39.55414258
t589,0.0,39.47106663,-0.0,0.0,0.0,0.0,0.0,0.0,0.0,-39.47106663
t590,0.0,39.5069023,-0.0,0.0,0.0,0.0,0.0,0.0,0.0,-39.5069023
t591,0.0,39.41494308,-0.0,0.0,0.0,0.0,0.0,0.0,0.0,-39.41494308
t592,0.0,39.39613539,-0.0,0.0,0.0,0.0,0.0,0.0,0.0,-39.39613539
t593,0.0,39.40964911,-0.0,0.0,0.0,0.0,0.0,0.0,0.0,-39.40964911
t594,0.0,39.41743408,-0.0,0.0,0.0,0.0,0.0,0.0,0.0,-39.41743408
t595,0.0,39.43932055,-0.0,0.0,0.0,0.0,0.0,0.0,0.0,-39.43932055
t596,0.0,39.40231959,-0.0,0.0,0.0,0.0,0.0,0.0,0.0,-39.40231959
t597,0.0,39.33711563,-0.0,0.0,0.0,0.0,0.0,0.0,0.0,-39.33711563
t598,0.0,39.34594456,-0.0,0.0,0.0,0.0,0.0,0.0,0.0,-39.34594456
t599,0.0,39.30380792,-0.0,0.0,0.0,0.0,0.0,0.0,0.0,-39.30380792
t600,0.0,39.30882319,-0.0,0.0,0.0,0.0,0.0,0.0,0.0,-39.30882319
t601,0.0,39.33146534,-0.0,0.0,0.0,0.0,0.0,0.0,0.0,-39.33146534
t602,0.0,39.32785884,-0.0,0.0,0.0,0.0,0.0,0.0,0.0,-39.32785884
t603,0.0,39.32248966,-0.0,0.0,0.0,0.0,0.0,0.0,0.0,-39.32248966
t604,0.0,39.3135951,-0.0,0.0,0.0,0.0,0.0,0.0,0.0,-39.3135951
t605,0.0,39.2980903,-0.0,0.0,0.0,0.0,0.0,0.0,0.0,-39.2980903
t606,0.0,39.29844973,-0.0,0.0,0.0,0.0,0.0,0.0,0.0,-39.29844973
t607,0.0,39.32965618,-0.0,0.0,0.0,0.0,0.0,0.0,0.0,-39.32965618
t608,0.0,39.34395806,-0.0,0.0,0.0,0.0,0.0,0.0,0.0,-39.34395806
t609,0.0,39.43714022,-0.0,0.0,0.0,0.0,0.0,0.0,0.0,-39.43714022
t610,0.0,39.47567905,-0.0,0.0,0.0,0.0,0.0,0.0,0.0,-39.47567905
t611,0.0,39.56437053,-0.0,0.0,0.0,0.0,0.0,0.0,0.0,-39.56437053
t612,0.0,39.5763851,-0.0,0.0,0.0,0.0,0.0,0.0,0.0,-39.5763851
t613,0.0,39.5989758,-0.0,0.0,0.0,0.0,0.0,0.0,0.0,-39.5989758
t614,0.0,39.66695316,-0.0,0.0,0.0,0.0,0.0,0.0,0.0,-39.66695316
t615,0.0,39.69394803,-0.0,0.0,0.0,0.0,0.0,0.0,0.0,-39.69394803
t616,0.0,39.67379099,-0.0,0.0,0.0,0.0,0.0,0.0,0.0,-39.67379099
t617,0.0,39.68855161,-0.0,0.0,0.0,0.0,0.0,0.0,0.0,-39.68855161
t618,0.0,39.6640924,-0.0,0.0,0.0,0.0,0.0,0.0,0.0,-39.6640924
t619,0.0,39.66298882,-0.0,0.0,0.0,0.0,0.0,0.0,0.0,-39.66298882
t620,0.0,39.66232509,-0.0,0.0,0.0,0.0,0.0,0.0,0.0,-39.66232509
t621,0.0,39.67400019,-0.0,0.0,0.0,0.0,0.0,0.0,0.0,-39.67400019
t622,0.0,39.70726821,-0.0,0.0,0.0,0.0,0.0,0.0,0.0,-39.70726821
t623,0.0,39.70819777,-0.0,0.0,0.0,0.0,0.0,0.0,0.0,-39.70819777
t624,0.0,39.70207658,-0.0,0.0,0.0,0.0,0.0,0.0,0.0,-39.70207658
t625,0.0,39.91100335,-0.0,0.0,0.0,0.0,0.0,0.0,0.0,-39.91100335
t626,0.0,40.15016614,-0.0,0.0,0.0,0.0,0.0,0.0,0.0,-40.15016614
t627,0.0,40.27519491,-0.0,0.0,0.0,0.0,0.0,0.0,0.0,-40.27519491
t628,0.0,40.3808341,-0.0,0.0,0.0,0.0,0.0,0.0,0.0,-40.3808341
t629,0.0,40.53303293,-0.0,0.0,0.0,0.0,0.0,0.0,0.0,-40.53303293
t630,0.0,40.67774036,-0.0,0.0,0.0,0.0,0.0,0.0,0.0,-40.67774036
t631,0.0,40.95773408,-0.0,0.0,0.0,0.0,0.0,0.0,0.0,-40.95773408
t632,0.0,41.20182978,-0.0,0.0,0.0,0.0,0.0,0.0,0.0,-41.20182978
t633,0.0,41.46751843,-0.0,0.0,0.0,0.0,0.0,0.0,0.0,-41.46751843
t634,0.0,41.77947763,-0.0,0.0,0.0,0.0,0.0,0.0,0.0,-41.77947763
t635,0.0,42.15045884,-0.0,0.0,0.0,0.0,0.0,0.0,0.0,-42.15045884
t636,0.0,42.50821986,-0.0,0.0,0.0,0.0,0.0,0.0,0.0,-42.50821986
t637,0.0,43.09777439,-0.0,0.0,0.0,0.0,0.0,0.0,0.0,-43.09777439
t638,0.0,43.55382995,-0.0,0.0,0.0,0.0,0.0,0.0,0.0,-43.55382995
t639,0.0,43.93232724,-0.0,0.0,0.0,0.0,0.0,0.0,0.0,-43.93232724
t640,0.0,44.18875839,-0.0,0.0,0.0,0.0,0.0,0.0,0.0,-44.18875839
t641,0.0,44.38639607,-0.0,0.0,0.0,0.0,0.0,0.0,0.0,-44.38639607
t642,0.0,44.5280684,-0.0,0.0,0.0,0.0,0.0,0.0,0.0,-44.5280684
t643,0.0,44.76492589,-0.0,0.0,0.0,0.0,0.0,0.0,0.0,-44.76492589
t644,0.42974394455586434,44.530907425444134,-0.0,0.0,0.0,0.0,0.0,0.0,0.0,-44.96065137
t645,0.8594878891117287,44.12546754088827,-0.0,0.0,0.0,0.0,0.0,0.0,0.0,-44.98495543
t646,1.289231833667593,43.81212812633241,-0.0,0.0,0.0,0.0,0.0,0.0,0.0,-45.10135996
t647,1.7189757782234574,43.42855574177654,-0.0,0.0,0.0,0.0,0.0,0.0,0.0,-45.14753152
t648,2.1487197227793216,43.15074462722068,-0.0,0.0,0.0,0.0,0.0,0.0,0.0,-45.29946435
t649,2.578463667335186,43.19286140266482,-0.0,0.0,0.0,0.0,0.0,0.0,0.0,-45.77132507
t650,10.309194915387444,35.40954393461256,-0.0,0.0,0.0,0.0,0.0,0.0,0.0,-45.71873885
t651,18.039926163439702,27.297044476560295,-0.0,0.0,0.0,0.0,0.0,0.0,0.0,-45.33697064
t652,25.77065741149196,19.09729196850804,-0.0,0.0,0.0,0.0,0.0,0.0,0.0,-44.86794938
t653,33.501388468875454,10.948459461124543,-0.0,0.0,0.0,0.0,0.0,0.0,0.0,-44.44984793
t654,41.23211971692771,2.5378676230722874,-0.0,0.0,0.0,0.0,0.0,0.0,0.0,-43.76998734
t655,48.96285096497997,0.0,-5.25974948497997,0.0,0.0,0.0,0.0,0.0,0.0,-43.70310148
t656,45.594802009901805,0.0,-1.6915608699018065,0.0,0.0,0.0,0.0,0.0,0.0,-43.90324114
t657,42.22675286415486,1.7087318958451405,-0.0,0.0,0.0,0.0,0.0,0.0,0.0,-43.93548476
t658,38.858703909076695,5.150447650923304,-0.0,0.0,0.0,0.0,0.0,0.0,0.0,-44.00915156
t659,35.49065476332976,8.505600786670243,-0.0,0.0,0.0,0.0,0.0,0.0,0.0,-43.99625555
t660,32.12260580825159,11.787161501748407,-0.0,0.0,0.0,0.0,0.0,0.0,0.0,-43.90976731
t661,28.754556662504655,15.167432937495349,-0.0,0.0,0.0,0.0,0.0,0.0,0.0,-43.9219896
t662,30.049950338657975,12.673934201342025,-0.0,0.0,0.0,0.0,0.0,0.0,0.0,-42.72388454
t663,31.345344014811303,10.093623065188694,-0.0,0.0,0.0,0.0,0.0,0.0,0.0,-41.43896708
t664,32.64073788163339,7.442804228366612,-0.0,0.0,0.0,0.0,0.0,0.0,0.0,-40.08354211
t665,33.936131557786716,4.684778712213287,-0.0,0.0,0.0,0.0,0.0,0.0,0.0,-38.62091027
t666,35.23152523394004,2.05542943605996,-0.0,0.0,0.0,0.0,0.0,0.0,0.0,-37.28695467
t667,36.526918910093364,0.0,-0.5496828800933642,0.0,0.0,0.0,0.0,0.0,0.0,-35.97723603
t668,35.35831551,0.0,-0.0,0.0,0.0,0.0,0.0,0.0,0.0,-35.35831551
t669,34.55871948,0.0,-0.0,0.0,0.0,0.0,0.0,0.0,0.0,-34.55871948
t670,33.89396908,0.0,-0.0,0.0,0.0,0.0,0.0,0.0,0.0,-33.89396908
t671,50.01622477339092,0.0,-16.80002936339092,0.0,0.0,0.0,0.0,0.0,0.0,-33.21619541
t672,32.7940115,0.0,-0.0,0.0,0.0,0.0,0.0,0.0,0.0,-32.7940115
t673,56.760877800374075,0.0,-24.313695310374072,0.0,0.0,0.0,0.0,0.0,0.0,-32.44718249
t674,32.14821164,0.0,-0.0,0.0,0.0,0.0,0.0,0.0,0.0,-32.14821164
t675,31.75537766,0.0,-0.0,0.0,0.0,0.0,0.0,0.0,0.0,-31.75537766
t676,31.34139142,0.0,-0.0,0.0,0.0,0.0,0.0,0.0,0.0,-31.34139142
t677,76.03428386919245,0.0,-45.186030719192445,0.0,0.0,0.0,0.0,0.0,0.0,-30.84825315
t678,30.34101338,0.0,-0.0,0.0,0.0,0.0,0.0,0.0,0.0,-30.34101338
t679,29.91133187,0.0,-0.0,0.0,0.0,0.0,0.0,0.0,0.0,-29.91133187
t680,91.21311652925591,0.0,-61.64552870925591,0.0,0.0,0.0,0.0,0.0,0.0,-29.56758782
t681,29.23089452,0.0,-0.0,0.0,0.0,0.0,0.0,0.0,0.0,-29.23089452
t682,102.29737539922691,0.0,-73.4794104492269,0.0,0.0,0.0,0.0,0.0,0.0,-28.81796495
t683,28.46618111,0.0,-0.0,0.0,0.0,0.0,0.0,0.0,0.0,-28.46618111
t684,113.3816342691979,0.0,-85.3298124091979,0.0,0.0,0.0,0.0,0.0,0.0,-28.05182186
t685,27.82122282,0.0,-0.0,0.0,0.0,0.0,0.0,0.0,0.0,-27.82122282
t686,27.60119887,0.0,-0.0,0.0,0.0,0.0,0.0,0.0,0.0,-27.60119887
t687,134.0775320970488,0.0,-106.84398230704879,0.0,0.0,0.0,0.0,0.0,0.0,-27.23354979
t688,141.65441653181745,0.0,-114.63119589181744,0.0,0.0,0.0,0.0,0.0,0.0,-27.02322064
t689,26.67566206,0.0,-0.0,0.0,0.0,0.0,0.0,0.0,0.0,-26.67566206
t690,26.39684834,0.0,-0.0,0.0,0.0,0.0,0.0,0.0,0.0,-26.39684834
t691,164.38506926411705,0.0,-138.23927231411704,0.0,0.0,0.0,0.0,0.0,0.0,-26.14579695
t692,164.40440574627345,0.0,-138.50385305627344,0.0,0.0,0.0,0.0,0.0,0.0,-25.90055269
t693,25.40676942,0.0,-0.0,0.0,0.0,0.0,0.0,0.0,0.0,-25.40676942
t694,164.44307851991746,0.0,-139.27406192991748,0.0,0.0,0.0,0.0,0.0,0.0,-25.16901659
t695,164.46241500207384,0.0,-139.63023111207383,0.0,0.0,0.0,0.0,0.0,0.0,-24.83218389
t696,164.48175129356144,0.0,-139.92294332356144,0.0,0.0,0.0,0.0,0.0,0.0,-24.55880797
t697,164.50108777571785,0.0,-140.12091125571786,0.0,0.0,0.0,0.0,0.0,0.0,-24.38017652
t698,24.26659666,0.0,-0.0,0.0,0.0,0.0,0.0,0.0,0.0,-24.26659666
t699,164.26756830286666,0.0,-140.24675312286666,0.0,0.0,0.0,0.0,0.0,0.0,-24.02081518
t700,23.78164379,0.0,-0.0,0.0,0.0,0.0,0.0,0.0,0.0,-23.78164379
t701,164.03404902068422,0.0,-140.54173953068423,0.0,0.0,0.0,0.0,0.0,0.0,-23.49230949
t702,163.9172891889243,0.0,-140.67289084892428,0.0,0.0,0.0,0.0,0.0,0.0,-23.24439834
t703,163.80052954783307,0.0,-140.75248371783306,0.0,0.0,0.0,0.0,0.0,0.0,-23.04804583
t704,22.88278669,0.0,-0.0,0.0,0.0,0.0,0.0,0.0,0.0,-22.88278669
t705,163.36269476489372,0.0,-140.6213709148937,0.0,0.0,0.0,0.0,0.0,0.0,-22.74132385
t706,163.1437774687584,0.0,-140.4764936487584,0.0,0.0,0.0,0.0,0.0,0.0,-22.66728382
t707,162.92486017262308,0.0,-140.4443274126231,0.0,0.0,0.0,0.0,0.0,0.0,-22.48053276
t708,22.32903546,0.0,-0.0,0.0,0.0,0.0,0.0,0.0,0.0,-22.32903546
t709,22.29255354,0.0,-0.0,0.0,0.0,0.0,0.0,0.0,0.0,-22.29255354
t710,112.06133486048415,0.0,-89.74282484048415,0.0,0.0,0.0,0.0,0.0,0.0,-22.31851002
t711,162.25927936704352,0.0,-139.98003232704352,0.0,0.0,0.0,0.0,0.0,0.0,-22.27924704
t712,22.29374605,0.0,-0.0,0.0,0.0,0.0,0.0,0.0,0.0,-22.29374605
t713,162.03153353507207,0.0,-139.88499039507207,0.0,0.0,0.0,0.0,0.0,0.0,-22.14654314
t714,161.9176604284176,0.0,-139.8724903184176,0.0,0.0,0.0,0.0,0.0,0.0,-22.04517011
t715,161.80378751243185,0.0,-139.79917768243186,0.0,0.0,0.0,0.0,0.0,0.0,-22.00460983
t716,161.94374486884402,0.0,-139.831650228844,0.0,0.0,0.0,0.0,0.0,0.0,-22.11209464
t717,162.0837020345874,0.0,-139.93374878458738,0.0,0.0,0.0,0.0,0.0,0.0,-22.14995325
t718,162.2236593909995,0.0,-140.0076445109995,0.0,0.0,0.0,0.0,0.0,0.0,-22.21601488
t719,162.3636165567429,0.0,-139.9836104767429,0.0,0.0,0.0,0.0,0.0,0.0,-22.38000608
t720,162.503573913155,0.0,-140.063575233155,0.0,0.0,0.0,0.0,0.0,0.0,-22.43999868
